mc	mn	quarterbeats	quarterbeats_all_endings	duration_qb	volta	mc_onset	mn_onset	event	timesig	staff	voice	duration	nominal_duration	scalar	chord_id	dynamics	articulation	staff_text	slur
1	0	0	0	0.0		0	3/8	StaffText	3/4	1	1	0						<b>Allegro</b>	
1	0	0	0	0.0		0	3/8	Dynamic	3/4	1	1	0				p			
1	0	0	0	1.0		0	3/8	Chord	3/4	1	1	1/4	1/4	1	0				
1	0	1	1	0.0		1/4	5/8	Dynamic	3/4	1	1	0				sf			
1	0	1	1	0.5		1/4	5/8	Chord	3/4	1	1	1/8	1/8	1	1				
1	0	0	0	0.0		0	3/8	Dynamic	3/4	2	1	0				p			
1	0	0	0	1.0		0	3/8	Chord	3/4	2	1	1/4	1/4	1	2				
1	0	1	1	0.0		1/4	5/8	Dynamic	3/4	2	1	0				sf			
1	0	1	1	0.5		1/4	5/8	Chord	3/4	2	1	1/8	1/8	1	3				
1	0	0	0	0.0		0	3/8	Dynamic	3/4	3	1	0				p			
1	0	0	0	0.5		0	3/8	Chord	3/4	3	1	1/8	1/8	1	4		articStaccatoAbove		
1	0	1/2	1/2	0.5		1/8	1/2	Chord	3/4	3	1	1/8	1/8	1	5		articStaccatoAbove		
1	0	1	1	0.5		1/4	5/8	Chord	3/4	3	1	1/8	1/8	1	6		articStaccatoAbove		
1	0	0	0	0.0		0	3/8	Dynamic	3/4	4	1	0				p			
1	0	0	0	0.5		0	3/8	Chord	3/4	4	1	1/8	1/8	1	7		articStaccatoAbove		
1	0	1/2	1/2	0.5		1/8	1/2	Chord	3/4	4	1	1/8	1/8	1	8		articStaccatoAbove		
1	0	1	1	0.5		1/4	5/8	Chord	3/4	4	1	1/8	1/8	1	9		articStaccatoAbove		
2	1	3/2	3/2	0.5		0	0	Chord	3/4	1	1	1/8	1/8	1	10				
2	1	2	2	0.5		1/8	1/8	Chord	3/4	1	1	1/8	1/8	1	11		articStaccatoAbove		
2	1	5/2	5/2	0.5		1/4	1/4	Chord	3/4	1	1	1/8	1/8	1	12		articStaccatoAbove		
2	1	3	3	0.5		3/8	3/8	Chord	3/4	1	1	1/8	1/8	1	13		articStaccatoAbove		
2	1	7/2	7/2	0.5		1/2	1/2	Chord	3/4	1	1	1/8	1/8	1	14		articStaccatoAbove		
2	1	4	4	0.0		5/8	5/8	Dynamic	3/4	1	1	0				sf			
2	1	4	4	0.5		5/8	5/8	Chord	3/4	1	1	1/8	1/8	1	15				
2	1	3/2	3/2	0.5		0	0	Chord	3/4	2	1	1/8	1/8	1	16				
2	1	2	2	0.5		1/8	1/8	Chord	3/4	2	1	1/8	1/8	1	17		articStaccatoAbove		
2	1	5/2	5/2	0.5		1/4	1/4	Chord	3/4	2	1	1/8	1/8	1	18		articStaccatoAbove		
2	1	3	3	0.5		3/8	3/8	Chord	3/4	2	1	1/8	1/8	1	19		articStaccatoBelow		
2	1	7/2	7/2	0.5		1/2	1/2	Chord	3/4	2	1	1/8	1/8	1	20		articStaccatoBelow		
2	1	4	4	0.0		5/8	5/8	Dynamic	3/4	2	1	0				sf			
2	1	4	4	0.5		5/8	5/8	Chord	3/4	2	1	1/8	1/8	1	21				
2	1	3/2	3/2	1.0		0	0	Chord	3/4	3	1	1/4	1/4	1	22				
2	1	3	3	0.5		3/8	3/8	Chord	3/4	3	1	1/8	1/8	1	23		articStaccatoAbove		
2	1	7/2	7/2	0.5		1/2	1/2	Chord	3/4	3	1	1/8	1/8	1	24		articStaccatoAbove		
2	1	4	4	0.5		5/8	5/8	Chord	3/4	3	1	1/8	1/8	1	25		articStaccatoAbove		
2	1	3/2	3/2	1.0		0	0	Chord	3/4	4	1	1/4	1/4	1	26				
2	1	3	3	0.5		3/8	3/8	Chord	3/4	4	1	1/8	1/8	1	27		articStaccatoBelow		
2	1	7/2	7/2	0.5		1/2	1/2	Chord	3/4	4	1	1/8	1/8	1	28		articStaccatoBelow		
2	1	4	4	0.5		5/8	5/8	Chord	3/4	4	1	1/8	1/8	1	29		articStaccatoBelow		
3	2	9/2	9/2	0.5		0	0	Chord	3/4	1	1	1/8	1/8	1	30				
3	2	5	5	0.5		1/8	1/8	Chord	3/4	1	1	1/8	1/8	1	31		articStaccatoAbove		
3	2	11/2	11/2	0.5		1/4	1/4	Chord	3/4	1	1	1/8	1/8	1	32		articStaccatoAbove		
3	2	6	6	0.5		3/8	3/8	Chord	3/4	1	1	1/8	1/8	1	33		articStaccatoAbove		
3	2	13/2	13/2	0.5		1/2	1/2	Chord	3/4	1	1	1/8	1/8	1	34		articStaccatoAbove		
3	2	7	7	0.0		5/8	5/8	Dynamic	3/4	1	1	0				sf			
3	2	7	7	0.5		5/8	5/8	Chord	3/4	1	1	1/8	1/8	1	35				
3	2	9/2	9/2	0.5		0	0	Chord	3/4	2	1	1/8	1/8	1	36				
3	2	5	5	0.5		1/8	1/8	Chord	3/4	2	1	1/8	1/8	1	37		articStaccatoBelow		
3	2	11/2	11/2	0.5		1/4	1/4	Chord	3/4	2	1	1/8	1/8	1	38		articStaccatoBelow		
3	2	6	6	0.5		3/8	3/8	Chord	3/4	2	1	1/8	1/8	1	39		articStaccatoBelow		
3	2	13/2	13/2	0.5		1/2	1/2	Chord	3/4	2	1	1/8	1/8	1	40		articStaccatoBelow		
3	2	7	7	0.0		5/8	5/8	Dynamic	3/4	2	1	0				sf			
3	2	7	7	0.5		5/8	5/8	Chord	3/4	2	1	1/8	1/8	1	41				
3	2	9/2	9/2	1.0		0	0	Chord	3/4	3	1	1/4	1/4	1	42				
3	2	6	6	0.5		3/8	3/8	Chord	3/4	3	1	1/8	1/8	1	43		articStaccatoAbove		
3	2	13/2	13/2	0.5		1/2	1/2	Chord	3/4	3	1	1/8	1/8	1	44		articStaccatoAbove		
3	2	7	7	0.5		5/8	5/8	Chord	3/4	3	1	1/8	1/8	1	45		articStaccatoAbove		
3	2	9/2	9/2	1.0		0	0	Chord	3/4	4	1	1/4	1/4	1	46				
3	2	6	6	0.5		3/8	3/8	Chord	3/4	4	1	1/8	1/8	1	47		articStaccatoAbove		
3	2	13/2	13/2	0.5		1/2	1/2	Chord	3/4	4	1	1/8	1/8	1	48		articStaccatoAbove		
3	2	7	7	0.5		5/8	5/8	Chord	3/4	4	1	1/8	1/8	1	49		articStaccatoAbove		
4	3	15/2	15/2	0.5		0	0	Chord	3/4	1	1	1/8	1/8	1	50				
4	3	8	8	0.5		1/8	1/8	Chord	3/4	1	1	1/8	1/8	1	51		articStaccatoAbove		
4	3	17/2	17/2	0.5		1/4	1/4	Chord	3/4	1	1	1/8	1/8	1	52		articStaccatoAbove		
4	3	9	9	0.5		3/8	3/8	Chord	3/4	1	1	1/8	1/8	1	53		articStaccatoAbove		
4	3	19/2	19/2	0.5		1/2	1/2	Chord	3/4	1	1	1/8	1/8	1	54		articStaccatoAbove		
4	3	10	10	0.5		5/8	5/8	Chord	3/4	1	1	1/8	1/8	1	55		articStaccatoAbove		
4	3	15/2	15/2	0.5		0	0	Chord	3/4	2	1	1/8	1/8	1	56				
4	3	8	8	0.5		1/8	1/8	Chord	3/4	2	1	1/8	1/8	1	57		articStaccatoBelow		
4	3	17/2	17/2	0.5		1/4	1/4	Chord	3/4	2	1	1/8	1/8	1	58		articStaccatoBelow		
4	3	9	9	0.5		3/8	3/8	Chord	3/4	2	1	1/8	1/8	1	59		articStaccatoBelow		
4	3	19/2	19/2	0.5		1/2	1/2	Chord	3/4	2	1	1/8	1/8	1	60		articStaccatoBelow		
4	3	10	10	0.5		5/8	5/8	Chord	3/4	2	1	1/8	1/8	1	61		articStaccatoBelow		
4	3	15/2	15/2	1.0		0	0	Chord	3/4	3	1	1/4	1/4	1	62				
4	3	9	9	0.5		3/8	3/8	Chord	3/4	3	1	1/8	1/8	1	63		articStaccatoAbove		
4	3	19/2	19/2	0.5		1/2	1/2	Chord	3/4	3	1	1/8	1/8	1	64		articStaccatoAbove		
4	3	10	10	0.5		5/8	5/8	Chord	3/4	3	1	1/8	1/8	1	65		articStaccatoAbove		
4	3	15/2	15/2	1.0		0	0	Chord	3/4	4	1	1/4	1/4	1	66				
4	3	9	9	0.5		3/8	3/8	Chord	3/4	4	1	1/8	1/8	1	67		articStaccatoBelow		
4	3	19/2	19/2	0.5		1/2	1/2	Chord	3/4	4	1	1/8	1/8	1	68		articStaccatoBelow		
4	3	10	10	0.5		5/8	5/8	Chord	3/4	4	1	1/8	1/8	1	69		articStaccatoBelow		
5	4	21/2	21/2	1.0		0	0	Chord	3/4	1	1	1/4	1/4	1	70				
5	4	12	12	1.0		3/8	3/8	Chord	3/4	1	1	1/4	1/4	1	71				
5	4	13	13	0.0		5/8	5/8	Dynamic	3/4	1	1	0				sf			
5	4	13	13	0.5		5/8	5/8	Chord	3/4	1	1	1/8	1/8	1	72				
5	4	21/2	21/2	1.0		0	0	Chord	3/4	2	1	1/4	1/4	1	73				
5	4	12	12	1.0		3/8	3/8	Chord	3/4	2	1	1/4	1/4	1	74				
5	4	13	13	0.0		5/8	5/8	Dynamic	3/4	2	1	0				sf			
5	4	13	13	0.5		5/8	5/8	Chord	3/4	2	1	1/8	1/8	1	75				
5	4	21/2	21/2	1.0		0	0	Chord	3/4	3	1	1/4	1/4	1	76				
5	4	12	12	0.5		3/8	3/8	Chord	3/4	3	1	1/8	1/8	1	77		articStaccatoAbove		
5	4	25/2	25/2	0.5		1/2	1/2	Chord	3/4	3	1	1/8	1/8	1	78		articStaccatoAbove		
5	4	13	13	0.5		5/8	5/8	Chord	3/4	3	1	1/8	1/8	1	79		articStaccatoAbove		
5	4	21/2	21/2	0.5		0	0	Chord	3/4	4	1	1/8	1/8	1	80				
5	4	11	11	0.5		1/8	1/8	Chord	3/4	4	1	1/8	1/8	1	81				
5	4	23/2	23/2	0.5		1/4	1/4	Chord	3/4	4	1	1/8	1/8	1	82				
6	5	27/2	27/2	0.5		0	0	Chord	3/4	1	1	1/8	1/8	1	83				
6	5	14	14	0.5		1/8	1/8	Chord	3/4	1	1	1/8	1/8	1	84		articStaccatoAbove		
6	5	29/2	29/2	0.5		1/4	1/4	Chord	3/4	1	1	1/8	1/8	1	85		articStaccatoAbove		
6	5	15	15	1.0		3/8	3/8	Chord	3/4	1	1	1/4	1/4	1	86				
6	5	16	16	0.0		5/8	5/8	Dynamic	3/4	1	1	0				sf			
6	5	16	16	0.5		5/8	5/8	Chord	3/4	1	1	1/8	1/8	1	87				
6	5	27/2	27/2	0.5		0	0	Chord	3/4	2	1	1/8	1/8	1	88				
6	5	14	14	0.5		1/8	1/8	Chord	3/4	2	1	1/8	1/8	1	89		articStaccatoAbove		
6	5	29/2	29/2	0.5		1/4	1/4	Chord	3/4	2	1	1/8	1/8	1	90		articStaccatoAbove		
6	5	15	15	1.0		3/8	3/8	Chord	3/4	2	1	1/4	1/4	1	91				
6	5	16	16	0.0		5/8	5/8	Dynamic	3/4	2	1	0				sf			
6	5	16	16	0.5		5/8	5/8	Chord	3/4	2	1	1/8	1/8	1	92				
6	5	27/2	27/2	1.0		0	0	Chord	3/4	3	1	1/4	1/4	1	93				
6	5	15	15	0.5		3/8	3/8	Chord	3/4	3	1	1/8	1/8	1	94		articStaccatoBelow		
6	5	31/2	31/2	0.5		1/2	1/2	Chord	3/4	3	1	1/8	1/8	1	95		articStaccatoBelow		
6	5	16	16	0.5		5/8	5/8	Chord	3/4	3	1	1/8	1/8	1	96		articStaccatoBelow		
6	5	15	15	0.5		3/8	3/8	Chord	3/4	4	1	1/8	1/8	1	97		articStaccatoAbove		
6	5	31/2	31/2	0.5		1/2	1/2	Chord	3/4	4	1	1/8	1/8	1	98		articStaccatoAbove		
6	5	16	16	0.5		5/8	5/8	Chord	3/4	4	1	1/8	1/8	1	99		articStaccatoAbove		
7	6	33/2	33/2	0.5		0	0	Chord	3/4	1	1	1/8	1/8	1	100				
7	6	17	17	0.5		1/8	1/8	Chord	3/4	1	1	1/8	1/8	1	101		articStaccatoAbove		
7	6	35/2	35/2	0.5		1/4	1/4	Chord	3/4	1	1	1/8	1/8	1	102		articStaccatoAbove		
7	6	18	18	0.0		3/8	3/8	Dynamic	3/4	1	1	0				p			
7	6	18	18	1.0		3/8	3/8	Chord	3/4	1	1	1/4	1/4	1	103				
7	6	19	19	0.5		5/8	5/8	Chord	3/4	1	1	1/8	1/8	1	104				
7	6	33/2	33/2	1.0		0	0	Chord	3/4	2	1	1/4	1/4	1	105				
7	6	18	18	0.0		3/8	3/8	Dynamic	3/4	2	1	0				p			
7	6	18	18	1.0		3/8	3/8	Chord	3/4	2	1	1/4	1/4	1	106				
7	6	19	19	0.5		5/8	5/8	Chord	3/4	2	1	1/8	1/8	1	107				
7	6	33/2	33/2	1.0		0	0	Chord	3/4	3	1	1/4	1/4	1	108				
7	6	18	18	0.0		3/8	3/8	Dynamic	3/4	3	1	0				p			
7	6	18	18	0.5		3/8	3/8	Chord	3/4	3	1	1/8	1/8	1	109		articStaccatoAbove		
7	6	37/2	37/2	0.5		1/2	1/2	Chord	3/4	3	1	1/8	1/8	1	110		articStaccatoAbove		
7	6	19	19	0.5		5/8	5/8	Chord	3/4	3	1	1/8	1/8	1	111		articStaccatoAbove		
7	6	33/2	33/2	1.0		0	0	Chord	3/4	4	1	1/4	1/4	1	112				
7	6	18	18	0.0		3/8	3/8	Dynamic	3/4	4	1	0				p			
7	6	18	18	0.5		3/8	3/8	Chord	3/4	4	1	1/8	1/8	1	113		articStaccatoAbove		
7	6	37/2	37/2	0.5		1/2	1/2	Chord	3/4	4	1	1/8	1/8	1	114		articStaccatoAbove		
7	6	19	19	0.5		5/8	5/8	Chord	3/4	4	1	1/8	1/8	1	115		articStaccatoAbove		
8	7	39/2	39/2	0.5		0	0	Chord	3/4	1	1	1/8	1/8	1	116				
8	7	20	20	1.0		1/8	1/8	Chord	3/4	1	1	1/4	1/4	1	117				
8	7	21	21	1.0		3/8	3/8	Chord	3/4	1	1	1/4	1/4	1	118				
8	7	22	22	0.5		5/8	5/8	Chord	3/4	1	1	1/8	1/8	1	119				
8	7	39/2	39/2	0.5		0	0	Chord	3/4	2	1	1/8	1/8	1	120				
8	7	20	20	1.0		1/8	1/8	Chord	3/4	2	1	1/4	1/4	1	121				
8	7	21	21	1.0		3/8	3/8	Chord	3/4	2	1	1/4	1/4	1	122				
8	7	22	22	0.5		5/8	5/8	Chord	3/4	2	1	1/8	1/8	1	123				
8	7	39/2	39/2	0.5		0	0	Chord	3/4	3	1	1/8	1/8	1	124				
8	7	20	20	1.0		1/8	1/8	Chord	3/4	3	1	1/4	1/4	1	125				
8	7	21	21	1.0		3/8	3/8	Chord	3/4	3	1	1/4	1/4	1	126				
8	7	22	22	0.5		5/8	5/8	Chord	3/4	3	1	1/8	1/8	1	127				
8	7	39/2	39/2	0.5		0	0	Chord	3/4	4	1	1/8	1/8	1	128				
8	7	20	20	0.5		1/8	1/8	Chord	3/4	4	1	1/8	1/8	1	129				
8	7	41/2	41/2	0.5		1/4	1/4	Chord	3/4	4	1	1/8	1/8	1	130				
8	7	21	21	0.5		3/8	3/8	Chord	3/4	4	1	1/8	1/8	1	131				
8	7	43/2	43/2	0.5		1/2	1/2	Chord	3/4	4	1	1/8	1/8	1	132				
8	7	22	22	0.5		5/8	5/8	Chord	3/4	4	1	1/8	1/8	1	133				
9	8	45/2	45/2	0.5		0	0	Chord	3/4	1	1	1/8	1/8	1	134				
9	8	23	23	0.5		1/8	1/8	Chord	3/4	1	1	1/8	1/8	1	135				
9	8	47/2	47/2	0.5		1/4	1/4	Chord	3/4	1	1	1/8	1/8	1	136				
9	8	45/2	45/2	1.0		0	0	Chord	3/4	2	1	1/4	1/4	1	137				
9	8	45/2	45/2	1.0		0	0	Chord	3/4	3	1	1/4	1/4	1	138				
9	8	45/2	45/2	1.0		0	0	Chord	3/4	4	1	1/4	1/4	1	139				
10	8	24	24	0.0		0	3/8	Dynamic	3/4	1	1	0				f			
10	8	24	24	1.0		0	3/8	Chord	3/4	1	1	1/4	1/4	1	140				
10	8	25	25	0.5		1/4	5/8	Chord	3/4	1	1	1/8	1/8	1	141				
10	8	24	24	0.0		0	3/8	Dynamic	3/4	2	1	0				f			
10	8	24	24	1.0		0	3/8	Chord	3/4	2	1	1/4	1/4	1	142				
10	8	25	25	0.5		1/4	5/8	Chord	3/4	2	1	1/8	1/8	1	143				
10	8	24	24	0.0		0	3/8	Dynamic	3/4	3	1	0				f			
10	8	24	24	0.5		0	3/8	Chord	3/4	3	1	1/8	1/8	1	144				
10	8	49/2	49/2	0.5		1/8	1/2	Chord	3/4	3	1	1/8	1/8	1	145				
10	8	25	25	0.5		1/4	5/8	Chord	3/4	3	1	1/8	1/8	1	146				
10	8	24	24	0.0		0	3/8	Dynamic	3/4	4	1	0				f			
10	8	24	24	0.5		0	3/8	Chord	3/4	4	1	1/8	1/8	1	147				
10	8	49/2	49/2	0.5		1/8	1/2	Chord	3/4	4	1	1/8	1/8	1	148				
10	8	25	25	0.5		1/4	5/8	Chord	3/4	4	1	1/8	1/8	1	149				
11	9	51/2	51/2	0.5		0	0	Chord	3/4	1	1	1/8	1/8	1	150				
11	9	26	26	0.5		1/8	1/8	Chord	3/4	1	1	1/8	1/8	1	151		articStaccatoAbove		
11	9	53/2	53/2	0.5		1/4	1/4	Chord	3/4	1	1	1/8	1/8	1	152		articStaccatoAbove		
11	9	27	27	0.0		3/8	3/8	Dynamic	3/4	1	1	0				p			
11	9	27	27	1.0		3/8	3/8	Chord	3/4	1	1	1/4	1/4	1	153				
11	9	28	28	0.5		5/8	5/8	Chord	3/4	1	1	1/8	1/8	1	154				
11	9	51/2	51/2	0.5		0	0	Chord	3/4	2	1	1/8	1/8	1	155				
11	9	26	26	0.5		1/8	1/8	Chord	3/4	2	1	1/8	1/8	1	156		articStaccatoBelow		
11	9	53/2	53/2	0.5		1/4	1/4	Chord	3/4	2	1	1/8	1/8	1	157		articStaccatoBelow		
11	9	27	27	0.0		3/8	3/8	Dynamic	3/4	2	1	0				p			
11	9	27	27	0.5		3/8	3/8	Chord	3/4	2	1	1/8	1/8	1	158				
11	9	55/2	55/2	0.5		1/2	1/2	Chord	3/4	2	1	1/8	1/8	1	159				
11	9	28	28	0.5		5/8	5/8	Chord	3/4	2	1	1/8	1/8	1	160				
11	9	51/2	51/2	1.0		0	0	Chord	3/4	3	1	1/4	1/4	1	161				
11	9	27	27	0.0		3/8	3/8	Dynamic	3/4	3	1	0				p			
11	9	27	27	0.5		3/8	3/8	Chord	3/4	3	1	1/8	1/8	1	162				
11	9	55/2	55/2	0.5		1/2	1/2	Chord	3/4	3	1	1/8	1/8	1	163				
11	9	28	28	0.5		5/8	5/8	Chord	3/4	3	1	1/8	1/8	1	164				
11	9	51/2	51/2	1.0		0	0	Chord	3/4	4	1	1/4	1/4	1	165				
12	10	57/2	57/2	0.5		0	0	Chord	3/4	1	1	1/8	1/8	1	166				
12	10	29	29	0.5		1/8	1/8	Chord	3/4	1	1	1/8	1/8	1	167		articStaccatoAbove		
12	10	59/2	59/2	0.5		1/4	1/4	Chord	3/4	1	1	1/8	1/8	1	168		articStaccatoAbove		
12	10	30	30	0.0		3/8	3/8	Dynamic	3/4	1	1	0				f			
12	10	30	30	1.0		3/8	3/8	Chord	3/4	1	1	1/4	1/4	1	169				
12	10	31	31	0.5		5/8	5/8	Chord	3/4	1	1	1/8	1/8	1	170				
12	10	57/2	57/2	1.0		0	0	Chord	3/4	2	1	1/4	1/4	1	171				
12	10	30	30	0.0		3/8	3/8	Dynamic	3/4	2	1	0				f			
12	10	30	30	1.0		3/8	3/8	Chord	3/4	2	1	1/4	1/4	1	172				
12	10	31	31	0.5		5/8	5/8	Chord	3/4	2	1	1/8	1/8	1	173				
12	10	57/2	57/2	1.0		0	0	Chord	3/4	3	1	1/4	1/4	1	174				
12	10	30	30	0.0		3/8	3/8	Dynamic	3/4	3	1	0				f			
12	10	30	30	0.5		3/8	3/8	Chord	3/4	3	1	1/8	1/8	1	175				
12	10	61/2	61/2	0.5		1/2	1/2	Chord	3/4	3	1	1/8	1/8	1	176				
12	10	31	31	0.5		5/8	5/8	Chord	3/4	3	1	1/8	1/8	1	177				
12	10	30	30	0.0		3/8	3/8	Dynamic	3/4	4	1	0				f			
12	10	30	30	0.5		3/8	3/8	Chord	3/4	4	1	1/8	1/8	1	178				
12	10	61/2	61/2	0.5		1/2	1/2	Chord	3/4	4	1	1/8	1/8	1	179				
12	10	31	31	0.5		5/8	5/8	Chord	3/4	4	1	1/8	1/8	1	180				
13	11	63/2	63/2	0.5		0	0	Chord	3/4	1	1	1/8	1/8	1	181				
13	11	32	32	0.5		1/8	1/8	Chord	3/4	1	1	1/8	1/8	1	182		articStaccatoAbove		
13	11	65/2	65/2	0.5		1/4	1/4	Chord	3/4	1	1	1/8	1/8	1	183		articStaccatoAbove		
13	11	33	33	0.0		3/8	3/8	Dynamic	3/4	1	1	0				p			
13	11	33	33	1.0		3/8	3/8	Chord	3/4	1	1	1/4	1/4	1	184				
13	11	34	34	0.5		5/8	5/8	Chord	3/4	1	1	1/8	1/8	1	185		articStaccatoAbove		
13	11	63/2	63/2	0.5		0	0	Chord	3/4	2	1	1/8	1/8	1	186				
13	11	32	32	0.5		1/8	1/8	Chord	3/4	2	1	1/8	1/8	1	187		articStaccatoBelow		
13	11	65/2	65/2	0.5		1/4	1/4	Chord	3/4	2	1	1/8	1/8	1	188		articStaccatoBelow		
13	11	33	33	0.0		3/8	3/8	Dynamic	3/4	2	1	0				p			
13	11	33	33	0.5		3/8	3/8	Chord	3/4	2	1	1/8	1/8	1	189		articStaccatoBelow		
13	11	67/2	67/2	0.5		1/2	1/2	Chord	3/4	2	1	1/8	1/8	1	190		articStaccatoBelow		
13	11	34	34	0.5		5/8	5/8	Chord	3/4	2	1	1/8	1/8	1	191		articStaccatoBelow		
13	11	63/2	63/2	1.0		0	0	Chord	3/4	3	1	1/4	1/4	1	192				
13	11	33	33	0.0		3/8	3/8	Dynamic	3/4	3	1	0				p			
13	11	33	33	0.5		3/8	3/8	Chord	3/4	3	1	1/8	1/8	1	193		articStaccatoAbove		
13	11	67/2	67/2	0.5		1/2	1/2	Chord	3/4	3	1	1/8	1/8	1	194		articStaccatoAbove		
13	11	34	34	0.5		5/8	5/8	Chord	3/4	3	1	1/8	1/8	1	195		articStaccatoAbove		
13	11	63/2	63/2	1.0		0	0	Chord	3/4	4	1	1/4	1/4	1	196				
14	12	69/2	69/2	0.5		0	0	Chord	3/4	1	1	1/8	1/8	1	197		articStaccatoAbove		
14	12	35	35	0.5		1/8	1/8	Chord	3/4	1	1	1/8	1/8	1	198		articStaccatoAbove		
14	12	71/2	71/2	0.5		1/4	1/4	Chord	3/4	1	1	1/8	1/8	1	199		articStaccatoAbove		
14	12	36	36	0.0		3/8	3/8	StaffText	3/4	1	1	0						cresc.	
14	12	36	36	0.5		3/8	3/8	Chord	3/4	1	1	1/8	1/8	1	200		articStaccatoAbove		
14	12	73/2	73/2	0.5		1/2	1/2	Chord	3/4	1	1	1/8	1/8	1	201		articStaccatoAbove		
14	12	37	37	0.5		5/8	5/8	Chord	3/4	1	1	1/8	1/8	1	202		articStaccatoAbove		
14	12	69/2	69/2	0.5		0	0	Chord	3/4	2	1	1/8	1/8	1	203		articStaccatoBelow		
14	12	35	35	0.5		1/8	1/8	Chord	3/4	2	1	1/8	1/8	1	204		articStaccatoBelow		
14	12	71/2	71/2	0.5		1/4	1/4	Chord	3/4	2	1	1/8	1/8	1	205		articStaccatoBelow		
14	12	36	36	0.0		3/8	3/8	StaffText	3/4	2	1	0						cresc.	
14	12	36	36	0.5		3/8	3/8	Chord	3/4	2	1	1/8	1/8	1	206		articStaccatoBelow		
14	12	73/2	73/2	0.5		1/2	1/2	Chord	3/4	2	1	1/8	1/8	1	207		articStaccatoBelow		
14	12	37	37	0.5		5/8	5/8	Chord	3/4	2	1	1/8	1/8	1	208		articStaccatoBelow		
14	12	69/2	69/2	0.5		0	0	Chord	3/4	3	1	1/8	1/8	1	209		articStaccatoAbove		
14	12	35	35	0.5		1/8	1/8	Chord	3/4	3	1	1/8	1/8	1	210		articStaccatoAbove		
14	12	71/2	71/2	0.5		1/4	1/4	Chord	3/4	3	1	1/8	1/8	1	211		articStaccatoAbove		
14	12	36	36	0.0		3/8	3/8	StaffText	3/4	3	1	0						cresc.	
14	12	36	36	0.5		3/8	3/8	Chord	3/4	3	1	1/8	1/8	1	212		articStaccatoAbove		
14	12	73/2	73/2	0.5		1/2	1/2	Chord	3/4	3	1	1/8	1/8	1	213		articStaccatoAbove		
14	12	37	37	0.5		5/8	5/8	Chord	3/4	3	1	1/8	1/8	1	214		articStaccatoAbove		
15	13	75/2	75/2	0.5		0	0	Chord	3/4	1	1	1/8	1/8	1	215		articStaccatoAbove		
15	13	38	38	0.5		1/8	1/8	Chord	3/4	1	1	1/8	1/8	1	216		articStaccatoAbove		
15	13	77/2	77/2	0.5		1/4	1/4	Chord	3/4	1	1	1/8	1/8	1	217		articStaccatoAbove		
15	13	39	39	0.5		3/8	3/8	Chord	3/4	1	1	1/8	1/8	1	218		articStaccatoAbove		
15	13	79/2	79/2	0.5		1/2	1/2	Chord	3/4	1	1	1/8	1/8	1	219		articStaccatoAbove		
15	13	40	40	0.5		5/8	5/8	Chord	3/4	1	1	1/8	1/8	1	220		articStaccatoAbove		
15	13	75/2	75/2	0.5		0	0	Chord	3/4	2	1	1/8	1/8	1	221		articStaccatoBelow		
15	13	38	38	0.5		1/8	1/8	Chord	3/4	2	1	1/8	1/8	1	222		articStaccatoBelow		
15	13	77/2	77/2	0.5		1/4	1/4	Chord	3/4	2	1	1/8	1/8	1	223		articStaccatoBelow		
15	13	39	39	0.5		3/8	3/8	Chord	3/4	2	1	1/8	1/8	1	224		articStaccatoBelow		
15	13	79/2	79/2	0.5		1/2	1/2	Chord	3/4	2	1	1/8	1/8	1	225		articStaccatoBelow		
15	13	40	40	0.5		5/8	5/8	Chord	3/4	2	1	1/8	1/8	1	226		articStaccatoBelow		
15	13	75/2	75/2	0.5		0	0	Chord	3/4	3	1	1/8	1/8	1	227		articStaccatoAbove		
15	13	38	38	0.5		1/8	1/8	Chord	3/4	3	1	1/8	1/8	1	228		articStaccatoAbove		
15	13	77/2	77/2	0.5		1/4	1/4	Chord	3/4	3	1	1/8	1/8	1	229		articStaccatoAbove		
15	13	39	39	0.5		3/8	3/8	Chord	3/4	3	1	1/8	1/8	1	230		articStaccatoAbove		
15	13	79/2	79/2	0.5		1/2	1/2	Chord	3/4	3	1	1/8	1/8	1	231		articStaccatoAbove		
15	13	40	40	0.5		5/8	5/8	Chord	3/4	3	1	1/8	1/8	1	232		articStaccatoAbove		
15	13	39	39	0.0		3/8	3/8	StaffText	3/4	4	1	0						cresc.	
15	13	39	39	0.5		3/8	3/8	Chord	3/4	4	1	1/8	1/8	1	233		articStaccatoBelow		
15	13	79/2	79/2	0.5		1/2	1/2	Chord	3/4	4	1	1/8	1/8	1	234		articStaccatoBelow		
15	13	40	40	0.5		5/8	5/8	Chord	3/4	4	1	1/8	1/8	1	235		articStaccatoBelow		
16	14	81/2	81/2	0.5		0	0	Chord	3/4	1	1	1/8	1/8	1	236		articStaccatoAbove		
16	14	41	41	0.5		1/8	1/8	Chord	3/4	1	1	1/8	1/8	1	237		articStaccatoAbove		
16	14	83/2	83/2	0.5		1/4	1/4	Chord	3/4	1	1	1/8	1/8	1	238		articStaccatoAbove		
16	14	42	42	0.5		3/8	3/8	Chord	3/4	1	1	1/8	1/8	1	239		articStaccatoAbove		
16	14	85/2	85/2	0.5		1/2	1/2	Chord	3/4	1	1	1/8	1/8	1	240		articStaccatoAbove		
16	14	43	43	0.5		5/8	5/8	Chord	3/4	1	1	1/8	1/8	1	241		articStaccatoAbove		
16	14	81/2	81/2	0.5		0	0	Chord	3/4	2	1	1/8	1/8	1	242		articStaccatoBelow		
16	14	41	41	0.5		1/8	1/8	Chord	3/4	2	1	1/8	1/8	1	243		articStaccatoBelow		
16	14	83/2	83/2	0.5		1/4	1/4	Chord	3/4	2	1	1/8	1/8	1	244		articStaccatoBelow		
16	14	42	42	0.5		3/8	3/8	Chord	3/4	2	1	1/8	1/8	1	245		articStaccatoBelow		
16	14	85/2	85/2	0.5		1/2	1/2	Chord	3/4	2	1	1/8	1/8	1	246		articStaccatoBelow		
16	14	43	43	0.5		5/8	5/8	Chord	3/4	2	1	1/8	1/8	1	247		articStaccatoBelow		
16	14	81/2	81/2	0.5		0	0	Chord	3/4	3	1	1/8	1/8	1	248		articStaccatoAbove		
16	14	41	41	0.5		1/8	1/8	Chord	3/4	3	1	1/8	1/8	1	249		articStaccatoAbove		
16	14	83/2	83/2	0.5		1/4	1/4	Chord	3/4	3	1	1/8	1/8	1	250		articStaccatoAbove		
16	14	42	42	0.5		3/8	3/8	Chord	3/4	3	1	1/8	1/8	1	251		articStaccatoAbove		
16	14	85/2	85/2	0.5		1/2	1/2	Chord	3/4	3	1	1/8	1/8	1	252		articStaccatoAbove		
16	14	43	43	0.5		5/8	5/8	Chord	3/4	3	1	1/8	1/8	1	253		articStaccatoAbove		
16	14	81/2	81/2	0.5		0	0	Chord	3/4	4	1	1/8	1/8	1	254		articStaccatoBelow		
16	14	41	41	0.5		1/8	1/8	Chord	3/4	4	1	1/8	1/8	1	255		articStaccatoBelow		
16	14	83/2	83/2	0.5		1/4	1/4	Chord	3/4	4	1	1/8	1/8	1	256		articStaccatoBelow		
16	14	42	42	0.5		3/8	3/8	Chord	3/4	4	1	1/8	1/8	1	257		articStaccatoBelow		
16	14	85/2	85/2	0.5		1/2	1/2	Chord	3/4	4	1	1/8	1/8	1	258		articStaccatoBelow		
16	14	43	43	0.5		5/8	5/8	Chord	3/4	4	1	1/8	1/8	1	259		articStaccatoBelow		
17	15	87/2	87/2	0.0		0	0	Dynamic	3/4	1	1	0				p			
17	15	87/2	87/2	1.0		0	0	Chord	3/4	1	1	1/4	1/4	1	260				
17	15	45	45	1.0		3/8	3/8	Chord	3/4	1	1	1/4	1/4	1	261				
17	15	46	46	0.5		5/8	5/8	Chord	3/4	1	1	1/8	1/8	1	262				
17	15	87/2	87/2	0.0		0	0	Dynamic	3/4	2	1	0				p			
17	15	87/2	87/2	1.0		0	0	Chord	3/4	2	1	1/4	1/4	1	263				
17	15	45	45	1.0		3/8	3/8	Chord	3/4	2	1	1/4	1/4	1	264				
17	15	46	46	0.5		5/8	5/8	Chord	3/4	2	1	1/8	1/8	1	265				
17	15	87/2	87/2	0.0		0	0	Dynamic	3/4	3	1	0				p			
17	15	87/2	87/2	1.0		0	0	Chord	3/4	3	1	1/4	1/4	1	266				
17	15	87/2	87/2	0.5		0	0	Chord	3/4	4	1	1/8	1/8	1	267		articStaccatoBelow		
17	15	44	44	0.5		1/8	1/8	Chord	3/4	4	1	1/8	1/8	1	268		articStaccatoBelow		
17	15	89/2	89/2	0.0		1/4	1/4	Dynamic	3/4	4	1	0				sf			
17	15	89/2	89/2	2.0		1/4	1/4	Chord	3/4	4	1	1/2	1/2	1	269				
18	16	93/2	93/2	1.0		0	0	Chord	3/4	1	1	1/4	1/4	1	270				
18	16	48	48	1.0		3/8	3/8	Chord	3/4	1	1	1/4	1/4	1	271				
18	16	49	49	0.5		5/8	5/8	Chord	3/4	1	1	1/8	1/8	1	272				
18	16	93/2	93/2	1.0		0	0	Chord	3/4	2	1	1/4	1/4	1	273				
18	16	48	48	1.0		3/8	3/8	Chord	3/4	2	1	1/4	1/4	1	274				
18	16	49	49	0.5		5/8	5/8	Chord	3/4	2	1	1/8	1/8	1	275				
18	16	93/2	93/2	0.5		0	0	Chord	3/4	4	1	1/8	1/8	1	276		articStaccatoBelow		
18	16	47	47	0.5		1/8	1/8	Chord	3/4	4	1	1/8	1/8	1	277		articStaccatoBelow		
18	16	95/2	95/2	0.0		1/4	1/4	Dynamic	3/4	4	1	0				sf			
18	16	95/2	95/2	2.0		1/4	1/4	Chord	3/4	4	1	1/2	1/2	1	278				
19	17	99/2	99/2	1.0		0	0	Chord	3/4	1	1	1/4	1/4	1	279				
19	17	51	51	0.0		3/8	3/8	Dynamic	3/4	1	1	0				sf			
19	17	51	51	1.0		3/8	3/8	Chord	3/4	1	1	1/4	1/4	1	280				
19	17	52	52	0.5		5/8	5/8	Chord	3/4	1	1	1/8	1/8	1	281				
19	17	99/2	99/2	1.0		0	0	Chord	3/4	2	1	1/4	1/4	1	282				
19	17	51	51	0.0		3/8	3/8	Dynamic	3/4	2	1	0				sf			
19	17	51	51	1.0		3/8	3/8	Chord	3/4	2	1	1/4	1/4	1	283				
19	17	52	52	0.5		5/8	5/8	Chord	3/4	2	1	1/8	1/8	1	284				
19	17	99/2	99/2	0.5		0	0	Chord	3/4	3	1	1/8	1/8	1	285		articStaccatoBelow		
19	17	50	50	0.5		1/8	1/8	Chord	3/4	3	1	1/8	1/8	1	286		articStaccatoBelow		
19	17	101/2	101/2	0.0		1/4	1/4	Dynamic	3/4	3	1	0				sf			
19	17	101/2	101/2	2.0		1/4	1/4	Chord	3/4	3	1	1/2	1/2	1	287				
19	17	99/2	99/2	1.0		0	0	Chord	3/4	4	1	1/4	1/4	1	288				
20	18	105/2	105/2	1.0		0	0	Chord	3/4	1	1	1/4	1/4	1	289				
20	18	54	54	0.0		3/8	3/8	Dynamic	3/4	1	1	0				sf			
20	18	54	54	1.0		3/8	3/8	Chord	3/4	1	1	1/4	1/4	1	290				
20	18	55	55	0.5		5/8	5/8	Chord	3/4	1	1	1/8	1/8	1	291				
20	18	105/2	105/2	1.0		0	0	Chord	3/4	2	1	1/4	1/4	1	292				
20	18	54	54	0.0		3/8	3/8	Dynamic	3/4	2	1	0				sf			
20	18	54	54	1.0		3/8	3/8	Chord	3/4	2	1	1/4	1/4	1	293				
20	18	55	55	0.5		5/8	5/8	Chord	3/4	2	1	1/8	1/8	1	294				
20	18	105/2	105/2	0.5		0	0	Chord	3/4	3	1	1/8	1/8	1	295		articStaccatoBelow		
20	18	53	53	0.5		1/8	1/8	Chord	3/4	3	1	1/8	1/8	1	296		articStaccatoBelow		
20	18	107/2	107/2	0.0		1/4	1/4	Dynamic	3/4	3	1	0				sf			
20	18	107/2	107/2	2.0		1/4	1/4	Chord	3/4	3	1	1/2	1/2	1	297				
21	19	111/2	111/2	0.0		0	0	Dynamic	3/4	1	1	0				f			
21	19	111/2	111/2	0.5		0	0	Chord	3/4	1	1	1/8	1/8	1	298				
21	19	56	56	1.0		1/8	1/8	Chord	3/4	1	1	1/4	1/4	1	299				
21	19	57	57	1.0		3/8	3/8	Chord	3/4	1	1	1/4	1/4	1	300				
21	19	58	58	0.5		5/8	5/8	Chord	3/4	1	1	1/8	1/8	1	301				
21	19	111/2	111/2	0.0		0	0	Dynamic	3/4	2	1	0				f			
21	19	111/2	111/2	1.0		0	0	Chord	3/4	2	1	1/4	1/4	1	302		articStaccatoAbove		
21	19	113/2	113/2	1.0		1/4	1/4	Chord	3/4	2	1	1/4	1/4	1	303		articStaccatoBelow		
21	19	115/2	115/2	1.0		1/2	1/2	Chord	3/4	2	1	1/4	1/4	1	304		articStaccatoAbove		
21	19	111/2	111/2	1.0		0	0	Chord	3/4	3	1	1/4	1/4	1	305				
22	20	117/2	117/2	0.5		0	0	Chord	3/4	1	1	1/8	1/8	1	306				
22	20	59	59	1.0		1/8	1/8	Chord	3/4	1	1	1/4	1/4	1	307				
22	20	60	60	1.0		3/8	3/8	Chord	3/4	1	1	1/4	1/4	1	308				
22	20	61	61	0.5		5/8	5/8	Chord	3/4	1	1	1/8	1/8	1	309				
22	20	117/2	117/2	0.0		0	0	Dynamic	3/4	3	1	0				f			
22	20	117/2	117/2	1.0		0	0	Chord	3/4	3	1	1/4	1/4	1	310		articStaccatoAbove		
22	20	119/2	119/2	1.0		1/4	1/4	Chord	3/4	3	1	1/4	1/4	1	311		articStaccatoAbove		
22	20	121/2	121/2	1.0		1/2	1/2	Chord	3/4	3	1	1/4	1/4	1	312		articStaccatoAbove		
23	21	123/2	123/2	0.5		0	0	Chord	3/4	1	1	1/8	1/8	1	313				
23	21	62	62	1.0		1/8	1/8	Chord	3/4	1	1	1/4	1/4	1	314				
23	21	63	63	1.0		3/8	3/8	Chord	3/4	1	1	1/4	1/4	1	315				
23	21	64	64	0.5		5/8	5/8	Chord	3/4	1	1	1/8	1/8	1	316				
23	21	123/2	123/2	0.0		0	0	Dynamic	3/4	2	1	0				f			
23	21	123/2	123/2	1.0		0	0	Chord	3/4	2	1	1/4	1/4	1	317		articStaccatoBelow		
23	21	125/2	125/2	1.0		1/4	1/4	Chord	3/4	2	1	1/4	1/4	1	318		articStaccatoBelow		
23	21	127/2	127/2	1.0		1/2	1/2	Chord	3/4	2	1	1/4	1/4	1	319		articStaccatoBelow		
24	22	129/2	129/2	0.5		0	0	Chord	3/4	1	1	1/8	1/8	1	320				
24	22	65	65	0.5		1/8	1/8	Chord	3/4	1	1	1/8	1/8	1	321				0
24	22	131/2	131/2	0.5		1/4	1/4	Chord	3/4	1	1	1/8	1/8	1	322				
24	22	66	66	0.5		3/8	3/8	Chord	3/4	1	1	1/8	1/8	1	323				1
24	22	133/2	133/2	0.5		1/2	1/2	Chord	3/4	1	1	1/8	1/8	1	324				
24	22	67	67	0.5		5/8	5/8	Chord	3/4	1	1	1/8	1/8	1	325				
24	22	66	66	0.0		3/8	3/8	Dynamic	3/4	2	1	0				p			
24	22	66	66	1.0		3/8	3/8	Chord	3/4	2	1	1/4	1/4	1	326				
24	22	67	67	0.0		5/8	5/8	Dynamic	3/4	2	1	0				sf			
24	22	67	67	0.5		5/8	5/8	Chord	3/4	2	1	1/8	1/8	1	327				
24	22	66	66	0.0		3/8	3/8	Dynamic	3/4	3	1	0				p			
24	22	66	66	1.0		3/8	3/8	Chord	3/4	3	1	1/4	1/4	1	328				
24	22	67	67	0.0		5/8	5/8	Dynamic	3/4	3	1	0				sf			
24	22	67	67	0.5		5/8	5/8	Chord	3/4	3	1	1/8	1/8	1	329				
24	22	129/2	129/2	0.0		0	0	Dynamic	3/4	4	1	0				f			
24	22	129/2	129/2	1.0		0	0	Chord	3/4	4	1	1/4	1/4	1	330		articStaccatoAbove		
24	22	131/2	131/2	1.0		1/4	1/4	Chord	3/4	4	1	1/4	1/4	1	331		articStaccatoAbove		
24	22	133/2	133/2	1.0		1/2	1/2	Chord	3/4	4	1	1/4	1/4	1	332		articStaccatoBelow		
25	23	135/2	135/2	0.0		0	0	Dynamic	3/4	1	1	0				p			
25	23	135/2	135/2	3.0		0	0	Chord	3/4	1	1	3/4	1/2	3/2	333		ornamentTrill		
25	23	135/2	135/2	0.5		0	0	Chord	3/4	2	1	1/8	1/8	1	334				
25	23	68	68	0.5		1/8	1/8	Chord	3/4	2	1	1/8	1/8	1	335		articStaccatoAbove		
25	23	137/2	137/2	0.5		1/4	1/4	Chord	3/4	2	1	1/8	1/8	1	336		articStaccatoAbove		
25	23	69	69	0.5		3/8	3/8	Chord	3/4	2	1	1/8	1/8	1	337		articStaccatoAbove		
25	23	139/2	139/2	0.5		1/2	1/2	Chord	3/4	2	1	1/8	1/8	1	338		articStaccatoAbove		
25	23	70	70	0.0		5/8	5/8	Dynamic	3/4	2	1	0				sf			
25	23	70	70	0.5		5/8	5/8	Chord	3/4	2	1	1/8	1/8	1	339				
25	23	135/2	135/2	0.5		0	0	Chord	3/4	3	1	1/8	1/8	1	340				
25	23	68	68	0.5		1/8	1/8	Chord	3/4	3	1	1/8	1/8	1	341		articStaccatoBelow		
25	23	137/2	137/2	0.5		1/4	1/4	Chord	3/4	3	1	1/8	1/8	1	342		articStaccatoBelow		
25	23	69	69	0.5		3/8	3/8	Chord	3/4	3	1	1/8	1/8	1	343		articStaccatoBelow		
25	23	139/2	139/2	0.5		1/2	1/2	Chord	3/4	3	1	1/8	1/8	1	344		articStaccatoBelow		
25	23	70	70	0.0		5/8	5/8	Dynamic	3/4	3	1	0				sf			
25	23	70	70	0.5		5/8	5/8	Chord	3/4	3	1	1/8	1/8	1	345				
25	23	135/2	135/2	0.0		0	0	Dynamic	3/4	4	1	0				p			
25	23	135/2	135/2	0.5		0	0	Chord	3/4	4	1	1/8	1/8	1	346				
25	23	68	68	0.5		1/8	1/8	Chord	3/4	4	1	1/8	1/8	1	347		articStaccatoAbove		
25	23	137/2	137/2	0.5		1/4	1/4	Chord	3/4	4	1	1/8	1/8	1	348		articStaccatoAbove		
25	23	69	69	0.5		3/8	3/8	Chord	3/4	4	1	1/8	1/8	1	349		articStaccatoAbove		
25	23	139/2	139/2	0.5		1/2	1/2	Chord	3/4	4	1	1/8	1/8	1	350		articStaccatoAbove		
25	23	70	70	0.0		5/8	5/8	Dynamic	3/4	4	1	0				sf			
25	23	70	70	0.5		5/8	5/8	Chord	3/4	4	1	1/8	1/8	1	351				
26	24	141/2	141/2	3.0		0	0	Chord	3/4	1	1	3/4	1/2	3/2	352				
26	24	141/2	141/2	0.5		0	0	Chord	3/4	2	1	1/8	1/8	1	353				
26	24	71	71	0.5		1/8	1/8	Chord	3/4	2	1	1/8	1/8	1	354		articStaccatoAbove		
26	24	143/2	143/2	0.5		1/4	1/4	Chord	3/4	2	1	1/8	1/8	1	355		articStaccatoAbove		
26	24	72	72	0.5		3/8	3/8	Chord	3/4	2	1	1/8	1/8	1	356		articStaccatoAbove		
26	24	145/2	145/2	0.5		1/2	1/2	Chord	3/4	2	1	1/8	1/8	1	357		articStaccatoAbove		
26	24	73	73	0.0		5/8	5/8	Dynamic	3/4	2	1	0				sf			
26	24	73	73	0.5		5/8	5/8	Chord	3/4	2	1	1/8	1/8	1	358				
26	24	141/2	141/2	0.5		0	0	Chord	3/4	3	1	1/8	1/8	1	359				
26	24	71	71	0.5		1/8	1/8	Chord	3/4	3	1	1/8	1/8	1	360		articStaccatoBelow		
26	24	143/2	143/2	0.5		1/4	1/4	Chord	3/4	3	1	1/8	1/8	1	361		articStaccatoBelow		
26	24	72	72	0.5		3/8	3/8	Chord	3/4	3	1	1/8	1/8	1	362		articStaccatoBelow		
26	24	145/2	145/2	0.5		1/2	1/2	Chord	3/4	3	1	1/8	1/8	1	363		articStaccatoBelow		
26	24	73	73	0.0		5/8	5/8	Dynamic	3/4	3	1	0				sf			
26	24	73	73	0.5		5/8	5/8	Chord	3/4	3	1	1/8	1/8	1	364				
26	24	141/2	141/2	0.5		0	0	Chord	3/4	4	1	1/8	1/8	1	365				
26	24	71	71	0.5		1/8	1/8	Chord	3/4	4	1	1/8	1/8	1	366		articStaccatoAbove		
26	24	143/2	143/2	0.5		1/4	1/4	Chord	3/4	4	1	1/8	1/8	1	367		articStaccatoAbove		
26	24	72	72	0.5		3/8	3/8	Chord	3/4	4	1	1/8	1/8	1	368		articStaccatoAbove		
26	24	145/2	145/2	0.5		1/2	1/2	Chord	3/4	4	1	1/8	1/8	1	369		articStaccatoAbove		
26	24	73	73	0.0		5/8	5/8	Dynamic	3/4	4	1	0				sf			
26	24	73	73	0.5		5/8	5/8	Chord	3/4	4	1	1/8	1/8	1	370				
27	25	147/2	147/2	3.0		0	0	Chord	3/4	1	1	3/4	1/2	3/2	371				
27	25	147/2	147/2	0.5		0	0	Chord	3/4	2	1	1/8	1/8	1	372				
27	25	74	74	0.5		1/8	1/8	Chord	3/4	2	1	1/8	1/8	1	373		articStaccatoAbove		
27	25	149/2	149/2	0.5		1/4	1/4	Chord	3/4	2	1	1/8	1/8	1	374		articStaccatoAbove		
27	25	75	75	0.5		3/8	3/8	Chord	3/4	2	1	1/8	1/8	1	375		articStaccatoAbove		
27	25	151/2	151/2	0.5		1/2	1/2	Chord	3/4	2	1	1/8	1/8	1	376		articStaccatoAbove		
27	25	76	76	0.5		5/8	5/8	Chord	3/4	2	1	1/8	1/8	1	377		articStaccatoAbove		
27	25	147/2	147/2	0.5		0	0	Chord	3/4	3	1	1/8	1/8	1	378				
27	25	74	74	0.5		1/8	1/8	Chord	3/4	3	1	1/8	1/8	1	379		articStaccatoBelow		
27	25	149/2	149/2	0.5		1/4	1/4	Chord	3/4	3	1	1/8	1/8	1	380		articStaccatoBelow		
27	25	75	75	0.5		3/8	3/8	Chord	3/4	3	1	1/8	1/8	1	381		articStaccatoBelow		
27	25	151/2	151/2	0.5		1/2	1/2	Chord	3/4	3	1	1/8	1/8	1	382		articStaccatoBelow		
27	25	76	76	0.5		5/8	5/8	Chord	3/4	3	1	1/8	1/8	1	383		articStaccatoBelow		
27	25	147/2	147/2	0.5		0	0	Chord	3/4	4	1	1/8	1/8	1	384				
27	25	74	74	0.5		1/8	1/8	Chord	3/4	4	1	1/8	1/8	1	385		articStaccatoAbove		
27	25	149/2	149/2	0.5		1/4	1/4	Chord	3/4	4	1	1/8	1/8	1	386		articStaccatoAbove		
27	25	75	75	0.5		3/8	3/8	Chord	3/4	4	1	1/8	1/8	1	387		articStaccatoAbove		
27	25	151/2	151/2	0.5		1/2	1/2	Chord	3/4	4	1	1/8	1/8	1	388		articStaccatoAbove		
27	25	76	76	0.5		5/8	5/8	Chord	3/4	4	1	1/8	1/8	1	389		articStaccatoAbove		
28	26	153/2	153/2	1.5		0	0	Chord	3/4	1	1	3/8	1/4	3/2	390				
28	26	78	78	1.0		3/8	3/8	Chord	3/4	1	1	1/4	1/4	1	391				
28	26	79	79	0.0		5/8	5/8	Dynamic	3/4	1	1	0				sf			
28	26	79	79	0.5		5/8	5/8	Chord	3/4	1	1	1/8	1/8	1	392				
28	26	153/2	153/2	1.0		0	0	Chord	3/4	2	1	1/4	1/4	1	393				
28	26	78	78	1.0		3/8	3/8	Chord	3/4	2	1	1/4	1/4	1	394				
28	26	79	79	0.0		5/8	5/8	Dynamic	3/4	2	1	0				sf			
28	26	79	79	0.5		5/8	5/8	Chord	3/4	2	1	1/8	1/8	1	395				
28	26	153/2	153/2	1.0		0	0	Chord	3/4	3	1	1/4	1/4	1	396				
28	26	78	78	1.0		3/8	3/8	Chord	3/4	3	1	1/4	1/4	1	397				
28	26	79	79	0.0		5/8	5/8	Dynamic	3/4	3	1	0				sf			
28	26	79	79	0.5		5/8	5/8	Chord	3/4	3	1	1/8	1/8	1	398				
28	26	153/2	153/2	1.0		0	0	Chord	3/4	4	1	1/4	1/4	1	399				
28	26	78	78	0.5		3/8	3/8	Chord	3/4	4	1	1/8	1/8	1	400				
28	26	157/2	157/2	0.5		1/2	1/2	Chord	3/4	4	1	1/8	1/8	1	401				
28	26	79	79	0.5		5/8	5/8	Chord	3/4	4	1	1/8	1/8	1	402				
29	27	159/2	159/2	0.5		0	0	Chord	3/4	1	1	1/8	1/8	1	403				
29	27	80	80	0.5		1/8	1/8	Chord	3/4	1	1	1/8	1/8	1	404		articStaccatoAbove		
29	27	161/2	161/2	0.5		1/4	1/4	Chord	3/4	1	1	1/8	1/8	1	405		articStaccatoAbove		
29	27	81	81	1.0		3/8	3/8	Chord	3/4	1	1	1/4	1/4	1	406				
29	27	82	82	0.0		5/8	5/8	Dynamic	3/4	1	1	0				sf			
29	27	82	82	0.5		5/8	5/8	Chord	3/4	1	1	1/8	1/8	1	407				
29	27	159/2	159/2	0.5		0	0	Chord	3/4	2	1	1/8	1/8	1	408				
29	27	80	80	0.5		1/8	1/8	Chord	3/4	2	1	1/8	1/8	1	409		articStaccatoAbove		
29	27	161/2	161/2	0.5		1/4	1/4	Chord	3/4	2	1	1/8	1/8	1	410		articStaccatoAbove		
29	27	81	81	1.0		3/8	3/8	Chord	3/4	2	1	1/4	1/4	1	411				
29	27	82	82	0.0		5/8	5/8	Dynamic	3/4	2	1	0				sf			
29	27	82	82	0.5		5/8	5/8	Chord	3/4	2	1	1/8	1/8	1	412				
29	27	159/2	159/2	0.5		0	0	Chord	3/4	3	1	1/8	1/8	1	413				
29	27	80	80	0.5		1/8	1/8	Chord	3/4	3	1	1/8	1/8	1	414		articStaccatoAbove		
29	27	161/2	161/2	0.5		1/4	1/4	Chord	3/4	3	1	1/8	1/8	1	415		articStaccatoAbove		
29	27	81	81	0.5		3/8	3/8	Chord	3/4	3	1	1/8	1/8	1	416				
29	27	163/2	163/2	0.5		1/2	1/2	Chord	3/4	3	1	1/8	1/8	1	417				
29	27	82	82	0.5		5/8	5/8	Chord	3/4	3	1	1/8	1/8	1	418				
29	27	159/2	159/2	1.0		0	0	Chord	3/4	4	1	1/4	1/4	1	419				
29	27	81	81	0.5		3/8	3/8	Chord	3/4	4	1	1/8	1/8	1	420				
29	27	163/2	163/2	0.5		1/2	1/2	Chord	3/4	4	1	1/8	1/8	1	421				
29	27	82	82	0.5		5/8	5/8	Chord	3/4	4	1	1/8	1/8	1	422				
30	28	165/2	165/2	0.5		0	0	Chord	3/4	1	1	1/8	1/8	1	423				
30	28	83	83	0.5		1/8	1/8	Chord	3/4	1	1	1/8	1/8	1	424		articStaccatoAbove		
30	28	167/2	167/2	0.5		1/4	1/4	Chord	3/4	1	1	1/8	1/8	1	425		articStaccatoAbove		
30	28	84	84	1.0		3/8	3/8	Chord	3/4	1	1	1/4	1/4	1	426				
30	28	85	85	0.0		5/8	5/8	Dynamic	3/4	1	1	0				sf			
30	28	85	85	0.5		5/8	5/8	Chord	3/4	1	1	1/8	1/8	1	427				
30	28	165/2	165/2	0.5		0	0	Chord	3/4	2	1	1/8	1/8	1	428				
30	28	83	83	0.5		1/8	1/8	Chord	3/4	2	1	1/8	1/8	1	429		articStaccatoAbove		
30	28	167/2	167/2	0.5		1/4	1/4	Chord	3/4	2	1	1/8	1/8	1	430		articStaccatoAbove		
30	28	84	84	1.0		3/8	3/8	Chord	3/4	2	1	1/4	1/4	1	431				
30	28	85	85	0.0		5/8	5/8	Dynamic	3/4	2	1	0				sf			
30	28	85	85	0.5		5/8	5/8	Chord	3/4	2	1	1/8	1/8	1	432				
30	28	165/2	165/2	1.0		0	0	Chord	3/4	3	1	1/4	1/4	1	433				
30	28	84	84	0.5		3/8	3/8	Chord	3/4	3	1	1/8	1/8	1	434				
30	28	169/2	169/2	0.5		1/2	1/2	Chord	3/4	3	1	1/8	1/8	1	435				
30	28	85	85	0.5		5/8	5/8	Chord	3/4	3	1	1/8	1/8	1	436				
30	28	165/2	165/2	1.0		0	0	Chord	3/4	4	1	1/4	1/4	1	437				
30	28	84	84	0.5		3/8	3/8	Chord	3/4	4	1	1/8	1/8	1	438				
30	28	169/2	169/2	0.5		1/2	1/2	Chord	3/4	4	1	1/8	1/8	1	439				
30	28	85	85	0.5		5/8	5/8	Chord	3/4	4	1	1/8	1/8	1	440				
31	29	171/2	171/2	0.5		0	0	Chord	3/4	1	1	1/8	1/8	1	441				
31	29	86	86	1.0		1/8	1/8	Chord	3/4	1	1	1/4	1/4	1	442				
31	29	87	87	1.0		3/8	3/8	Chord	3/4	1	1	1/4	1/4	1	443				
31	29	88	88	0.5		5/8	5/8	Chord	3/4	1	1	1/8	1/8	1	444				
31	29	171/2	171/2	0.5		0	0	Chord	3/4	2	1	1/8	1/8	1	445				
31	29	86	86	1.0		1/8	1/8	Chord	3/4	2	1	1/4	1/4	1	446				
31	29	87	87	1.0		3/8	3/8	Chord	3/4	2	1	1/4	1/4	1	447				
31	29	88	88	0.5		5/8	5/8	Chord	3/4	2	1	1/8	1/8	1	448				
31	29	171/2	171/2	0.5		0	0	Chord	3/4	3	1	1/8	1/8	1	449				
31	29	86	86	1.0		1/8	1/8	Chord	3/4	3	1	1/4	1/4	1	450				
31	29	87	87	1.0		3/8	3/8	Chord	3/4	3	1	1/4	1/4	1	451				
31	29	88	88	0.5		5/8	5/8	Chord	3/4	3	1	1/8	1/8	1	452				
31	29	171/2	171/2	0.5		0	0	Chord	3/4	4	1	1/8	1/8	1	453				
31	29	86	86	0.5		1/8	1/8	Chord	3/4	4	1	1/8	1/8	1	454				
31	29	173/2	173/2	0.5		1/4	1/4	Chord	3/4	4	1	1/8	1/8	1	455				
31	29	87	87	0.5		3/8	3/8	Chord	3/4	4	1	1/8	1/8	1	456				
31	29	175/2	175/2	0.5		1/2	1/2	Chord	3/4	4	1	1/8	1/8	1	457				
31	29	88	88	0.5		5/8	5/8	Chord	3/4	4	1	1/8	1/8	1	458				
32	30	177/2	177/2	1.0		0	0	Chord	3/4	1	1	1/4	1/4	1	459				
32	30	90	90	1.0		3/8	3/8	Chord	3/4	1	1	1/4	1/4	1	460				
32	30	91	91	0.0		5/8	5/8	Dynamic	3/4	1	1	0				sf			
32	30	91	91	0.5		5/8	5/8	Chord	3/4	1	1	1/8	1/8	1	461				
32	30	177/2	177/2	1.0		0	0	Chord	3/4	2	1	1/4	1/4	1	462				
32	30	90	90	1.0		3/8	3/8	Chord	3/4	2	1	1/4	1/4	1	463				
32	30	91	91	0.0		5/8	5/8	Dynamic	3/4	2	1	0				sf			
32	30	91	91	0.5		5/8	5/8	Chord	3/4	2	1	1/8	1/8	1	464				
32	30	177/2	177/2	1.0		0	0	Chord	3/4	3	1	1/4	1/4	1	465				
32	30	177/2	177/2	0.5		0	0	Chord	3/4	4	1	1/8	1/8	1	466		articStaccatoAbove		
32	30	89	89	0.5		1/8	1/8	Chord	3/4	4	1	1/8	1/8	1	467		articStaccatoAbove		
32	30	179/2	179/2	0.0		1/4	1/4	Dynamic	3/4	4	1	0				sf			
32	30	179/2	179/2	2.0		1/4	1/4	Chord	3/4	4	1	1/2	1/2	1	468				
33	31	183/2	183/2	0.5		0	0	Chord	3/4	1	1	1/8	1/8	1	469				
33	31	92	92	0.5		1/8	1/8	Chord	3/4	1	1	1/8	1/8	1	470		articStaccatoAbove		
33	31	185/2	185/2	0.5		1/4	1/4	Chord	3/4	1	1	1/8	1/8	1	471		articStaccatoAbove		
33	31	93	93	1.0		3/8	3/8	Chord	3/4	1	1	1/4	1/4	1	472				
33	31	94	94	0.5		5/8	5/8	Chord	3/4	1	1	1/8	1/8	1	473				
33	31	183/2	183/2	0.5		0	0	Chord	3/4	2	1	1/8	1/8	1	474				
33	31	92	92	0.5		1/8	1/8	Chord	3/4	2	1	1/8	1/8	1	475		articStaccatoBelow		
33	31	185/2	185/2	0.5		1/4	1/4	Chord	3/4	2	1	1/8	1/8	1	476		articStaccatoBelow		
33	31	93	93	1.0		3/8	3/8	Chord	3/4	2	1	1/4	1/4	1	477				
33	31	94	94	0.0		5/8	5/8	Dynamic	3/4	2	1	0				sf			
33	31	94	94	0.5		5/8	5/8	Chord	3/4	2	1	1/8	1/8	1	478				
33	31	183/2	183/2	0.5		0	0	Chord	3/4	4	1	1/8	1/8	1	479		articStaccatoAbove		
33	31	92	92	0.5		1/8	1/8	Chord	3/4	4	1	1/8	1/8	1	480		articStaccatoAbove		
33	31	185/2	185/2	0.0		1/4	1/4	Dynamic	3/4	4	1	0				sf			
33	31	185/2	185/2	2.0		1/4	1/4	Chord	3/4	4	1	1/2	1/2	1	481				
34	32	189/2	189/2	0.0		0	0	StaffText	3/4	1	1	0						cresc.	
34	32	189/2	189/2	0.5		0	0	Chord	3/4	1	1	1/8	1/8	1	482				
34	32	95	95	0.5		1/8	1/8	Chord	3/4	1	1	1/8	1/8	1	483		articStaccatoAbove		
34	32	191/2	191/2	0.5		1/4	1/4	Chord	3/4	1	1	1/8	1/8	1	484		articStaccatoAbove		
34	32	96	96	1.0		3/8	3/8	Chord	3/4	1	1	1/4	1/4	1	485				
34	32	97	97	0.0		5/8	5/8	Dynamic	3/4	1	1	0				f			
34	32	97	97	0.5		5/8	5/8	Chord	3/4	1	1	1/8	1/8	1	486				
34	32	189/2	189/2	0.5		0	0	Chord	3/4	2	1	1/8	1/8	1	487				
34	32	95	95	0.0		1/8	1/8	StaffText	3/4	2	1	0						cresc.	
34	32	95	95	0.5		1/8	1/8	Chord	3/4	2	1	1/8	1/8	1	488		articStaccatoBelow		
34	32	191/2	191/2	0.5		1/4	1/4	Chord	3/4	2	1	1/8	1/8	1	489		articStaccatoBelow		
34	32	96	96	0.5		3/8	3/8	Chord	3/4	2	1	1/8	1/8	1	490				
34	32	193/2	193/2	0.5		1/2	1/2	Chord	3/4	2	1	1/8	1/8	1	491				
34	32	97	97	0.5		5/8	5/8	Chord	3/4	2	1	1/8	1/8	1	492				
34	32	96	96	0.0		3/8	3/8	StaffText	3/4	3	1	0						cresc.	
34	32	96	96	0.5		3/8	3/8	Chord	3/4	3	1	1/8	1/8	1	493				
34	32	193/2	193/2	0.5		1/2	1/2	Chord	3/4	3	1	1/8	1/8	1	494				
34	32	97	97	0.5		5/8	5/8	Chord	3/4	3	1	1/8	1/8	1	495				
34	32	189/2	189/2	0.5		0	0	Chord	3/4	4	1	1/8	1/8	1	496				
34	32	95	95	0.0		1/8	1/8	StaffText	3/4	4	1	0						cresc.	
34	32	95	95	0.5		1/8	1/8	Chord	3/4	4	1	1/8	1/8	1	497				
34	32	191/2	191/2	0.5		1/4	1/4	Chord	3/4	4	1	1/8	1/8	1	498				
34	32	96	96	0.5		3/8	3/8	Chord	3/4	4	1	1/8	1/8	1	499				
34	32	193/2	193/2	0.5		1/2	1/2	Chord	3/4	4	1	1/8	1/8	1	500				
34	32	97	97	0.5		5/8	5/8	Chord	3/4	4	1	1/8	1/8	1	501				
35	33	195/2	195/2	0.5		0	0	Chord	3/4	1	1	1/8	1/8	1	502				
35	33	98	98	1.0		1/8	1/8	Chord	3/4	1	1	1/4	1/4	1	503				
35	33	99	99	0.5		3/8	3/8	Chord	3/4	1	1	1/8	1/8	1	504		articStaccatoAbove		
35	33	199/2	199/2	0.5		1/2	1/2	Chord	3/4	1	1	1/8	1/8	1	505		articStaccatoAbove		
35	33	100	100	0.5		5/8	5/8	Chord	3/4	1	1	1/8	1/8	1	506		articStaccatoAbove		
35	33	195/2	195/2	0.0		0	0	Dynamic	3/4	2	1	0				f			
35	33	195/2	195/2	1.0		0	0	Chord	3/4	2	1	1/4	1/4	1	507				
35	33	197/2	197/2	1.0		1/4	1/4	Chord	3/4	2	1	1/4	1/4	1	508				
35	33	199/2	199/2	1.0		1/2	1/2	Chord	3/4	2	1	1/4	1/4	1	509				
35	33	195/2	195/2	0.0		0	0	Dynamic	3/4	3	1	0				f			
35	33	195/2	195/2	1.0		0	0	Chord	3/4	3	1	1/4	1/4	1	510				
35	33	197/2	197/2	1.0		1/4	1/4	Chord	3/4	3	1	1/4	1/4	1	511				
35	33	199/2	199/2	1.0		1/2	1/2	Chord	3/4	3	1	1/4	1/4	1	512				
35	33	195/2	195/2	0.0		0	0	Dynamic	3/4	4	1	0				f			
35	33	195/2	195/2	1.0		0	0	Chord	3/4	4	1	1/4	1/4	1	513				
35	33	197/2	197/2	1.0		1/4	1/4	Chord	3/4	4	1	1/4	1/4	1	514				
35	33	199/2	199/2	1.0		1/2	1/2	Chord	3/4	4	1	1/4	1/4	1	515				
36	34	201/2	201/2	0.5		0	0	Chord	3/4	1	1	1/8	1/8	1	516		articStaccatoAbove		
36	34	101	101	0.5		1/8	1/8	Chord	3/4	1	1	1/8	1/8	1	517		articStaccatoAbove		
36	34	203/2	203/2	0.0		1/4	1/4	Dynamic	3/4	1	1	0				sf			
36	34	203/2	203/2	2.0		1/4	1/4	Chord	3/4	1	1	1/2	1/2	1	518				
36	34	201/2	201/2	1.0		0	0	Chord	3/4	2	1	1/4	1/4	1	519				
36	34	102	102	0.0		3/8	3/8	Dynamic	3/4	2	1	0				p			
36	34	102	102	1.0		3/8	3/8	Chord	3/4	2	1	1/4	1/4	1	520				
36	34	103	103	0.0		5/8	5/8	Dynamic	3/4	2	1	0				sf			
36	34	103	103	0.5		5/8	5/8	Chord	3/4	2	1	1/8	1/8	1	521				
36	34	201/2	201/2	1.0		0	0	Chord	3/4	3	1	1/4	1/4	1	522				
36	34	102	102	0.0		3/8	3/8	Dynamic	3/4	3	1	0				p			
36	34	102	102	1.0		3/8	3/8	Chord	3/4	3	1	1/4	1/4	1	523				
36	34	103	103	0.0		5/8	5/8	Dynamic	3/4	3	1	0				p			
36	34	103	103	0.5		5/8	5/8	Chord	3/4	3	1	1/8	1/8	1	524				
36	34	201/2	201/2	1.0		0	0	Chord	3/4	4	1	1/4	1/4	1	525				
37	35	207/2	207/2	0.5		0	0	Chord	3/4	1	1	1/8	1/8	1	526		articStaccatoAbove		
37	35	104	104	0.5		1/8	1/8	Chord	3/4	1	1	1/8	1/8	1	527		articStaccatoAbove		
37	35	209/2	209/2	0.0		1/4	1/4	Dynamic	3/4	1	1	0				sf			
37	35	209/2	209/2	2.0		1/4	1/4	Chord	3/4	1	1	1/2	1/2	1	528				
37	35	207/2	207/2	0.5		0	0	Chord	3/4	2	1	1/8	1/8	1	529				
37	35	104	104	0.5		1/8	1/8	Chord	3/4	2	1	1/8	1/8	1	530		articStaccatoBelow		
37	35	209/2	209/2	0.5		1/4	1/4	Chord	3/4	2	1	1/8	1/8	1	531		articStaccatoBelow		
37	35	207/2	207/2	0.5		0	0	Chord	3/4	3	1	1/8	1/8	1	532				
37	35	104	104	0.5		1/8	1/8	Chord	3/4	3	1	1/8	1/8	1	533		articStaccatoBelow		
37	35	209/2	209/2	0.5		1/4	1/4	Chord	3/4	3	1	1/8	1/8	1	534		articStaccatoBelow		
37	35	105	105	1.0		3/8	3/8	Chord	3/4	3	1	1/4	1/4	1	535				
37	35	106	106	0.0		5/8	5/8	Dynamic	3/4	3	1	0				sf			
37	35	106	106	0.5		5/8	5/8	Chord	3/4	3	1	1/8	1/8	1	536				
37	35	105	105	1.0		3/8	3/8	Chord	3/4	4	1	1/4	1/4	1	537				
37	35	106	106	0.0		5/8	5/8	Dynamic	3/4	4	1	0				sf			
37	35	106	106	0.5		5/8	5/8	Chord	3/4	4	1	1/8	1/8	1	538				
38	36	213/2	213/2	1.5		0	0	Chord	3/4	1	1	3/8	1/4	3/2	539				
38	36	108	108	1.0		3/8	3/8	Chord	3/4	1	1	1/4	1/4	1	540				
38	36	109	109	0.0		5/8	5/8	Dynamic	3/4	1	1	0				sf			
38	36	109	109	0.5		5/8	5/8	Chord	3/4	1	1	1/8	1/8	1	541				
38	36	108	108	1.0		3/8	3/8	Chord	3/4	2	1	1/4	1/4	1	542				
38	36	109	109	0.0		5/8	5/8	Dynamic	3/4	2	1	0				sf			
38	36	109	109	0.5		5/8	5/8	Chord	3/4	2	1	1/8	1/8	1	543				
38	36	213/2	213/2	0.5		0	0	Chord	3/4	3	1	1/8	1/8	1	544				
38	36	107	107	0.5		1/8	1/8	Chord	3/4	3	1	1/8	1/8	1	545		articStaccatoBelow		
38	36	215/2	215/2	0.5		1/4	1/4	Chord	3/4	3	1	1/8	1/8	1	546		articStaccatoBelow		
38	36	108	108	1.0		3/8	3/8	Chord	3/4	3	1	1/4	1/4	1	547				
38	36	109	109	0.0		5/8	5/8	Dynamic	3/4	3	1	0				sf			
38	36	109	109	0.5		5/8	5/8	Chord	3/4	3	1	1/8	1/8	1	548				
38	36	213/2	213/2	0.5		0	0	Chord	3/4	4	1	1/8	1/8	1	549				
38	36	107	107	0.5		1/8	1/8	Chord	3/4	4	1	1/8	1/8	1	550		articStaccatoBelow		
38	36	215/2	215/2	0.5		1/4	1/4	Chord	3/4	4	1	1/8	1/8	1	551		articStaccatoBelow		
39	37	219/2	219/2	0.5		0	0	Chord	3/4	1	1	1/8	1/8	1	552				
39	37	110	110	0.5		1/8	1/8	Chord	3/4	1	1	1/8	1/8	1	553		articStaccatoAbove		
39	37	221/2	221/2	0.5		1/4	1/4	Chord	3/4	1	1	1/8	1/8	1	554		articStaccatoAbove		
39	37	111	111	0.0		3/8	3/8	Dynamic	3/4	1	1	0				sf			
39	37	111	111	1.5		3/8	3/8	Chord	3/4	1	1	3/8	1/4	3/2	555				
39	37	219/2	219/2	0.5		0	0	Chord	3/4	2	1	1/8	1/8	1	556				
39	37	110	110	0.5		1/8	1/8	Chord	3/4	2	1	1/8	1/8	1	557		articStaccatoAbove		
39	37	221/2	221/2	0.5		1/4	1/4	Chord	3/4	2	1	1/8	1/8	1	558		articStaccatoAbove		
39	37	111	111	0.0		3/8	3/8	Dynamic	3/4	2	1	0				sf			
39	37	111	111	1.0		3/8	3/8	Chord	3/4	2	1	1/4	1/4	1	559				
39	37	112	112	0.5		5/8	5/8	Chord	3/4	2	1	1/8	1/8	1	560				
39	37	219/2	219/2	0.5		0	0	Chord	3/4	3	1	1/8	1/8	1	561				
39	37	110	110	0.5		1/8	1/8	Chord	3/4	3	1	1/8	1/8	1	562		articStaccatoAbove		
39	37	221/2	221/2	0.5		1/4	1/4	Chord	3/4	3	1	1/8	1/8	1	563		articStaccatoAbove		
39	37	111	111	0.0		3/8	3/8	Dynamic	3/4	3	1	0				sf			
39	37	111	111	1.0		3/8	3/8	Chord	3/4	3	1	1/4	1/4	1	564				
39	37	112	112	0.5		5/8	5/8	Chord	3/4	3	1	1/8	1/8	1	565				
39	37	111	111	0.0		3/8	3/8	Dynamic	3/4	4	1	0				sf			
39	37	111	111	1.0		3/8	3/8	Chord	3/4	4	1	1/4	1/4	1	566				
39	37	112	112	0.5		5/8	5/8	Chord	3/4	4	1	1/8	1/8	1	567				
40	38	225/2	225/2	1.5		0	0	Chord	3/4	1	1	3/8	1/4	3/2	568				
40	38	114	114	1.0		3/8	3/8	Chord	3/4	1	1	1/4	1/4	1	569				
40	38	115	115	0.5		5/8	5/8	Chord	3/4	1	1	1/8	1/8	1	570		articStaccatoAbove		
40	38	225/2	225/2	0.5		0	0	Chord	3/4	2	1	1/8	1/8	1	571				
40	38	113	113	0.5		1/8	1/8	Chord	3/4	2	1	1/8	1/8	1	572				
40	38	227/2	227/2	0.5		1/4	1/4	Chord	3/4	2	1	1/8	1/8	1	573				
40	38	114	114	0.0		3/8	3/8	Dynamic	3/4	2	1	0				sf			
40	38	114	114	1.0		3/8	3/8	Chord	3/4	2	1	1/4	1/4	1	574				
40	38	115	115	0.5		5/8	5/8	Chord	3/4	2	1	1/8	1/8	1	575				
40	38	225/2	225/2	0.5		0	0	Chord	3/4	3	1	1/8	1/8	1	576				
40	38	113	113	0.5		1/8	1/8	Chord	3/4	3	1	1/8	1/8	1	577				
40	38	227/2	227/2	0.5		1/4	1/4	Chord	3/4	3	1	1/8	1/8	1	578				
40	38	114	114	0.0		3/8	3/8	Dynamic	3/4	3	1	0				sf			
40	38	114	114	1.0		3/8	3/8	Chord	3/4	3	1	1/4	1/4	1	579				
40	38	115	115	0.5		5/8	5/8	Chord	3/4	3	1	1/8	1/8	1	580				
40	38	225/2	225/2	0.5		0	0	Chord	3/4	4	1	1/8	1/8	1	581				
40	38	113	113	0.5		1/8	1/8	Chord	3/4	4	1	1/8	1/8	1	582				
40	38	227/2	227/2	0.5		1/4	1/4	Chord	3/4	4	1	1/8	1/8	1	583				
41	39	231/2	231/2	0.0		0	0	Dynamic	3/4	1	1	0				p			
41	39	231/2	231/2	0.5		0	0	Chord	3/4	1	1	1/8	1/8	1	584		articStaccatoAbove		
41	39	116	116	0.5		1/8	1/8	Chord	3/4	1	1	1/8	1/8	1	585		articStaccatoAbove		
41	39	233/2	233/2	0.5		1/4	1/4	Chord	3/4	1	1	1/8	1/8	1	586		articStaccatoAbove		
41	39	117	117	0.5		3/8	3/8	Chord	3/4	1	1	1/8	1/8	1	587		articStaccatoAbove		
41	39	235/2	235/2	0.5		1/2	1/2	Chord	3/4	1	1	1/8	1/8	1	588		articStaccatoAbove		
41	39	118	118	0.5		5/8	5/8	Chord	3/4	1	1	1/8	1/8	1	589		articStaccatoAbove		
41	39	231/2	231/2	0.0		0	0	Dynamic	3/4	2	1	0				p			
41	39	231/2	231/2	0.5		0	0	Chord	3/4	2	1	1/8	1/8	1	590		articStaccatoAbove		
41	39	116	116	0.5		1/8	1/8	Chord	3/4	2	1	1/8	1/8	1	591		articStaccatoAbove		
41	39	233/2	233/2	0.5		1/4	1/4	Chord	3/4	2	1	1/8	1/8	1	592		articStaccatoAbove		
41	39	117	117	0.5		3/8	3/8	Chord	3/4	2	1	1/8	1/8	1	593		articStaccatoAbove		
41	39	235/2	235/2	0.5		1/2	1/2	Chord	3/4	2	1	1/8	1/8	1	594		articStaccatoAbove		
41	39	118	118	0.5		5/8	5/8	Chord	3/4	2	1	1/8	1/8	1	595		articStaccatoAbove		
41	39	231/2	231/2	0.0		0	0	Dynamic	3/4	3	1	0				p			
41	39	231/2	231/2	0.5		0	0	Chord	3/4	3	1	1/8	1/8	1	596		articStaccatoAbove		
41	39	116	116	0.5		1/8	1/8	Chord	3/4	3	1	1/8	1/8	1	597		articStaccatoAbove		
41	39	233/2	233/2	0.5		1/4	1/4	Chord	3/4	3	1	1/8	1/8	1	598		articStaccatoAbove		
41	39	117	117	0.5		3/8	3/8	Chord	3/4	3	1	1/8	1/8	1	599		articStaccatoAbove		
41	39	235/2	235/2	0.5		1/2	1/2	Chord	3/4	3	1	1/8	1/8	1	600		articStaccatoAbove		
41	39	118	118	0.5		5/8	5/8	Chord	3/4	3	1	1/8	1/8	1	601		articStaccatoAbove		
42	40	237/2	237/2	0.0		0	0	StaffText	3/4	1	1	0						cresc.	
42	40	237/2	237/2	0.5		0	0	Chord	3/4	1	1	1/8	1/8	1	602		articStaccatoAbove		
42	40	119	119	0.5		1/8	1/8	Chord	3/4	1	1	1/8	1/8	1	603		articStaccatoAbove		
42	40	239/2	239/2	0.5		1/4	1/4	Chord	3/4	1	1	1/8	1/8	1	604		articStaccatoAbove		
42	40	120	120	0.5		3/8	3/8	Chord	3/4	1	1	1/8	1/8	1	605		articStaccatoAbove		
42	40	241/2	241/2	0.5		1/2	1/2	Chord	3/4	1	1	1/8	1/8	1	606		articStaccatoAbove		
42	40	121	121	0.5		5/8	5/8	Chord	3/4	1	1	1/8	1/8	1	607		articStaccatoAbove		
42	40	237/2	237/2	0.0		0	0	StaffText	3/4	2	1	0						cresc.	
42	40	237/2	237/2	0.5		0	0	Chord	3/4	2	1	1/8	1/8	1	608		articStaccatoAbove		
42	40	119	119	0.5		1/8	1/8	Chord	3/4	2	1	1/8	1/8	1	609		articStaccatoAbove		
42	40	239/2	239/2	0.5		1/4	1/4	Chord	3/4	2	1	1/8	1/8	1	610		articStaccatoAbove		
42	40	120	120	0.5		3/8	3/8	Chord	3/4	2	1	1/8	1/8	1	611		articStaccatoAbove		
42	40	241/2	241/2	0.5		1/2	1/2	Chord	3/4	2	1	1/8	1/8	1	612		articStaccatoAbove		
42	40	121	121	0.5		5/8	5/8	Chord	3/4	2	1	1/8	1/8	1	613		articStaccatoAbove		
42	40	237/2	237/2	0.0		0	0	StaffText	3/4	3	1	0						cresc.	
42	40	237/2	237/2	0.5		0	0	Chord	3/4	3	1	1/8	1/8	1	614		articStaccatoAbove		
42	40	119	119	0.5		1/8	1/8	Chord	3/4	3	1	1/8	1/8	1	615		articStaccatoAbove		
42	40	239/2	239/2	0.5		1/4	1/4	Chord	3/4	3	1	1/8	1/8	1	616		articStaccatoAbove		
42	40	120	120	0.5		3/8	3/8	Chord	3/4	3	1	1/8	1/8	1	617		articStaccatoAbove		
42	40	241/2	241/2	0.5		1/2	1/2	Chord	3/4	3	1	1/8	1/8	1	618		articStaccatoAbove		
42	40	121	121	0.5		5/8	5/8	Chord	3/4	3	1	1/8	1/8	1	619		articStaccatoAbove		
43	41	243/2	243/2	0.5		0	0	Chord	3/4	1	1	1/8	1/8	1	620		articStaccatoAbove		
43	41	122	122	0.5		1/8	1/8	Chord	3/4	1	1	1/8	1/8	1	621		articStaccatoAbove		
43	41	245/2	245/2	0.5		1/4	1/4	Chord	3/4	1	1	1/8	1/8	1	622		articStaccatoAbove		
43	41	123	123	0.5		3/8	3/8	Chord	3/4	1	1	1/8	1/8	1	623		articStaccatoAbove		
43	41	247/2	247/2	0.5		1/2	1/2	Chord	3/4	1	1	1/8	1/8	1	624		articStaccatoAbove		
43	41	124	124	0.5		5/8	5/8	Chord	3/4	1	1	1/8	1/8	1	625		articStaccatoAbove		
43	41	243/2	243/2	0.5		0	0	Chord	3/4	2	1	1/8	1/8	1	626		articStaccatoAbove		
43	41	122	122	0.5		1/8	1/8	Chord	3/4	2	1	1/8	1/8	1	627		articStaccatoAbove		
43	41	245/2	245/2	0.5		1/4	1/4	Chord	3/4	2	1	1/8	1/8	1	628		articStaccatoAbove		
43	41	123	123	0.5		3/8	3/8	Chord	3/4	2	1	1/8	1/8	1	629		articStaccatoAbove		
43	41	247/2	247/2	0.5		1/2	1/2	Chord	3/4	2	1	1/8	1/8	1	630		articStaccatoAbove		
43	41	124	124	0.5		5/8	5/8	Chord	3/4	2	1	1/8	1/8	1	631		articStaccatoAbove		
43	41	243/2	243/2	0.5		0	0	Chord	3/4	3	1	1/8	1/8	1	632		articStaccatoAbove		
43	41	122	122	0.5		1/8	1/8	Chord	3/4	3	1	1/8	1/8	1	633		articStaccatoAbove		
43	41	245/2	245/2	0.5		1/4	1/4	Chord	3/4	3	1	1/8	1/8	1	634		articStaccatoAbove		
43	41	123	123	0.5		3/8	3/8	Chord	3/4	3	1	1/8	1/8	1	635		articStaccatoAbove		
43	41	247/2	247/2	0.5		1/2	1/2	Chord	3/4	3	1	1/8	1/8	1	636		articStaccatoAbove		
43	41	124	124	0.5		5/8	5/8	Chord	3/4	3	1	1/8	1/8	1	637		articStaccatoAbove		
43	41	243/2	243/2	0.5		0	0	Chord	3/4	4	1	1/8	1/8	1	638				
43	41	122	122	0.5		1/8	1/8	Chord	3/4	4	1	1/8	1/8	1	639				
43	41	245/2	245/2	0.5		1/4	1/4	Chord	3/4	4	1	1/8	1/8	1	640				
43	41	123	123	0.5		3/8	3/8	Chord	3/4	4	1	1/8	1/8	1	641				
43	41	247/2	247/2	0.5		1/2	1/2	Chord	3/4	4	1	1/8	1/8	1	642				
43	41	124	124	0.5		5/8	5/8	Chord	3/4	4	1	1/8	1/8	1	643				
44	42	249/2	249/2	0.5		0	0	Chord	3/4	1	1	1/8	1/8	1	644				
44	42	125	125	0.5		1/8	1/8	Chord	3/4	1	1	1/8	1/8	1	645				
44	42	251/2	251/2	0.5		1/4	1/4	Chord	3/4	1	1	1/8	1/8	1	646				
44	42	126	126	0.5		3/8	3/8	Chord	3/4	1	1	1/8	1/8	1	647				
44	42	253/2	253/2	0.5		1/2	1/2	Chord	3/4	1	1	1/8	1/8	1	648				
44	42	127	127	0.5		5/8	5/8	Chord	3/4	1	1	1/8	1/8	1	649				
44	42	249/2	249/2	0.5		0	0	Chord	3/4	2	1	1/8	1/8	1	650				
44	42	125	125	0.5		1/8	1/8	Chord	3/4	2	1	1/8	1/8	1	651				
44	42	251/2	251/2	0.5		1/4	1/4	Chord	3/4	2	1	1/8	1/8	1	652				
44	42	126	126	0.5		3/8	3/8	Chord	3/4	2	1	1/8	1/8	1	653				
44	42	253/2	253/2	0.5		1/2	1/2	Chord	3/4	2	1	1/8	1/8	1	654				
44	42	127	127	0.5		5/8	5/8	Chord	3/4	2	1	1/8	1/8	1	655				
44	42	249/2	249/2	0.5		0	0	Chord	3/4	3	1	1/8	1/8	1	656				
44	42	125	125	0.5		1/8	1/8	Chord	3/4	3	1	1/8	1/8	1	657				
44	42	251/2	251/2	0.5		1/4	1/4	Chord	3/4	3	1	1/8	1/8	1	658				
44	42	126	126	0.5		3/8	3/8	Chord	3/4	3	1	1/8	1/8	1	659				
44	42	253/2	253/2	0.5		1/2	1/2	Chord	3/4	3	1	1/8	1/8	1	660				
44	42	127	127	0.5		5/8	5/8	Chord	3/4	3	1	1/8	1/8	1	661				
44	42	249/2	249/2	0.5		0	0	Chord	3/4	4	1	1/8	1/8	1	662				
44	42	125	125	0.5		1/8	1/8	Chord	3/4	4	1	1/8	1/8	1	663				
44	42	251/2	251/2	0.5		1/4	1/4	Chord	3/4	4	1	1/8	1/8	1	664				
44	42	126	126	0.5		3/8	3/8	Chord	3/4	4	1	1/8	1/8	1	665				
44	42	253/2	253/2	0.5		1/2	1/2	Chord	3/4	4	1	1/8	1/8	1	666				
44	42	127	127	0.5		5/8	5/8	Chord	3/4	4	1	1/8	1/8	1	667				
45	43	255/2	255/2	0.5		0	0	Chord	3/4	1	1	1/8	1/8	1	668				
45	43	128	128	0.5		1/8	1/8	Chord	3/4	1	1	1/8	1/8	1	669				
45	43	257/2	257/2	0.5		1/4	1/4	Chord	3/4	1	1	1/8	1/8	1	670				
45	43	129	129	0.5		3/8	3/8	Chord	3/4	1	1	1/8	1/8	1	671				
45	43	259/2	259/2	0.5		1/2	1/2	Chord	3/4	1	1	1/8	1/8	1	672				
45	43	130	130	0.5		5/8	5/8	Chord	3/4	1	1	1/8	1/8	1	673				
45	43	255/2	255/2	0.5		0	0	Chord	3/4	2	1	1/8	1/8	1	674				
45	43	128	128	0.5		1/8	1/8	Chord	3/4	2	1	1/8	1/8	1	675				
45	43	257/2	257/2	0.5		1/4	1/4	Chord	3/4	2	1	1/8	1/8	1	676				
45	43	129	129	0.5		3/8	3/8	Chord	3/4	2	1	1/8	1/8	1	677				
45	43	259/2	259/2	0.5		1/2	1/2	Chord	3/4	2	1	1/8	1/8	1	678				
45	43	130	130	0.5		5/8	5/8	Chord	3/4	2	1	1/8	1/8	1	679				
45	43	255/2	255/2	0.5		0	0	Chord	3/4	3	1	1/8	1/8	1	680				
45	43	128	128	0.5		1/8	1/8	Chord	3/4	3	1	1/8	1/8	1	681				
45	43	257/2	257/2	0.5		1/4	1/4	Chord	3/4	3	1	1/8	1/8	1	682				
45	43	129	129	0.5		3/8	3/8	Chord	3/4	3	1	1/8	1/8	1	683				
45	43	259/2	259/2	0.5		1/2	1/2	Chord	3/4	3	1	1/8	1/8	1	684				
45	43	130	130	0.5		5/8	5/8	Chord	3/4	3	1	1/8	1/8	1	685				
45	43	255/2	255/2	0.5		0	0	Chord	3/4	4	1	1/8	1/8	1	686				
45	43	128	128	0.5		1/8	1/8	Chord	3/4	4	1	1/8	1/8	1	687				
45	43	257/2	257/2	0.5		1/4	1/4	Chord	3/4	4	1	1/8	1/8	1	688				
45	43	129	129	0.5		3/8	3/8	Chord	3/4	4	1	1/8	1/8	1	689				
45	43	259/2	259/2	0.5		1/2	1/2	Chord	3/4	4	1	1/8	1/8	1	690				
45	43	130	130	0.5		5/8	5/8	Chord	3/4	4	1	1/8	1/8	1	691				
46	44	261/2	261/2	0.0		0	0	Dynamic	3/4	1	1	0				ff			
46	44	261/2	261/2	0.5		0	0	Chord	3/4	1	1	1/8	1/8	1	692				
46	44	131	131	0.5		1/8	1/8	Chord	3/4	1	1	1/8	1/8	1	693				
46	44	263/2	263/2	0.5		1/4	1/4	Chord	3/4	1	1	1/8	1/8	1	694				
46	44	132	132	0.5		3/8	3/8	Chord	3/4	1	1	1/8	1/8	1	695				
46	44	265/2	265/2	0.5		1/2	1/2	Chord	3/4	1	1	1/8	1/8	1	696				
46	44	133	133	0.5		5/8	5/8	Chord	3/4	1	1	1/8	1/8	1	697				
46	44	261/2	261/2	0.0		0	0	Dynamic	3/4	2	1	0				ff			
46	44	261/2	261/2	0.5		0	0	Chord	3/4	2	1	1/8	1/8	1	698				
46	44	131	131	0.5		1/8	1/8	Chord	3/4	2	1	1/8	1/8	1	699				
46	44	263/2	263/2	0.5		1/4	1/4	Chord	3/4	2	1	1/8	1/8	1	700				
46	44	132	132	0.5		3/8	3/8	Chord	3/4	2	1	1/8	1/8	1	701				
46	44	265/2	265/2	0.5		1/2	1/2	Chord	3/4	2	1	1/8	1/8	1	702				
46	44	133	133	0.5		5/8	5/8	Chord	3/4	2	1	1/8	1/8	1	703				
46	44	261/2	261/2	0.0		0	0	Dynamic	3/4	3	1	0				ff			
46	44	261/2	261/2	0.5		0	0	Chord	3/4	3	1	1/8	1/8	1	704				
46	44	131	131	0.5		1/8	1/8	Chord	3/4	3	1	1/8	1/8	1	705				
46	44	263/2	263/2	0.5		1/4	1/4	Chord	3/4	3	1	1/8	1/8	1	706				
46	44	132	132	0.5		3/8	3/8	Chord	3/4	3	1	1/8	1/8	1	707				
46	44	265/2	265/2	0.5		1/2	1/2	Chord	3/4	3	1	1/8	1/8	1	708				
46	44	133	133	0.5		5/8	5/8	Chord	3/4	3	1	1/8	1/8	1	709				
46	44	261/2	261/2	0.0		0	0	Dynamic	3/4	4	1	0				ff			
46	44	261/2	261/2	0.5		0	0	Chord	3/4	4	1	1/8	1/8	1	710				
46	44	131	131	0.5		1/8	1/8	Chord	3/4	4	1	1/8	1/8	1	711				
46	44	263/2	263/2	0.5		1/4	1/4	Chord	3/4	4	1	1/8	1/8	1	712				
46	44	132	132	0.5		3/8	3/8	Chord	3/4	4	1	1/8	1/8	1	713				
46	44	265/2	265/2	0.5		1/2	1/2	Chord	3/4	4	1	1/8	1/8	1	714				
46	44	133	133	0.5		5/8	5/8	Chord	3/4	4	1	1/8	1/8	1	715				
47	45	267/2	267/2	0.5		0	0	Chord	3/4	1	1	1/8	1/8	1	716				
47	45	134	134	0.5		1/8	1/8	Chord	3/4	1	1	1/8	1/8	1	717				
47	45	269/2	269/2	0.5		1/4	1/4	Chord	3/4	1	1	1/8	1/8	1	718				
47	45	135	135	0.5		3/8	3/8	Chord	3/4	1	1	1/8	1/8	1	719				
47	45	271/2	271/2	0.5		1/2	1/2	Chord	3/4	1	1	1/8	1/8	1	720				
47	45	136	136	0.5		5/8	5/8	Chord	3/4	1	1	1/8	1/8	1	721				
47	45	267/2	267/2	1.0		0	0	Chord	3/4	2	1	1/4	1/4	1	722				
47	45	267/2	267/2	1.0		0	0	Chord	3/4	3	1	1/4	1/4	1	723				
47	45	267/2	267/2	1.0		0	0	Chord	3/4	4	1	1/4	1/4	1	724				
48	46	273/2	273/2	0.0		0	0	Dynamic	3/4	1	1	0				p			
48	46	273/2	273/2	0.5		0	0	Chord	3/4	1	1	1/8	1/8	1	725				
48	46	137	137	0.5		1/8	1/8	Chord	3/4	1	1	1/8	1/8	1	726				
48	46	275/2	275/2	0.5		1/4	1/4	Chord	3/4	1	1	1/8	1/8	1	727				
48	46	138	138	0.5		3/8	3/8	Chord	3/4	1	1	1/8	1/8	1	728				
48	46	277/2	277/2	0.5		1/2	1/2	Chord	3/4	1	1	1/8	1/8	1	729				
48	46	139	139	0.5		5/8	5/8	Chord	3/4	1	1	1/8	1/8	1	730				
48	46	273/2	273/2	0.0		0	0	Dynamic	3/4	2	1	0				p			
48	46	273/2	273/2	1.0		0	0	Chord	3/4	2	1	1/4	1/4	1	731				
48	46	273/2	273/2	0.0		0	0	Dynamic	3/4	3	1	0				p			
48	46	273/2	273/2	1.0		0	0	Chord	3/4	3	1	1/4	1/4	1	732				
48	46	273/2	273/2	0.0		0	0	Dynamic	3/4	4	1	0				p			
48	46	273/2	273/2	1.0		0	0	Chord	3/4	4	1	1/4	1/4	1	733				
49	47	279/2	279/2	0.5		0	0	Chord	3/4	1	1	1/8	1/8	1	734				
49	47	140	140	0.5		1/8	1/8	Chord	3/4	1	1	1/8	1/8	1	735				
49	47	281/2	281/2	0.5		1/4	1/4	Chord	3/4	1	1	1/8	1/8	1	736				
49	47	141	141	0.5		3/8	3/8	Chord	3/4	1	1	1/8	1/8	1	737				
49	47	283/2	283/2	0.5		1/2	1/2	Chord	3/4	1	1	1/8	1/8	1	738				
49	47	142	142	0.5		5/8	5/8	Chord	3/4	1	1	1/8	1/8	1	739				
49	47	279/2	279/2	1.0		0	0	Chord	3/4	2	1	1/4	1/4	1	740				
49	47	279/2	279/2	1.0		0	0	Chord	3/4	3	1	1/4	1/4	1	741				
49	47	279/2	279/2	1.0		0	0	Chord	3/4	4	1	1/4	1/4	1	742				
50	48		285/2	1.0	1	0	0	Chord	3/4	1	1	1/4	1/4	1	743				
50	48		143	0.5	1	1/8	1/8	Chord	3/4	2	1	1/8	1/8	1	744				
50	48		287/2	0.5	1	1/4	1/4	Chord	3/4	2	1	1/8	1/8	1	745				
50	48		143	0.5	1	1/8	1/8	Chord	3/4	3	1	1/8	1/8	1	746				
50	48		287/2	0.5	1	1/4	1/4	Chord	3/4	3	1	1/8	1/8	1	747				
50	48		143	0.5	1	1/8	1/8	Chord	3/4	4	1	1/8	1/8	1	748				
50	48		287/2	0.5	1	1/4	1/4	Chord	3/4	4	1	1/8	1/8	1	749				
51	48	285/2	144	1.0	2	0	0	Chord	3/4	1	1	1/4	1/4	1	750				
51	48	143	289/2	0.5	2	1/8	1/8	Chord	3/4	2	1	1/8	1/8	1	751				
51	48	287/2	145	0.5	2	1/4	1/4	Chord	3/4	2	1	1/8	1/8	1	752				
51	48	143	289/2	0.5	2	1/8	1/8	Chord	3/4	3	1	1/8	1/8	1	753				
51	48	287/2	145	0.5	2	1/4	1/4	Chord	3/4	3	1	1/8	1/8	1	754				
51	48	143	289/2	0.5	2	1/8	1/8	Chord	3/4	4	1	1/8	1/8	1	755				
51	48	287/2	145	0.5	2	1/4	1/4	Chord	3/4	4	1	1/8	1/8	1	756				
52	48	145	293/2	0.0		0	5/8	StaffText	3/4	1	1	0						TRIO	
52	48	145	293/2	0.0		0	5/8	Dynamic	3/4	1	1	0				p			
52	48	145	293/2	0.25		0	5/8	Chord	3/4	1	1	1/16	1/16	1	757				2
52	48	581/4	587/4	0.25		1/16	11/16	Chord	3/4	1	1	1/16	1/16	1	758				
53	49	291/2	147	0.5		0	0	Chord	3/4	1	1	1/8	1/8	1	759		articStaccatoAbove		
53	49	146	295/2	0.25		1/8	1/8	Chord	3/4	1	1	1/16	1/16	1	760				3
53	49	585/4	591/4	0.25		3/16	3/16	Chord	3/4	1	1	1/16	1/16	1	761				
53	49	293/2	148	0.5		1/4	1/4	Chord	3/4	1	1	1/8	1/8	1	762		articStaccatoAbove		
53	49	147	297/2	0.25		3/8	3/8	Chord	3/4	1	1	1/16	1/16	1	763				4
53	49	589/4	595/4	0.25		7/16	7/16	Chord	3/4	1	1	1/16	1/16	1	764				
53	49	295/2	149	0.5		1/2	1/2	Chord	3/4	1	1	1/8	1/8	1	765		articStaccatoBelow		
53	49	148	299/2	0.25		5/8	5/8	Chord	3/4	1	1	1/16	1/16	1	766				5
53	49	593/4	599/4	0.25		11/16	11/16	Chord	3/4	1	1	1/16	1/16	1	767				
54	50	297/2	150	0.5		0	0	Chord	3/4	1	1	1/8	1/8	1	768		articStaccatoBelow		
54	50	149	301/2	0.25		1/8	1/8	Chord	3/4	1	1	1/16	1/16	1	769				6
54	50	597/4	603/4	0.25		3/16	3/16	Chord	3/4	1	1	1/16	1/16	1	770				
54	50	299/2	151	0.5		1/4	1/4	Chord	3/4	1	1	1/8	1/8	1	771		articStaccatoBelow		
54	50	150	303/2	0.25		3/8	3/8	Chord	3/4	1	1	1/16	1/16	1	772				7
54	50	601/4	607/4	0.25		7/16	7/16	Chord	3/4	1	1	1/16	1/16	1	773				
54	50	301/2	152	0.5		1/2	1/2	Chord	3/4	1	1	1/8	1/8	1	774		articStaccatoBelow		
54	50	151	305/2	0.25		5/8	5/8	Chord	3/4	1	1	1/16	1/16	1	775				8
54	50	605/4	611/4	0.25		11/16	11/16	Chord	3/4	1	1	1/16	1/16	1	776				
54	50	297/2	150	0.0		0	0	Dynamic	3/4	2	1	0				f			
54	50	297/2	150	0.0		0	0	Dynamic	3/4	2	1	0				fp			
54	50	297/2	150	1.0		0	0	Chord	3/4	2	1	1/4	1/4	1	777				
54	50	299/2	151	0.0		1/4	1/4	Dynamic	3/4	2	1	0				fp			
54	50	299/2	151	2.0		1/4	1/4	Chord	3/4	2	1	1/2	1/2	1	778				
54	50	297/2	150	0.0		0	0	Dynamic	3/4	3	1	0				f			
54	50	297/2	150	1.0		0	0	Chord	3/4	3	1	1/4	1/4	1	779				
54	50	301/2	152	0.0		1/2	1/2	Dynamic	3/4	3	1	0				p			
54	50	301/2	152	1.0		1/2	1/2	Chord	3/4	3	1	1/4	1/4	1	780				9
54	50	297/2	150	0.0		0	0	Dynamic	3/4	4	1	0				f			
54	50	297/2	150	1.0		0	0	Chord	3/4	4	1	1/4	1/4	1	781				
54	50	301/2	152	0.0		1/2	1/2	Dynamic	3/4	4	1	0				p			
54	50	301/2	152	1.0		1/2	1/2	Chord	3/4	4	1	1/4	1/4	1	782				10
55	51	303/2	153	0.5		0	0	Chord	3/4	1	1	1/8	1/8	1	783		articStaccatoBelow		
55	51	152	307/2	0.25		1/8	1/8	Chord	3/4	1	1	1/16	1/16	1	784				11
55	51	609/4	615/4	0.25		3/16	3/16	Chord	3/4	1	1	1/16	1/16	1	785				
55	51	305/2	154	0.5		1/4	1/4	Chord	3/4	1	1	1/8	1/8	1	786		articStaccatoBelow		
55	51	153	309/2	0.25		3/8	3/8	Chord	3/4	1	1	1/16	1/16	1	787				12
55	51	613/4	619/4	0.25		7/16	7/16	Chord	3/4	1	1	1/16	1/16	1	788				
55	51	307/2	155	0.5		1/2	1/2	Chord	3/4	1	1	1/8	1/8	1	789		articStaccatoBelow		
55	51	154	311/2	0.25		5/8	5/8	Chord	3/4	1	1	1/16	1/16	1	790				13
55	51	617/4	623/4	0.25		11/16	11/16	Chord	3/4	1	1	1/16	1/16	1	791				
55	51	303/2	153	1.0		0	0	Chord	3/4	2	1	1/4	1/4	1	792				
55	51	305/2	154	1.0		1/4	1/4	Chord	3/4	2	1	1/4	1/4	1	793				
55	51	307/2	155	1.0		1/2	1/2	Chord	3/4	2	1	1/4	1/4	1	794				
55	51	303/2	153	1.0		0	0	Chord	3/4	3	1	1/4	1/4	1	795				9
55	51	305/2	154	1.0		1/4	1/4	Chord	3/4	3	1	1/4	1/4	1	796				9
55	51	307/2	155	1.0		1/2	1/2	Chord	3/4	3	1	1/4	1/4	1	797				
55	51	303/2	153	1.0		0	0	Chord	3/4	4	1	1/4	1/4	1	798				10
55	51	305/2	154	1.0		1/4	1/4	Chord	3/4	4	1	1/4	1/4	1	799				10
55	51	307/2	155	1.0		1/2	1/2	Chord	3/4	4	1	1/4	1/4	1	800				
56	52	309/2	156	0.5		0	0	Chord	3/4	1	1	1/8	1/8	1	801		articStaccatoBelow		
56	52	155	313/2	0.25		1/8	1/8	Chord	3/4	1	1	1/16	1/16	1	802				14
56	52	621/4	627/4	0.25		3/16	3/16	Chord	3/4	1	1	1/16	1/16	1	803				
56	52	311/2	157	0.5		1/4	1/4	Chord	3/4	1	1	1/8	1/8	1	804		articStaccatoBelow		
56	52	156	315/2	0.25		3/8	3/8	Chord	3/4	1	1	1/16	1/16	1	805				15
56	52	625/4	631/4	0.25		7/16	7/16	Chord	3/4	1	1	1/16	1/16	1	806				
56	52	313/2	158	0.5		1/2	1/2	Chord	3/4	1	1	1/8	1/8	1	807		articStaccatoAbove		
56	52	157	317/2	0.25		5/8	5/8	Chord	3/4	1	1	1/16	1/16	1	808				16
56	52	629/4	635/4	0.25		11/16	11/16	Chord	3/4	1	1	1/16	1/16	1	809				
56	52	309/2	156	1.0		0	0	Chord	3/4	2	1	1/4	1/4	1	810				
56	52	309/2	156	1.0		0	0	Chord	3/4	3	1	1/4	1/4	1	811				
56	52	309/2	156	1.0		0	0	Chord	3/4	4	1	1/4	1/4	1	812				
57	53	315/2	159	0.5		0	0	Chord	3/4	1	1	1/8	1/8	1	813		articStaccatoAbove		
57	53	158	319/2	0.25		1/8	1/8	Chord	3/4	1	1	1/16	1/16	1	814				17
57	53	633/4	639/4	0.25		3/16	3/16	Chord	3/4	1	1	1/16	1/16	1	815				
57	53	317/2	160	0.5		1/4	1/4	Chord	3/4	1	1	1/8	1/8	1	816		articStaccatoAbove		
57	53	159	321/2	0.25		3/8	3/8	Chord	3/4	1	1	1/16	1/16	1	817				18
57	53	637/4	643/4	0.25		7/16	7/16	Chord	3/4	1	1	1/16	1/16	1	818				
57	53	319/2	161	0.5		1/2	1/2	Chord	3/4	1	1	1/8	1/8	1	819		articStaccatoBelow		
57	53	160	323/2	0.25		5/8	5/8	Chord	3/4	1	1	1/16	1/16	1	820				19
57	53	641/4	647/4	0.25		11/16	11/16	Chord	3/4	1	1	1/16	1/16	1	821				
58	54	321/2	162	0.5		0	0	Chord	3/4	1	1	1/8	1/8	1	822		articStaccatoBelow		
58	54	161	325/2	0.25		1/8	1/8	Chord	3/4	1	1	1/16	1/16	1	823				20
58	54	645/4	651/4	0.25		3/16	3/16	Chord	3/4	1	1	1/16	1/16	1	824				
58	54	323/2	163	0.5		1/4	1/4	Chord	3/4	1	1	1/8	1/8	1	825		articStaccatoAbove		
58	54	162	327/2	0.25		3/8	3/8	Chord	3/4	1	1	1/16	1/16	1	826				21
58	54	649/4	655/4	0.25		7/16	7/16	Chord	3/4	1	1	1/16	1/16	1	827				
58	54	325/2	164	0.5		1/2	1/2	Chord	3/4	1	1	1/8	1/8	1	828		articStaccatoAbove		
58	54	163	329/2	0.25		5/8	5/8	Chord	3/4	1	1	1/16	1/16	1	829				22
58	54	653/4	659/4	0.25		11/16	11/16	Chord	3/4	1	1	1/16	1/16	1	830				
58	54	321/2	162	0.0		0	0	Dynamic	3/4	2	1	0				fp			
58	54	321/2	162	1.0		0	0	Chord	3/4	2	1	1/4	1/4	1	831		articStaccatoBelow		
58	54	323/2	163	0.0		1/4	1/4	Dynamic	3/4	2	1	0				fp			
58	54	323/2	163	2.0		1/4	1/4	Chord	3/4	2	1	1/2	1/2	1	832				23
58	54	321/2	162	0.0		0	0	Dynamic	3/4	3	1	0				f			
58	54	321/2	162	0.0		0	0	Dynamic	3/4	3	1	0				f			
58	54	321/2	162	1.0		0	0	Chord	3/4	3	1	1/4	1/4	1	833				
58	54	325/2	164	0.0		1/2	1/2	Dynamic	3/4	3	1	0				p			
58	54	325/2	164	1.0		1/2	1/2	Chord	3/4	3	1	1/4	1/4	1	834				24
58	54	321/2	162	0.0		0	0	Dynamic	3/4	4	1	0				f			
58	54	321/2	162	1.0		0	0	Chord	3/4	4	1	1/4	1/4	1	835				
58	54	325/2	164	0.0		1/2	1/2	Dynamic	3/4	4	1	0				p			
58	54	325/2	164	1.0		1/2	1/2	Chord	3/4	4	1	1/4	1/4	1	836				25
59	55	327/2	165	0.5		0	0	Chord	3/4	1	1	1/8	1/8	1	837		articStaccatoAbove		
59	55	164	331/2	0.25		1/8	1/8	Chord	3/4	1	1	1/16	1/16	1	838				26
59	55	657/4	663/4	0.25		3/16	3/16	Chord	3/4	1	1	1/16	1/16	1	839				
59	55	329/2	166	0.5		1/4	1/4	Chord	3/4	1	1	1/8	1/8	1	840		articStaccatoAbove		
59	55	165	333/2	0.25		3/8	3/8	Chord	3/4	1	1	1/16	1/16	1	841				27
59	55	661/4	667/4	0.25		7/16	7/16	Chord	3/4	1	1	1/16	1/16	1	842				
59	55	331/2	167	0.5		1/2	1/2	Chord	3/4	1	1	1/8	1/8	1	843		articStaccatoBelow		
59	55	166	335/2	0.25		5/8	5/8	Chord	3/4	1	1	1/16	1/16	1	844				28
59	55	665/4	671/4	0.25		11/16	11/16	Chord	3/4	1	1	1/16	1/16	1	845				
59	55	327/2	165	1.0		0	0	Chord	3/4	2	1	1/4	1/4	1	846				23
59	55	329/2	166	1.0		1/4	1/4	Chord	3/4	2	1	1/4	1/4	1	847				23
59	55	331/2	167	1.0		1/2	1/2	Chord	3/4	2	1	1/4	1/4	1	848				
59	55	327/2	165	1.0		0	0	Chord	3/4	3	1	1/4	1/4	1	849				24
59	55	329/2	166	1.0		1/4	1/4	Chord	3/4	3	1	1/4	1/4	1	850				24
59	55	331/2	167	1.0		1/2	1/2	Chord	3/4	3	1	1/4	1/4	1	851				
59	55	327/2	165	1.0		0	0	Chord	3/4	4	1	1/4	1/4	1	852				25
59	55	329/2	166	1.0		1/4	1/4	Chord	3/4	4	1	1/4	1/4	1	853				25
59	55	331/2	167	1.0		1/2	1/2	Chord	3/4	4	1	1/4	1/4	1	854				
60	56	333/2	168	0.5		0	0	Chord	3/4	1	1	1/8	1/8	1	855		articStaccatoBelow		
60	56	167	337/2	0.25		1/8	1/8	Chord	3/4	1	1	1/16	1/16	1	856				29
60	56	669/4	675/4	0.25		3/16	3/16	Chord	3/4	1	1	1/16	1/16	1	857				
60	56	335/2	169	1.0		1/4	1/4	Chord	3/4	1	1	1/4	1/4	1	858				
60	56	333/2	168	1.0		0	0	Chord	3/4	2	1	1/4	1/4	1	859				
60	56	333/2	168	1.0		0	0	Chord	3/4	3	1	1/4	1/4	1	860				
60	56	333/2	168	1.0		0	0	Chord	3/4	4	1	1/4	1/4	1	861				
61	56	169	341/2	0.25		0	5/8	Chord	3/4	1	1	1/16	1/16	1	862				30
61	56	677/4	683/4	0.25		1/16	11/16	Chord	3/4	1	1	1/16	1/16	1	863				
62	57	339/2	171	0.5		0	0	Chord	3/4	1	1	1/8	1/8	1	864		articStaccatoAbove		
62	57	170	343/2	0.25		1/8	1/8	Chord	3/4	1	1	1/16	1/16	1	865				31
62	57	681/4	687/4	0.25		3/16	3/16	Chord	3/4	1	1	1/16	1/16	1	866				
62	57	341/2	172	0.5		1/4	1/4	Chord	3/4	1	1	1/8	1/8	1	867		articStaccatoAbove		
62	57	171	345/2	0.25		3/8	3/8	Chord	3/4	1	1	1/16	1/16	1	868				32
62	57	685/4	691/4	0.25		7/16	7/16	Chord	3/4	1	1	1/16	1/16	1	869				
62	57	343/2	173	0.5		1/2	1/2	Chord	3/4	1	1	1/8	1/8	1	870		articStaccatoAbove		
62	57	172	347/2	0.25		5/8	5/8	Chord	3/4	1	1	1/16	1/16	1	871				33
62	57	689/4	695/4	0.25		11/16	11/16	Chord	3/4	1	1	1/16	1/16	1	872				
62	57	341/2	172	0.0		1/4	1/4	Dynamic	3/4	3	1	0				p			
62	57	341/2	172	1.0		1/4	1/4	Chord	3/4	3	1	1/4	1/4	1	873				34
62	57	343/2	173	1.0		1/2	1/2	Chord	3/4	3	1	1/4	1/4	1	874				34
62	57	341/2	172	0.0		1/4	1/4	Dynamic	3/4	4	1	0				p			
62	57	341/2	172	1.0		1/4	1/4	Chord	3/4	4	1	1/4	1/4	1	875				35
62	57	343/2	173	1.0		1/2	1/2	Chord	3/4	4	1	1/4	1/4	1	876				35
63	58	345/2	174	0.5		0	0	Chord	3/4	1	1	1/8	1/8	1	877		articStaccatoAbove		
63	58	173	349/2	0.25		1/8	1/8	Chord	3/4	1	1	1/16	1/16	1	878				36
63	58	693/4	699/4	0.25		3/16	3/16	Chord	3/4	1	1	1/16	1/16	1	879				
63	58	347/2	175	0.5		1/4	1/4	Chord	3/4	1	1	1/8	1/8	1	880		articStaccatoAbove		
63	58	174	351/2	0.25		3/8	3/8	Chord	3/4	1	1	1/16	1/16	1	881				37
63	58	697/4	703/4	0.25		7/16	7/16	Chord	3/4	1	1	1/16	1/16	1	882				
63	58	349/2	176	0.5		1/2	1/2	Chord	3/4	1	1	1/8	1/8	1	883		articStaccatoAbove		
63	58	175	353/2	0.25		5/8	5/8	Chord	3/4	1	1	1/16	1/16	1	884				38
63	58	701/4	707/4	0.25		11/16	11/16	Chord	3/4	1	1	1/16	1/16	1	885				
63	58	347/2	175	0.0		1/4	1/4	Dynamic	3/4	2	1	0				p			
63	58	347/2	175	1.0		1/4	1/4	Chord	3/4	2	1	1/4	1/4	1	886				39
63	58	349/2	176	1.0		1/2	1/2	Chord	3/4	2	1	1/4	1/4	1	887				39
63	58	345/2	174	1.0		0	0	Chord	3/4	3	1	1/4	1/4	1	888		articStaccatoAbove		
63	58	347/2	175	1.0		1/4	1/4	Chord	3/4	3	1	1/4	1/4	1	889				40
63	58	349/2	176	1.0		1/2	1/2	Chord	3/4	3	1	1/4	1/4	1	890				40
63	58	345/2	174	1.0		0	0	Chord	3/4	4	1	1/4	1/4	1	891		articStaccatoAbove		
63	58	347/2	175	1.0		1/4	1/4	Chord	3/4	4	1	1/4	1/4	1	892				41
63	58	349/2	176	1.0		1/2	1/2	Chord	3/4	4	1	1/4	1/4	1	893				41
64	59	351/2	177	0.5		0	0	Chord	3/4	1	1	1/8	1/8	1	894		articStaccatoAbove		
64	59	176	355/2	0.25		1/8	1/8	Chord	3/4	1	1	1/16	1/16	1	895				42
64	59	705/4	711/4	0.25		3/16	3/16	Chord	3/4	1	1	1/16	1/16	1	896				
64	59	353/2	178	0.5		1/4	1/4	Chord	3/4	1	1	1/8	1/8	1	897		articStaccatoAbove		
64	59	177	357/2	0.25		3/8	3/8	Chord	3/4	1	1	1/16	1/16	1	898				43
64	59	709/4	715/4	0.25		7/16	7/16	Chord	3/4	1	1	1/16	1/16	1	899				
64	59	355/2	179	0.5		1/2	1/2	Chord	3/4	1	1	1/8	1/8	1	900		articStaccatoAbove		
64	59	178	359/2	0.25		5/8	5/8	Chord	3/4	1	1	1/16	1/16	1	901				44
64	59	713/4	719/4	0.25		11/16	11/16	Chord	3/4	1	1	1/16	1/16	1	902				
64	59	351/2	177	1.0		0	0	Chord	3/4	2	1	1/4	1/4	1	903				
64	59	351/2	177	1.0		0	0	Chord	3/4	3	1	1/4	1/4	1	904				
64	59	353/2	178	1.0		1/4	1/4	Chord	3/4	3	1	1/4	1/4	1	905				45
64	59	355/2	179	1.0		1/2	1/2	Chord	3/4	3	1	1/4	1/4	1	906				45
64	59	351/2	177	1.0		0	0	Chord	3/4	4	1	1/4	1/4	1	907				
64	59	353/2	178	1.0		1/4	1/4	Chord	3/4	4	1	1/4	1/4	1	908				46
64	59	355/2	179	1.0		1/2	1/2	Chord	3/4	4	1	1/4	1/4	1	909				46
65	60	357/2	180	0.5		0	0	Chord	3/4	1	1	1/8	1/8	1	910		articStaccatoBelow		
65	60	179	361/2	0.25		1/8	1/8	Chord	3/4	1	1	1/16	1/16	1	911				47
65	60	717/4	723/4	0.25		3/16	3/16	Chord	3/4	1	1	1/16	1/16	1	912				
65	60	359/2	181	0.5		1/4	1/4	Chord	3/4	1	1	1/8	1/8	1	913		articStaccatoAbove		
65	60	180	363/2	0.25		3/8	3/8	Chord	3/4	1	1	1/16	1/16	1	914				48
65	60	721/4	727/4	0.25		7/16	7/16	Chord	3/4	1	1	1/16	1/16	1	915				
65	60	361/2	182	0.5		1/2	1/2	Chord	3/4	1	1	1/8	1/8	1	916		articStaccatoAbove		
65	60	181	365/2	0.25		5/8	5/8	Chord	3/4	1	1	1/16	1/16	1	917				49
65	60	725/4	731/4	0.25		11/16	11/16	Chord	3/4	1	1	1/16	1/16	1	918				
65	60	359/2	181	1.0		1/4	1/4	Chord	3/4	2	1	1/4	1/4	1	919				50
65	60	361/2	182	1.0		1/2	1/2	Chord	3/4	2	1	1/4	1/4	1	920				
65	60	357/2	180	1.0		0	0	Chord	3/4	3	1	1/4	1/4	1	921		articStaccatoAbove		
65	60	359/2	181	1.0		1/4	1/4	Chord	3/4	3	1	1/4	1/4	1	922				
65	60	361/2	182	1.0		1/2	1/2	Chord	3/4	3	1	1/4	1/4	1	923				
65	60	357/2	180	1.0		0	0	Chord	3/4	4	1	1/4	1/4	1	924		articStaccatoBelow		
65	60	359/2	181	1.0		1/4	1/4	Chord	3/4	4	1	1/4	1/4	1	925				51
65	60	361/2	182	1.0		1/2	1/2	Chord	3/4	4	1	1/4	1/4	1	926				
66	61	363/2	183	0.5		0	0	Chord	3/4	1	1	1/8	1/8	1	927		articStaccatoAbove		
66	61	182	367/2	0.25		1/8	1/8	Chord	3/4	1	1	1/16	1/16	1	928				52
66	61	729/4	735/4	0.25		3/16	3/16	Chord	3/4	1	1	1/16	1/16	1	929				
66	61	365/2	184	0.5		1/4	1/4	Chord	3/4	1	1	1/8	1/8	1	930		articStaccatoAbove		
66	61	183	369/2	0.25		3/8	3/8	Chord	3/4	1	1	1/16	1/16	1	931				53
66	61	733/4	739/4	0.25		7/16	7/16	Chord	3/4	1	1	1/16	1/16	1	932				
66	61	367/2	185	0.5		1/2	1/2	Chord	3/4	1	1	1/8	1/8	1	933		articStaccatoBelow		
66	61	184	371/2	0.25		5/8	5/8	Chord	3/4	1	1	1/16	1/16	1	934				54
66	61	737/4	743/4	0.25		11/16	11/16	Chord	3/4	1	1	1/16	1/16	1	935				
67	62	369/2	186	0.0		0	0	Dynamic	3/4	1	1	0				fp			
67	62	369/2	186	0.5		0	0	Chord	3/4	1	1	1/8	1/8	1	936		articStaccatoBelow		
67	62	185	373/2	0.25		1/8	1/8	Chord	3/4	1	1	1/16	1/16	1	937				55
67	62	741/4	747/4	0.25		3/16	3/16	Chord	3/4	1	1	1/16	1/16	1	938				
67	62	371/2	187	0.5		1/4	1/4	Chord	3/4	1	1	1/8	1/8	1	939		articStaccatoAbove		
67	62	186	375/2	0.25		3/8	3/8	Chord	3/4	1	1	1/16	1/16	1	940				56
67	62	745/4	751/4	0.25		7/16	7/16	Chord	3/4	1	1	1/16	1/16	1	941				
67	62	373/2	188	0.5		1/2	1/2	Chord	3/4	1	1	1/8	1/8	1	942		articStaccatoAbove		
67	62	187	377/2	0.25		5/8	5/8	Chord	3/4	1	1	1/16	1/16	1	943				57
67	62	749/4	755/4	0.25		11/16	11/16	Chord	3/4	1	1	1/16	1/16	1	944				
67	62	369/2	186	1.0		0	0	Chord	3/4	2	1	1/4	1/4	1	945		articStaccatoBelow		
67	62	371/2	187	0.0		1/4	1/4	Dynamic	3/4	2	1	0				fp			
67	62	371/2	187	2.0		1/4	1/4	Chord	3/4	2	1	1/2	1/2	1	946				58
67	62	369/2	186	0.0		0	0	Dynamic	3/4	3	1	0				f			
67	62	369/2	186	0.0		0	0	Dynamic	3/4	3	1	0				f			
67	62	369/2	186	1.0		0	0	Chord	3/4	3	1	1/4	1/4	1	947				
67	62	373/2	188	0.0		1/2	1/2	Dynamic	3/4	3	1	0				p			
67	62	373/2	188	1.0		1/2	1/2	Chord	3/4	3	1	1/4	1/4	1	948				59
67	62	369/2	186	0.0		0	0	Dynamic	3/4	4	1	0				f			
67	62	369/2	186	1.0		0	0	Chord	3/4	4	1	1/4	1/4	1	949				
67	62	373/2	188	0.0		1/2	1/2	Dynamic	3/4	4	1	0				p			
67	62	373/2	188	1.0		1/2	1/2	Chord	3/4	4	1	1/4	1/4	1	950				60
68	63	375/2	189	0.5		0	0	Chord	3/4	1	1	1/8	1/8	1	951		articStaccatoAbove		
68	63	188	379/2	0.25		1/8	1/8	Chord	3/4	1	1	1/16	1/16	1	952				61
68	63	753/4	759/4	0.25		3/16	3/16	Chord	3/4	1	1	1/16	1/16	1	953				
68	63	377/2	190	0.5		1/4	1/4	Chord	3/4	1	1	1/8	1/8	1	954		articStaccatoAbove		
68	63	189	381/2	0.25		3/8	3/8	Chord	3/4	1	1	1/16	1/16	1	955				62
68	63	757/4	763/4	0.25		7/16	7/16	Chord	3/4	1	1	1/16	1/16	1	956				
68	63	379/2	191	0.5		1/2	1/2	Chord	3/4	1	1	1/8	1/8	1	957		articStaccatoBelow		
68	63	190	383/2	0.25		5/8	5/8	Chord	3/4	1	1	1/16	1/16	1	958				63
68	63	761/4	767/4	0.25		11/16	11/16	Chord	3/4	1	1	1/16	1/16	1	959				
68	63	375/2	189	1.0		0	0	Chord	3/4	2	1	1/4	1/4	1	960				58
68	63	377/2	190	1.0		1/4	1/4	Chord	3/4	2	1	1/4	1/4	1	961				58
68	63	379/2	191	1.0		1/2	1/2	Chord	3/4	2	1	1/4	1/4	1	962				
68	63	375/2	189	1.0		0	0	Chord	3/4	3	1	1/4	1/4	1	963				59
68	63	377/2	190	1.0		1/4	1/4	Chord	3/4	3	1	1/4	1/4	1	964				59
68	63	379/2	191	1.0		1/2	1/2	Chord	3/4	3	1	1/4	1/4	1	965				
68	63	375/2	189	1.0		0	0	Chord	3/4	4	1	1/4	1/4	1	966				60
68	63	377/2	190	1.0		1/4	1/4	Chord	3/4	4	1	1/4	1/4	1	967				60
68	63	379/2	191	1.0		1/2	1/2	Chord	3/4	4	1	1/4	1/4	1	968				
69	64		192	0.5	1	0	0	Chord	3/4	1	1	1/8	1/8	1	969		articStaccatoBelow		
69	64		385/2	0.25	1	1/8	1/8	Chord	3/4	1	1	1/16	1/16	1	970				64
69	64		771/4	0.25	1	3/16	3/16	Chord	3/4	1	1	1/16	1/16	1	971				
69	64		193	1.0	1	1/4	1/4	Chord	3/4	1	1	1/4	1/4	1	972				
69	64		192	1.0	1	0	0	Chord	3/4	2	1	1/4	1/4	1	973				
69	64		192	1.0	1	0	0	Chord	3/4	3	1	1/4	1/4	1	974				
69	64		192	1.0	1	0	0	Chord	3/4	4	1	1/4	1/4	1	975				
70	64	381/2	389/2	0.5	2	0	0	Chord	3/4	1	1	1/8	1/8	1	976		articStaccatoBelow		
70	64	191	195	0.25	2	1/8	1/8	Chord	3/4	1	1	1/16	1/16	1	977				65
70	64	765/4	781/4	0.25	2	3/16	3/16	Chord	3/4	1	1	1/16	1/16	1	978				
70	64	383/2	391/2	0.5	2	1/4	1/4	Chord	3/4	1	1	1/8	1/8	1	979				
70	64	192	196	0.0	2	3/8	3/8	Dynamic	3/4	1	1	0				ff			
70	64	192	196	1.0	2	3/8	3/8	Chord	3/4	1	1	1/4	1/4	1	980				
70	64	193	197	0.5	2	5/8	5/8	Chord	3/4	1	1	1/8	1/8	1	981				
70	64	381/2	389/2	1.0	2	0	0	Chord	3/4	2	1	1/4	1/4	1	982				
70	64	192	196	0.0	2	3/8	3/8	Dynamic	3/4	2	1	0				ff			
70	64	192	196	1.0	2	3/8	3/8	Chord	3/4	2	1	1/4	1/4	1	983				
70	64	193	197	0.5	2	5/8	5/8	Chord	3/4	2	1	1/8	1/8	1	984				
70	64	381/2	389/2	1.0	2	0	0	Chord	3/4	3	1	1/4	1/4	1	985				
70	64	381/2	389/2	1.0	2	0	0	Chord	3/4	4	1	1/4	1/4	1	986				
71	65	387/2	395/2	0.5		0	0	Chord	3/4	1	1	1/8	1/8	1	987				
71	65	194	198	0.5		1/8	1/8	Chord	3/4	1	1	1/8	1/8	1	988		articStaccatoAbove		
71	65	389/2	397/2	0.5		1/4	1/4	Chord	3/4	1	1	1/8	1/8	1	989		articStaccatoAbove		
71	65	195	199	0.0		3/8	3/8	Dynamic	3/4	1	1	0				sf			
71	65	195	199	1.0		3/8	3/8	Chord	3/4	1	1	1/4	1/4	1	990				
71	65	196	200	0.5		5/8	5/8	Chord	3/4	1	1	1/8	1/8	1	991				
71	65	387/2	395/2	0.5		0	0	Chord	3/4	2	1	1/8	1/8	1	992				
71	65	194	198	0.5		1/8	1/8	Chord	3/4	2	1	1/8	1/8	1	993		articStaccatoBelow		
71	65	389/2	397/2	0.5		1/4	1/4	Chord	3/4	2	1	1/8	1/8	1	994		articStaccatoBelow		
71	65	195	199	0.0		3/8	3/8	Dynamic	3/4	2	1	0				sf			
71	65	195	199	1.0		3/8	3/8	Chord	3/4	2	1	1/4	1/4	1	995				
71	65	196	200	0.5		5/8	5/8	Chord	3/4	2	1	1/8	1/8	1	996				
71	65	387/2	395/2	0.0		0	0	Dynamic	3/4	3	1	0				ff			
71	65	387/2	395/2	0.5		0	0	Chord	3/4	3	1	1/8	1/8	1	997				
71	65	194	198	0.5		1/8	1/8	Chord	3/4	3	1	1/8	1/8	1	998				
71	65	389/2	397/2	0.5		1/4	1/4	Chord	3/4	3	1	1/8	1/8	1	999				
71	65	387/2	395/2	0.0		0	0	Dynamic	3/4	4	1	0				ff			
71	65	387/2	395/2	0.5		0	0	Chord	3/4	4	1	1/8	1/8	1	1000				
71	65	194	198	0.5		1/8	1/8	Chord	3/4	4	1	1/8	1/8	1	1001				
71	65	389/2	397/2	0.5		1/4	1/4	Chord	3/4	4	1	1/8	1/8	1	1002				
72	66	393/2	401/2	0.5		0	0	Chord	3/4	1	1	1/8	1/8	1	1003				
72	66	197	201	0.5		1/8	1/8	Chord	3/4	1	1	1/8	1/8	1	1004		articStaccatoAbove		
72	66	395/2	403/2	0.5		1/4	1/4	Chord	3/4	1	1	1/8	1/8	1	1005		articStaccatoAbove		
72	66	198	202	0.0		3/8	3/8	Dynamic	3/4	1	1	0				sf			
72	66	198	202	1.0		3/8	3/8	Chord	3/4	1	1	1/4	1/4	1	1006				
72	66	199	203	0.5		5/8	5/8	Chord	3/4	1	1	1/8	1/8	1	1007				
72	66	393/2	401/2	0.5		0	0	Chord	3/4	2	1	1/8	1/8	1	1008				
72	66	197	201	0.5		1/8	1/8	Chord	3/4	2	1	1/8	1/8	1	1009		articStaccatoBelow		
72	66	395/2	403/2	0.5		1/4	1/4	Chord	3/4	2	1	1/8	1/8	1	1010		articStaccatoBelow		
72	66	198	202	0.0		3/8	3/8	Dynamic	3/4	2	1	0				sf			
72	66	198	202	1.0		3/8	3/8	Chord	3/4	2	1	1/4	1/4	1	1011				
72	66	199	203	0.5		5/8	5/8	Chord	3/4	2	1	1/8	1/8	1	1012				
72	66	393/2	401/2	0.0		0	0	Dynamic	3/4	3	1	0				ff			
72	66	393/2	401/2	0.5		0	0	Chord	3/4	3	1	1/8	1/8	1	1013				
72	66	197	201	0.5		1/8	1/8	Chord	3/4	3	1	1/8	1/8	1	1014				
72	66	395/2	403/2	0.5		1/4	1/4	Chord	3/4	3	1	1/8	1/8	1	1015				
72	66	393/2	401/2	0.0		0	0	Dynamic	3/4	4	1	0				ff			
72	66	393/2	401/2	0.5		0	0	Chord	3/4	4	1	1/8	1/8	1	1016				
72	66	197	201	0.5		1/8	1/8	Chord	3/4	4	1	1/8	1/8	1	1017				
72	66	395/2	403/2	0.5		1/4	1/4	Chord	3/4	4	1	1/8	1/8	1	1018				
73	67	399/2	407/2	0.5		0	0	Chord	3/4	1	1	1/8	1/8	1	1019				
73	67	200	204	0.5		1/8	1/8	Chord	3/4	1	1	1/8	1/8	1	1020		articStaccatoAbove		
73	67	401/2	409/2	0.0		1/4	1/4	StaffText	3/4	1	1	0						D.C. Scherzo	
73	67	401/2	409/2	0.5		1/4	1/4	Chord	3/4	1	1	1/8	1/8	1	1021		articStaccatoAbove		
73	67	201	205	0.5		3/8	3/8	Chord	3/4	1	1	1/8	1/8	1	1022		articStaccatoAbove		
73	67	403/2	411/2	0.5		1/2	1/2	Chord	3/4	1	1	1/8	1/8	1	1023		articStaccatoAbove		
73	67	202	206	0.5		5/8	5/8	Chord	3/4	1	1	1/8	1/8	1	1024		articStaccatoAbove		
73	67	399/2	407/2	0.5		0	0	Chord	3/4	2	1	1/8	1/8	1	1025				
73	67	200	204	0.5		1/8	1/8	Chord	3/4	2	1	1/8	1/8	1	1026		articStaccatoBelow		
73	67	401/2	409/2	0.5		1/4	1/4	Chord	3/4	2	1	1/8	1/8	1	1027		articStaccatoBelow		
73	67	201	205	0.5		3/8	3/8	Chord	3/4	2	1	1/8	1/8	1	1028		articStaccatoBelow		
73	67	403/2	411/2	0.5		1/2	1/2	Chord	3/4	2	1	1/8	1/8	1	1029		articStaccatoBelow		
73	67	202	206	0.5		5/8	5/8	Chord	3/4	2	1	1/8	1/8	1	1030		articStaccatoBelow		
73	67	399/2	407/2	0.5		0	0	Chord	3/4	3	1	1/8	1/8	1	1031				
73	67	200	204	0.5		1/8	1/8	Chord	3/4	3	1	1/8	1/8	1	1032				
73	67	401/2	409/2	0.5		1/4	1/4	Chord	3/4	3	1	1/8	1/8	1	1033				
73	67	201	205	0.5		3/8	3/8	Chord	3/4	3	1	1/8	1/8	1	1034				
73	67	403/2	411/2	0.5		1/2	1/2	Chord	3/4	3	1	1/8	1/8	1	1035				
73	67	202	206	0.5		5/8	5/8	Chord	3/4	3	1	1/8	1/8	1	1036				
73	67	399/2	407/2	0.5		0	0	Chord	3/4	4	1	1/8	1/8	1	1037				
73	67	200	204	0.5		1/8	1/8	Chord	3/4	4	1	1/8	1/8	1	1038				
73	67	401/2	409/2	0.5		1/4	1/4	Chord	3/4	4	1	1/8	1/8	1	1039				
73	67	201	205	0.5		3/8	3/8	Chord	3/4	4	1	1/8	1/8	1	1040				
73	67	403/2	411/2	0.5		1/2	1/2	Chord	3/4	4	1	1/8	1/8	1	1041				
73	67	202	206	0.5		5/8	5/8	Chord	3/4	4	1	1/8	1/8	1	1042				
74	68	405/2	413/2	1.0		0	0	Chord	3/4	1	1	1/4	1/4	1	1043				
74	68	405/2	413/2	1.0		0	0	Chord	3/4	2	1	1/4	1/4	1	1044				
74	68	405/2	413/2	1.0		0	0	Chord	3/4	3	1	1/4	1/4	1	1045				
74	68	405/2	413/2	1.0		0	0	Chord	3/4	4	1	1/4	1/4	1	1046				
