mc	mn	mc_playthrough	mn_playthrough	quarterbeats_playthrough	quarterbeats_all_endings	duration_qb	mc_onset	mn_onset	timesig	staff	voice	volta	label	globalkey	localkey	pedal	chord	special	numeral	form	figbass	changes	relativeroot	cadence	phraseend	chord_type	globalkey_is_minor	localkey_is_minor	chord_tones	added_tones	root	bass_note
1	1	1	1a	0	0	1.5	0	0	6/8	4	1		e.i	e	i		i		i							m	1	1	0, -3, 1		0	0
1	1	1	1a	3/2	3/2	4.5	3/8	3/8	6/8	4	1		V6	e	i		V6		V		6					M	1	1	5, 2, 1		1	5
3	3	3	3a	6	6	3.0	0	0	6/8	4	1		i	e	i		i		i							m	1	1	0, -3, 1		0	0
4	4	4	4a	9	9	1.5	0	0	6/8	4	1		V7	e	i		V7		V		7					Mm7	1	1	1, 5, 2, -1		1	1
4	4	4	4a	21/2	21/2	4.5	3/8	3/8	6/8	4	1		i\\	e	i		i		i						\\	m	1	1	0, -3, 1		0	0
6	6	6	6a	15	15	3.0	0	0	6/8	4	1		bII	e	i		bII		bII							M	1	1	-5, -1, -4		-5	-5
7	7	7	7a	18	18	1.5	0	0	6/8	4	1		V7/bII	e	i		V7/bII		V		7		bII			Mm7	1	1	-4, 0, -3, -6		-4	-4
7	7	7	7a	39/2	39/2	4.5	3/8	3/8	6/8	4	1		bII	e	i		bII		bII							M	1	1	-5, -1, -4		-5	-5
9	9	9	9a	24	24	3.0	0	0	6/8	4	1		viio7	e	i		viio7		vii	o	7					o7	1	1	-2, -5, -8, -11		-2	-2
10	10	10	10a	27	27	1.5	0	0	6/8	4	1		V65(2)	e	i		V65(2)		V		65	2				Mm7	1	1	5, 2, -1, -4		1	5
10	10	10	10a	57/2	57/2	1.5	3/8	3/8	6/8	4	1		V65	e	i		V65		V		65					Mm7	1	1	5, 2, -1, 1		1	5
11	11	11	11a	30	30	3.0	0	0	6/8	4	1		V7	e	i		V7		V		7					Mm7	1	1	1, 5, 2, -1		1	1
12	12	12	12a	33	33	1.5	0	0	6/8	4	1		V7(2)	e	i		V7(2)		V		7	2				Mm7	1	1	-4, 5, 2, -1		1	-4
12	12	12	12a	69/2	69/2	1.5	3/8	3/8	6/8	4	1		V7	e	i		V7		V		7					Mm7	1	1	1, 5, 2, -1		1	1
13	13	13	13a	36	36	1.5	0	0	6/8	4	1		V(64)	e	i		V(64)		V			64				M	1	1	1, 0, -3		1	1
13	13	13	13a	75/2	75/2	1.5	3/8	3/8	6/8	4	1		V7	e	i		V7		V		7					Mm7	1	1	1, 5, 2, -1		1	1
14	14	14	14a	39	39	1.5	0	0	6/8	4	1		V(64)	e	i		V(64)		V			64				M	1	1	1, 0, -3		1	1
14	14	14	14a	81/2	81/2	0.5	3/8	3/8	6/8	4	1		V7(4)	e	i		V7(4)		V		7	4				Mm7	1	1	1, 0, 2, -1		1	1
14	14	14	14a	41	41	1.0	1/2	1/2	6/8	4	1		V7	e	i		V7		V		7					Mm7	1	1	1, 5, 2, -1		1	1
15	15	15	15a	42	42	1.5	0	0	6/8	4	1		i\\	e	i		i		i						\\	m	1	1	0, -3, 1		0	0
15	15	15	15a	87/2	87/2	0.5	3/8	3/8	6/8	4	1		iv	e	i		iv		iv							m	1	1	-1, -4, 0		-1	-1
15	15	15	15a	44	44	0.5	1/2	1/2	6/8	4	1		V6/iv	e	i		V6/iv		V		6		iv			M	1	1	4, 1, 0		0	4
15	15	15	15a	89/2	89/2	0.5	5/8	5/8	6/8	4	1		iv	e	i		iv		iv							m	1	1	-1, -4, 0		-1	-1
16	16	16	16a	45	45	1.5	0	0	6/8	4	1		bII	e	i		bII		bII							M	1	1	-5, -1, -4		-5	-5
16	16	16	16a	93/2	93/2	1.5	3/8	3/8	6/8	4	1		vii	e	i		vii		vii							m	1	1	-2, -5, -1		-2	-2
17	17	17	17a	48	48	2.25	0	0	6/8	4	1		III	e	i		III		III							M	1	1	-3, 1, -2		-3	-3
17	17	17	17a	201/4	201/4	1.25	9/16	9/16	6/8	4	1		bII	e	i		bII		bII							M	1	1	-5, -1, -4		-5	-5
18	18	18	18a	103/2	103/2	1.0	1/8	1/8	6/8	4	1		viio7/V	e	i		viio7/V		vii	o	7		V			o7	1	1	6, 3, 0, -3		6	6
18	18	18	18a	105/2	105/2	1.5	3/8	3/8	6/8	4	1		V(64)	e	i		V(64)		V			64				M	1	1	1, 0, -3		1	1
19	19	19	19a	54	54	1.5	0	0	6/8	4	1		#viio2	e	i		#viio2		#vii	o	2					o7	1	1	-4, 5, 2, -1		5	-4
19	19	19	19a	111/2	111/2	4.5	3/8	3/8	6/8	4	1		V6\\	e	i		V6		V		6				\\	M	1	1	5, 2, 1		1	5
21	21	21	21a	60	60	1.5	0	0	6/8	4	1		i[i6	e	i	i	i6		i		6					m	1	1	-3, 1, 0		0	-3
21	21	21	21a	123/2	123/2	1.5	3/8	3/8	6/8	4	1		#viio64	e	i	i	#viio64		#vii	o	64					o	1	1	-1, 5, 2		5	-1
22	22	22	22a	63	63	1.5	0	0	6/8	4	1		i6	e	i	i	i6		i		6					m	1	1	-3, 1, 0		0	-3
22	22	22	22a	129/2	129/2	1.5	3/8	3/8	6/8	4	1		#viio64	e	i	i	#viio64		#vii	o	64					o	1	1	-1, 5, 2		5	-1
23	23	23	23a	66	66	1.5	0	0	6/8	4	1		i6]	e	i	i	i6		i		6					m	1	1	-3, 1, 0		0	-3
23	23	23	23a	135/2	135/2	0.5	3/8	3/8	6/8	4	1		iv	e	i		iv		iv							m	1	1	-1, -4, 0		-1	-1
23	23	23	23a	68	68	0.5	1/2	1/2	6/8	4	1		V6/iv	e	i		V6/iv		V		6		iv			M	1	1	4, 1, 0		0	4
23	23	23	23a	137/2	137/2	0.5	5/8	5/8	6/8	4	1		iv	e	i		iv		iv							m	1	1	-1, -4, 0		-1	-1
24	24	24	24a	69	69	1.5	0	0	6/8	4	1		bII	e	i		bII		bII							M	1	1	-5, -1, -4		-5	-5
24	24	24	24a	141/2	141/2	2.25	3/8	3/8	6/8	4	1		vii	e	i		vii		vii							m	1	1	-2, -5, -1		-2	-2
25	25	25	25a	291/4	291/4	1.75	3/16	3/16	6/8	4	1		bII	e	i		bII		bII							M	1	1	-5, -1, -4		-5	-5
25	25	25	25a	149/2	149/2	0.5	5/8	5/8	6/8	4	1		vi.iv6	e	vi		iv6		iv		6					m	1	1	-4, 0, -1		-1	-4
26	26	26	26a	75	75	3.0	0	0	6/8	4	1		V7	e	vi		V7		V		7					Mm7	1	1	1, 5, 2, -1		1	1
27	27	27	27a	78	78	3.0	0	0	6/8	4	1		i	e	vi		i		i							m	1	1	0, -3, 1		0	0
28	28	28	28a	81	81	3.0	0	0	6/8	4	1		iii.V65	e	iii		V65		V		65					Mm7	1	1	5, 2, -1, 1		1	5
29	29	29	29a	84	84	3.0	0	0	6/8	4	1		i	e	iii		i		i							m	1	1	0, -3, 1		0	0
30	30	30	30a	87	87	2.5	0	0	6/8	4	1		VI	e	iii		VI		VI							M	1	1	-4, 0, -3		-4	-4
30	30	30	30a	179/2	179/2	0.5	5/8	5/8	6/8	4	1		Ger6	e	iii		Ger6	Ger	vii	o	65	b3	V			Ger	1	1	-4, 0, -3, 6		6	-4
31	31	31	31a	90	90	0.75	0	0	6/8	4	1		V[V	e	iii	V	V		V							M	1	1	1, 5, 2		1	1
31	31	31	31a	363/4	363/4	0.25	3/16	3/16	6/8	4	1		iv6	e	iii	V	iv6		iv		6					m	1	1	-4, 0, -1		-1	-4
31	31	31	31a	91	91	0.5	1/4	1/4	6/8	4	1		viio7/V	e	iii	V	viio7/V		vii	o	7		V			o7	1	1	6, 3, 0, -3		6	6
31	31	31	31a	183/2	183/2	1.0	3/8	3/8	6/8	4	1		V	e	iii	V	V		V							M	1	1	1, 5, 2		1	1
31	31	31	31a	185/2	185/2	0.5	5/8	5/8	6/8	4	1		viio7/V	e	iii	V	viio7/V		vii	o	7		V			o7	1	1	6, 3, 0, -3		6	6
32	32	32	32a	93	93	0.25	0	0	6/8	4	1		V	e	iii	V	V		V							M	1	1	1, 5, 2		1	1
32	32	32	32a	373/4	373/4	0.5	1/16	1/16	6/8	4	1		VI6	e	iii	V	VI6		VI		6					M	1	1	0, -3, -4		-4	0
32	32	32	32a	375/4	375/4	0.25	3/16	3/16	6/8	4	1		viio43/V	e	iii	V	viio43/V		vii	o	43		V			o7	1	1	0, -3, 6, 3		6	0
32	32	32	32a	94	94	0.25	1/4	1/4	6/8	4	1		V6	e	iii	V	V6		V		6					M	1	1	5, 2, 1		1	5
32	32	32	32a	377/4	377/4	0.25	5/16	5/16	6/8	4	1		Ger6	e	iii	V	Ger6	Ger	vii	o	65	b3	V			Ger	1	1	-4, 0, -3, 6		6	-4
32	32	32	32a	189/2	189/2	0.25	3/8	3/8	6/8	4	1		V	e	iii	V	V		V							M	1	1	1, 5, 2		1	1
32	32	32	32a	379/4	379/4	0.25	7/16	7/16	6/8	4	1		viio7/V	e	iii	V	viio7/V		vii	o	7		V			o7	1	1	6, 3, 0, -3		6	6
32	32	32	32a	95	95	0.25	1/2	1/2	6/8	4	1		V	e	iii	V	V		V							M	1	1	1, 5, 2		1	1
32	32	32	32a	381/4	381/4	0.25	9/16	9/16	6/8	4	1		V7/V	e	iii	V	V7/V		V		7		V			Mm7	1	1	2, 6, 3, 0		2	2
32	32	32	32a	191/2	191/2	0.25	5/8	5/8	6/8	4	1		V	e	iii	V	V		V							M	1	1	1, 5, 2		1	1
32	32	32	32a	383/4	383/4	0.25	11/16	11/16	6/8	4	1		V7/V	e	iii	V	V7/V		V		7		V			Mm7	1	1	2, 6, 3, 0		2	2
33	33	33	33a	96	96	1.5	0	0	6/8	4	1		V]	e	iii	V	V		V							M	1	1	1, 5, 2		1	1
33	33	33	33a	195/2	195/2	4.5	3/8	3/8	6/8	4	1		III.V\\	e	III		V		V						\\	M	1	0	1, 5, 2		1	1
35	35	35	35a	102	102	3.0	0	0	6/8	4	1		V7	e	III		V7		V		7					Mm7	1	0	1, 5, 2, -1		1	1
36	36	36	36a	105	105	3.0	0	0	6/8	4	1		V43	e	III		V43		V		43					Mm7	1	0	2, -1, 1, 5		1	2
37	37	37	37a	108	108	1.5	0	0	6/8	4	1		V65	e	III		V65		V		65					Mm7	1	0	5, 2, -1, 1		1	5
37	37	37	37a	219/2	219/2	1.5	3/8	3/8	6/8	4	1		V43	e	III		V43		V		43					Mm7	1	0	2, -1, 1, 5		1	2
38	38	38	38a	111	111	3.0	0	0	6/8	4	1		V2	e	III		V2		V		2					Mm7	1	0	-1, 1, 5, 2		1	-1
39	39	39	39a	114	114	1.5	0	0	6/8	4	1		I6	e	III		I6		I		6					M	1	0	4, 1, 0		0	4
39	39	39	39a	231/2	231/2	1.5	3/8	3/8	6/8	4	1		IV	e	III		IV		IV							M	1	0	-1, 3, 0		-1	-1
40	40	40	40a	117	117	1.0	0	0	6/8	4	1		V	e	III		V		V							M	1	0	1, 5, 2		1	1
40	40	40	40a	118	118	0.5	1/4	1/4	6/8	4	1		V7	e	III		V7		V		7					Mm7	1	0	1, 5, 2, -1		1	1
40	40	40	40a	237/2	237/2	1.5	3/8	3/8	6/8	4	1		I\\	e	III		I		I						\\	M	1	0	0, 4, 1		0	0
41	41	41	41a	120	120	1.5	0	0	6/8	4	1		I6	e	III		I6		I		6					M	1	0	4, 1, 0		0	4
41	41	41	41a	243/2	243/2	1.0	3/8	3/8	6/8	4	1		IV(+4)	e	III		IV(+4)		IV			+4				M	1	0	-1, 3, 0	5	-1	-1
41	41	41	41a	245/2	245/2	0.5	5/8	5/8	6/8	4	1		IV	e	III		IV		IV							M	1	0	-1, 3, 0		-1	-1
42	42	42	42a	123	123	3.0	0	0	6/8	4	1		viio7	e	III		viio7		vii	o	7					o7	1	0	5, 2, -1, -4		5	5
43	43	43	43a	126	126	1.5	0	0	6/8	4	1		I6	e	III		I6		I		6					M	1	0	4, 1, 0		0	4
43	43	43	43a	255/2	255/2	0.5	3/8	3/8	6/8	4	1		ii64(2)	e	III		ii64(2)		ii		64	2				m	1	0	3, 4, -1		2	3
43	43	43	43a	128	128	1.0	1/2	1/2	6/8	4	1		ii64	e	III		ii64		ii		64					m	1	0	3, 2, -1		2	3
44	44	44	44a	129	129	1.0	0	0	6/8	4	1		V(9)	e	III		V(9)		V			9				M	1	0	1, 5, 2	3	1	1
44	44	44	44a	130	130	0.5	1/4	1/4	6/8	4	1		V6	e	III		V6		V		6					M	1	0	5, 2, 1		1	5
44	44	44	44a	261/2	261/2	1.5	3/8	3/8	6/8	4	1		V	e	III		V		V							M	1	0	1, 5, 2		1	1
45	45	45	45a	132	132	1.5	0	0	6/8	4	1		I	e	III		I		I							M	1	0	0, 4, 1		0	0
45	45	45	45a	267/2	267/2	0.5	3/8	3/8	6/8	4	1		ii6(#76)	e	III		ii6(#76)		ii		6	#76				m	1	0	-1, 5, 7		2	-1
45	45	45	45a	134	134	0.5	1/2	1/2	6/8	4	1		ii6	e	III		ii6		ii		6					m	1	0	-1, 3, 2		2	-1
45	45	45	45a	269/2	269/2	0.5	5/8	5/8	6/8	4	1		ii	e	III		ii		ii							m	1	0	2, -1, 3		2	2
46	46	46	46a	135	135	1.0	0	0	6/8	4	1		V6(2)	e	III		V6(2)		V		6	2				M	1	0	5, 2, 3		1	5
46	46	46	46a	136	136	0.5	1/4	1/4	6/8	4	1		V6	e	III		V6		V		6					M	1	0	5, 2, 1		1	5
46	46	46	46a	273/2	273/2	1.5	3/8	3/8	6/8	4	1		V	e	III		V		V							M	1	0	1, 5, 2		1	1
47	47	47	47a	138	138	0.75	0	0	6/8	4	1		I(11#2)	e	III		I(11#2)		I			11#2				M	1	0	0, 9, 1	-1	0	0
47	47	47	47a	555/4	555/4	0.75	3/16	3/16	6/8	4	1		I	e	III		I		I							M	1	0	0, 4, 1		0	0
47	47	47	47a	279/2	279/2	2.0	3/8	3/8	6/8	4	1		V65/V	e	III		V65/V		V		65		V			Mm7	1	0	6, 3, 0, 2		2	6
48	48	48	48a	283/2	283/2	2.0	1/8	1/8	6/8	4	1		V(64)	e	III		V(64)		V			64				M	1	0	1, 0, 4		1	1
48	48	48	48a	287/2	287/2	0.5	5/8	5/8	6/8	4	1		V7	e	III		V7		V		7					Mm7	1	0	1, 5, 2, -1		1	1
49	49	49	49a	144	144	0.75	0	0	6/8	4	1		viio2	e	III		viio2		vii	o	2					o7	1	0	-4, 5, 2, -1		5	-4
49	49	49	49a	579/4	579/4	0.25	3/16	3/16	6/8	4	1		V	e	III		V		V							M	1	0	1, 5, 2		1	1
49	49	49	49a	145	145	0.25	1/4	1/4	6/8	4	1		viio43	e	III		viio43		vii	o	43					o7	1	0	-1, -4, 5, 2		5	-1
49	49	49	49a	581/4	581/4	0.25	5/16	5/16	6/8	4	1		V	e	III		V		V							M	1	0	1, 5, 2		1	1
49	49	49	49a	291/2	291/2	0.75	3/8	3/8	6/8	4	1		viio2	e	III		viio2		vii	o	2					o7	1	0	-4, 5, 2, -1		5	-4
49	49	49	49a	585/4	585/4	0.25	9/16	9/16	6/8	4	1		V	e	III		V		V							M	1	0	1, 5, 2		1	1
49	49	49	49a	293/2	293/2	0.5	5/8	5/8	6/8	4	1		viio43	e	III		viio43		vii	o	43					o7	1	0	-1, -4, 5, 2		5	-1
50	50	50	50a	147	147	0.75	0	0	6/8	4	1		viio65/V	e	III		viio65/V		vii	o	65		V			o7	1	0	3, 0, -3, 6		6	3
50	50	50	50a	591/4	591/4	0.25	3/16	3/16	6/8	4	1		i64	e	III		i64		i		64					m	1	0	1, 0, -3		0	1
50	50	50	50a	148	148	0.25	1/4	1/4	6/8	4	1		viio7/V	e	III		viio7/V		vii	o	7		V			o7	1	0	6, 3, 0, -3		6	6
50	50	50	50a	593/4	593/4	0.25	5/16	5/16	6/8	4	1		i64	e	III		i64		i		64					m	1	0	1, 0, -3		0	1
50	50	50	50a	297/2	297/2	0.75	3/8	3/8	6/8	4	1		viio65/V	e	III		viio65/V		vii	o	65		V			o7	1	0	3, 0, -3, 6		6	3
50	50	50	50a	597/4	597/4	0.25	9/16	9/16	6/8	4	1		i64	e	III		i64		i		64					m	1	0	1, 0, -3		0	1
50	50	50	50a	299/2	299/2	0.5	5/8	5/8	6/8	4	1		viio7/V	e	III		viio7/V		vii	o	7		V			o7	1	0	6, 3, 0, -3		6	6
51	51	51	51a	150	150	1.0	0	0	6/8	4	1		V\\	e	III		V		V						\\	M	1	0	1, 5, 2		1	1
51	51	51	51a	151	151	0.5	1/4	1/4	6/8	4	1		V65	e	III		V65		V		65					Mm7	1	0	5, 2, -1, 1		1	5
51	51	51	51a	303/2	303/2	0.5	3/8	3/8	6/8	4	1		I	e	III		I		I							M	1	0	0, 4, 1		0	0
51	51	51	51a	152	152	0.5	1/2	1/2	6/8	4	1		viio43	e	III		viio43		vii	o	43					o7	1	0	-1, -4, 5, 2		5	-1
51	51	51	51a	305/2	305/2	0.5	5/8	5/8	6/8	4	1		I6	e	III		I6		I		6					M	1	0	4, 1, 0		0	4
52	52	52	52a	153	153	0.5	0	0	6/8	4	1		ii6	e	III		ii6		ii		6					m	1	0	-1, 3, 2		2	-1
52	52	52	52a	307/2	307/2	0.5	1/8	1/8	6/8	4	1		I64	e	III		I64		I		64					M	1	0	1, 0, 4		0	1
52	52	52	52a	154	154	0.5	1/4	1/4	6/8	4	1		V43/V	e	III		V43/V		V		43		V			Mm7	1	0	3, 0, 2, 6		2	3
52	52	52	52a	309/2	309/2	1.0	3/8	3/8	6/8	4	1		V(64)	e	III		V(64)		V			64				M	1	0	1, 0, 4		1	1
52	52	52	52a	311/2	311/2	0.5	5/8	5/8	6/8	4	1		V7	e	III		V7		V		7					Mm7	1	0	1, 5, 2, -1		1	1
53	53	53	53a	156	156	0.75	0	0	6/8	4	1		viio2	e	III		viio2		vii	o	2					o7	1	0	-4, 5, 2, -1		5	-4
53	53	53	53a	627/4	627/4	0.25	3/16	3/16	6/8	4	1		V	e	III		V		V							M	1	0	1, 5, 2		1	1
53	53	53	53a	157	157	0.5	1/4	1/4	6/8	4	1		#viio2/vi	e	III		#viio2/vi		#vii	o	2		vi			o7	1	0	-1, 8, 5, 2		8	-1
53	53	53	53a	315/2	315/2	1.0	3/8	3/8	6/8	4	1		V7/vi	e	III		V7/vi		V		7		vi			Mm7	1	0	4, 8, 5, 2		4	4
53	53	53	53a	317/2	317/2	0.25	5/8	5/8	6/8	4	1		vi64	e	III		vi64		vi		64					m	1	0	4, 3, 0		3	4
53	53	53	53a	635/4	635/4	0.25	11/16	11/16	6/8	4	1		vi%43	e	III		vi%43		vi	%	43					%7	1	0	-3, 1, 3, 0		3	-3
54	54	54	54a	159	159	1.0	0	0	6/8	4	1		V7/V	e	III		V7/V		V		7		V			Mm7	1	0	2, 6, 3, 0		2	2
54	54	54	54a	160	160	0.25	1/4	1/4	6/8	4	1		v64	e	III		v64		v		64					m	1	0	2, 1, -2		1	2
54	54	54	54a	641/4	641/4	0.25	5/16	5/16	6/8	4	1		v%43	e	III		v%43		v	%	43					%7	1	0	-5, -1, 1, -2		1	-5
54	54	54	54a	321/2	321/2	1.0	3/8	3/8	6/8	4	1		V7/IV	e	III		V7/IV		V		7		IV			Mm7	1	0	0, 4, 1, -2		0	0
54	54	54	54a	323/2	323/2	0.25	5/8	5/8	6/8	4	1		IV	e	III		IV		IV							M	1	0	-1, 3, 0		-1	-1
54	54	54	54a	647/4	647/4	0.25	11/16	11/16	6/8	4	1		viio7/V	e	III		viio7/V		vii	o	7		V			o7	1	0	6, 3, 0, -3		6	6
55	55	55	55a	162	162	1.5	0	0	6/8	4	1		V(64)	e	III		V(64)		V			64				M	1	0	1, 0, 4		1	1
55	55	55	55a	327/2	327/2	1.5	3/8	3/8	6/8	4	1		V43/IV	e	III		V43/IV		V		43		IV			Mm7	1	0	1, -2, 0, 4		0	1
56	56	56	56a	165	165	1.0	0	0	6/8	4	1		#viio65/ii	e	III		#viio65/ii		#vii	o	65		ii			o7	1	0	4, 1, -2, 7		7	4
56	56	56	56a	166	166	0.5	1/4	1/4	6/8	4	1		V2/ii	e	III		V2/ii		V		2		ii			Mm7	1	0	1, 3, 7, 4		3	1
56	56	56	56a	333/2	333/2	1.0	3/8	3/8	6/8	4	1		V6/V	e	III		V6/V		V		6		V			M	1	0	6, 3, 2		2	6
56	56	56	56a	335/2	335/2	0.5	5/8	5/8	6/8	4	1		viio65	e	III		viio65		vii	o	65					o7	1	0	2, -1, -4, 5		5	2
57	57	57	57a	168	168	1.0	0	0	6/8	4	1		I6	e	III		I6		I		6					M	1	0	4, 1, 0		0	4
57	57	57	57a	169	169	2.0	1/4	1/4	6/8	4	1		v	e	III		v		v							m	1	0	1, -2, 2		1	1
58	58	58	58a	171	171	1.0	0	0	6/8	4	1		#viio43/ii	e	III		#viio43/ii		#vii	o	43		ii			o7	1	0	1, -2, 7, 4		7	1
58	58	58	58a	172	172	1.5	1/4	1/4	6/8	4	1		V6/V	e	III		V6/V		V		6		V			M	1	0	6, 3, 2		2	6
58	58	58	58a	347/2	347/2	1.0	5/8	5/8	6/8	4	1		viio43	e	III		viio43		vii	o	43					o7	1	0	-1, -4, 5, 2		5	-1
59	59	59	59a	349/2	349/2	1.0	1/8	1/8	6/8	4	1		I6	e	III		I6		I		6					M	1	0	4, 1, 0		0	4
59	59	59	59a	351/2	351/2	1.0	3/8	3/8	6/8	4	1		#viio65/ii	e	III		#viio65/ii		#vii	o	65		ii			o7	1	0	4, 1, -2, 7		7	4
59	59	59	59a	353/2	353/2	1.0	5/8	5/8	6/8	4	1		ii6	e	III		ii6		ii		6					m	1	0	-1, 3, 2		2	-1
60	60	60	60a	355/2	355/2	1.0	1/8	1/8	6/8	4	1		viio7/V	e	III		viio7/V		vii	o	7		V			o7	1	0	6, 3, 0, -3		6	6
60	60	60	60a	357/2	357/2	1.0	3/8	3/8	6/8	4	1		I64	e	III		I64		I		64					M	1	0	1, 0, 4		0	1
60	60	60	60a	359/2	359/2	1.0	5/8	5/8	6/8	4	1		Ger6	e	III		Ger6	Ger	vii	o	65	b3	V			Ger	1	0	-4, 0, -3, 6		6	-4
61	61	61	61a	361/2	361/2	3.0	1/8	1/8	6/8	4	1		viio65/V	e	III		viio65/V		vii	o	65		V			o7	1	0	3, 0, -3, 6		6	3
62	62	62	62a	367/2	367/2	3.0	1/8	1/8	6/8	4	1		Ger6	e	III		Ger6	Ger	vii	o	65	b3	V			Ger	1	0	-4, 0, -3, 6		6	-4
63	63	63	63a	373/2	373/2	3.0	1/8	1/8	6/8	4	1		V(64)	e	III		V(64)		V			64				M	1	0	1, 0, 4		1	1
64	64	64	64a	379/2	379/2	2.5	1/8	1/8	6/8	4	1		V7	e	III		V7		V		7					Mm7	1	0	1, 5, 2, -1		1	1
65	65	65	65a	192	192	3.0	0	0	6/8	4	1		V(64)	e	III		V(64)		V			64				M	1	0	1, 0, 4		1	1
66	66	66	66a	195	195	3.0	0	0	6/8	4	1		V7	e	III		V7		V		7					Mm7	1	0	1, 5, 2, -1		1	1
67	67	67	67a	198	198	3.0	0	0	6/8	4	1		V(64)	e	III		V(64)		V			64				M	1	0	1, 0, 4		1	1
68	68	68	68a	201	201	3.0	0	0	6/8	4	1		V7	e	III		V7		V		7					Mm7	1	0	1, 5, 2, -1		1	1
69	69	69	69a	204	204	1.5	0	0	6/8	4	1	1	I\\	e	III		I		I						\\	M	1	0	0, 4, 1		0	0
69	69	69	69a	411/2	411/2	1.5	3/8	3/8	6/8	4	1	1	V7	e	III		V7		V		7					Mm7	1	0	1, 5, 2, -1		1	1
70	70	70	70a	207	207	1.5	0	0	6/8	4	1	1	i.i	e	i		i		i							m	1	1	0, -3, 1		0	0
70	70	70	70a	417/2	417/2	4.5	3/8	3/8	6/8	4	1	1	V6	e	i		V6		V		6					M	1	1	5, 2, 1		1	5
3	3	72	3b	213	6	3.0	0	0	6/8	4	1		i	e	i		i		i							m	1	1	0, -3, 1		0	0
4	4	73	4b	216	9	1.5	0	0	6/8	4	1		V7	e	i		V7		V		7					Mm7	1	1	1, 5, 2, -1		1	1
4	4	73	4b	435/2	21/2	4.5	3/8	3/8	6/8	4	1		i\\	e	i		i		i						\\	m	1	1	0, -3, 1		0	0
6	6	75	6b	222	15	3.0	0	0	6/8	4	1		bII	e	i		bII		bII							M	1	1	-5, -1, -4		-5	-5
7	7	76	7b	225	18	1.5	0	0	6/8	4	1		V7/bII	e	i		V7/bII		V		7		bII			Mm7	1	1	-4, 0, -3, -6		-4	-4
7	7	76	7b	453/2	39/2	4.5	3/8	3/8	6/8	4	1		bII	e	i		bII		bII							M	1	1	-5, -1, -4		-5	-5
9	9	78	9b	231	24	3.0	0	0	6/8	4	1		viio7	e	i		viio7		vii	o	7					o7	1	1	-2, -5, -8, -11		-2	-2
10	10	79	10b	234	27	1.5	0	0	6/8	4	1		V65(2)	e	i		V65(2)		V		65	2				Mm7	1	1	5, 2, -1, -4		1	5
10	10	79	10b	471/2	57/2	1.5	3/8	3/8	6/8	4	1		V65	e	i		V65		V		65					Mm7	1	1	5, 2, -1, 1		1	5
11	11	80	11b	237	30	3.0	0	0	6/8	4	1		V7	e	i		V7		V		7					Mm7	1	1	1, 5, 2, -1		1	1
12	12	81	12b	240	33	1.5	0	0	6/8	4	1		V7(2)	e	i		V7(2)		V		7	2				Mm7	1	1	-4, 5, 2, -1		1	-4
12	12	81	12b	483/2	69/2	1.5	3/8	3/8	6/8	4	1		V7	e	i		V7		V		7					Mm7	1	1	1, 5, 2, -1		1	1
13	13	82	13b	243	36	1.5	0	0	6/8	4	1		V(64)	e	i		V(64)		V			64				M	1	1	1, 0, -3		1	1
13	13	82	13b	489/2	75/2	1.5	3/8	3/8	6/8	4	1		V7	e	i		V7		V		7					Mm7	1	1	1, 5, 2, -1		1	1
14	14	83	14b	246	39	1.5	0	0	6/8	4	1		V(64)	e	i		V(64)		V			64				M	1	1	1, 0, -3		1	1
14	14	83	14b	495/2	81/2	0.5	3/8	3/8	6/8	4	1		V7(4)	e	i		V7(4)		V		7	4				Mm7	1	1	1, 0, 2, -1		1	1
14	14	83	14b	248	41	1.0	1/2	1/2	6/8	4	1		V7	e	i		V7		V		7					Mm7	1	1	1, 5, 2, -1		1	1
15	15	84	15b	249	42	1.5	0	0	6/8	4	1		i\\	e	i		i		i						\\	m	1	1	0, -3, 1		0	0
15	15	84	15b	501/2	87/2	0.5	3/8	3/8	6/8	4	1		iv	e	i		iv		iv							m	1	1	-1, -4, 0		-1	-1
15	15	84	15b	251	44	0.5	1/2	1/2	6/8	4	1		V6/iv	e	i		V6/iv		V		6		iv			M	1	1	4, 1, 0		0	4
15	15	84	15b	503/2	89/2	0.5	5/8	5/8	6/8	4	1		iv	e	i		iv		iv							m	1	1	-1, -4, 0		-1	-1
16	16	85	16b	252	45	1.5	0	0	6/8	4	1		bII	e	i		bII		bII							M	1	1	-5, -1, -4		-5	-5
16	16	85	16b	507/2	93/2	1.5	3/8	3/8	6/8	4	1		vii	e	i		vii		vii							m	1	1	-2, -5, -1		-2	-2
17	17	86	17b	255	48	2.25	0	0	6/8	4	1		III	e	i		III		III							M	1	1	-3, 1, -2		-3	-3
17	17	86	17b	1029/4	201/4	1.25	9/16	9/16	6/8	4	1		bII	e	i		bII		bII							M	1	1	-5, -1, -4		-5	-5
18	18	87	18b	517/2	103/2	1.0	1/8	1/8	6/8	4	1		viio7/V	e	i		viio7/V		vii	o	7		V			o7	1	1	6, 3, 0, -3		6	6
18	18	87	18b	519/2	105/2	1.5	3/8	3/8	6/8	4	1		V(64)	e	i		V(64)		V			64				M	1	1	1, 0, -3		1	1
19	19	88	19b	261	54	1.5	0	0	6/8	4	1		#viio2	e	i		#viio2		#vii	o	2					o7	1	1	-4, 5, 2, -1		5	-4
19	19	88	19b	525/2	111/2	4.5	3/8	3/8	6/8	4	1		V6\\	e	i		V6		V		6				\\	M	1	1	5, 2, 1		1	5
21	21	90	21b	267	60	1.5	0	0	6/8	4	1		i[i6	e	i	i	i6		i		6					m	1	1	-3, 1, 0		0	-3
21	21	90	21b	537/2	123/2	1.5	3/8	3/8	6/8	4	1		#viio64	e	i	i	#viio64		#vii	o	64					o	1	1	-1, 5, 2		5	-1
22	22	91	22b	270	63	1.5	0	0	6/8	4	1		i6	e	i	i	i6		i		6					m	1	1	-3, 1, 0		0	-3
22	22	91	22b	543/2	129/2	1.5	3/8	3/8	6/8	4	1		#viio64	e	i	i	#viio64		#vii	o	64					o	1	1	-1, 5, 2		5	-1
23	23	92	23b	273	66	1.5	0	0	6/8	4	1		i6]	e	i	i	i6		i		6					m	1	1	-3, 1, 0		0	-3
23	23	92	23b	549/2	135/2	0.5	3/8	3/8	6/8	4	1		iv	e	i		iv		iv							m	1	1	-1, -4, 0		-1	-1
23	23	92	23b	275	68	0.5	1/2	1/2	6/8	4	1		V6/iv	e	i		V6/iv		V		6		iv			M	1	1	4, 1, 0		0	4
23	23	92	23b	551/2	137/2	0.5	5/8	5/8	6/8	4	1		iv	e	i		iv		iv							m	1	1	-1, -4, 0		-1	-1
24	24	93	24b	276	69	1.5	0	0	6/8	4	1		bII	e	i		bII		bII							M	1	1	-5, -1, -4		-5	-5
24	24	93	24b	555/2	141/2	2.25	3/8	3/8	6/8	4	1		vii	e	i		vii		vii							m	1	1	-2, -5, -1		-2	-2
25	25	94	25b	1119/4	291/4	1.75	3/16	3/16	6/8	4	1		bII	e	i		bII		bII							M	1	1	-5, -1, -4		-5	-5
25	25	94	25b	563/2	149/2	0.5	5/8	5/8	6/8	4	1		vi.iv6	e	vi		iv6		iv		6					m	1	1	-4, 0, -1		-1	-4
26	26	95	26b	282	75	3.0	0	0	6/8	4	1		V7	e	vi		V7		V		7					Mm7	1	1	1, 5, 2, -1		1	1
27	27	96	27b	285	78	3.0	0	0	6/8	4	1		i	e	vi		i		i							m	1	1	0, -3, 1		0	0
28	28	97	28b	288	81	3.0	0	0	6/8	4	1		iii.V65	e	iii		V65		V		65					Mm7	1	1	5, 2, -1, 1		1	5
29	29	98	29b	291	84	3.0	0	0	6/8	4	1		i	e	iii		i		i							m	1	1	0, -3, 1		0	0
30	30	99	30b	294	87	2.5	0	0	6/8	4	1		VI	e	iii		VI		VI							M	1	1	-4, 0, -3		-4	-4
30	30	99	30b	593/2	179/2	0.5	5/8	5/8	6/8	4	1		Ger6	e	iii		Ger6	Ger	vii	o	65	b3	V			Ger	1	1	-4, 0, -3, 6		6	-4
31	31	100	31b	297	90	0.75	0	0	6/8	4	1		V[V	e	iii	V	V		V							M	1	1	1, 5, 2		1	1
31	31	100	31b	1191/4	363/4	0.25	3/16	3/16	6/8	4	1		iv6	e	iii	V	iv6		iv		6					m	1	1	-4, 0, -1		-1	-4
31	31	100	31b	298	91	0.5	1/4	1/4	6/8	4	1		viio7/V	e	iii	V	viio7/V		vii	o	7		V			o7	1	1	6, 3, 0, -3		6	6
31	31	100	31b	597/2	183/2	1.0	3/8	3/8	6/8	4	1		V	e	iii	V	V		V							M	1	1	1, 5, 2		1	1
31	31	100	31b	599/2	185/2	0.5	5/8	5/8	6/8	4	1		viio7/V	e	iii	V	viio7/V		vii	o	7		V			o7	1	1	6, 3, 0, -3		6	6
32	32	101	32b	300	93	0.25	0	0	6/8	4	1		V	e	iii	V	V		V							M	1	1	1, 5, 2		1	1
32	32	101	32b	1201/4	373/4	0.5	1/16	1/16	6/8	4	1		VI6	e	iii	V	VI6		VI		6					M	1	1	0, -3, -4		-4	0
32	32	101	32b	1203/4	375/4	0.25	3/16	3/16	6/8	4	1		viio43/V	e	iii	V	viio43/V		vii	o	43		V			o7	1	1	0, -3, 6, 3		6	0
32	32	101	32b	301	94	0.25	1/4	1/4	6/8	4	1		V6	e	iii	V	V6		V		6					M	1	1	5, 2, 1		1	5
32	32	101	32b	1205/4	377/4	0.25	5/16	5/16	6/8	4	1		Ger6	e	iii	V	Ger6	Ger	vii	o	65	b3	V			Ger	1	1	-4, 0, -3, 6		6	-4
32	32	101	32b	603/2	189/2	0.25	3/8	3/8	6/8	4	1		V	e	iii	V	V		V							M	1	1	1, 5, 2		1	1
32	32	101	32b	1207/4	379/4	0.25	7/16	7/16	6/8	4	1		viio7/V	e	iii	V	viio7/V		vii	o	7		V			o7	1	1	6, 3, 0, -3		6	6
32	32	101	32b	302	95	0.25	1/2	1/2	6/8	4	1		V	e	iii	V	V		V							M	1	1	1, 5, 2		1	1
32	32	101	32b	1209/4	381/4	0.25	9/16	9/16	6/8	4	1		V7/V	e	iii	V	V7/V		V		7		V			Mm7	1	1	2, 6, 3, 0		2	2
32	32	101	32b	605/2	191/2	0.25	5/8	5/8	6/8	4	1		V	e	iii	V	V		V							M	1	1	1, 5, 2		1	1
32	32	101	32b	1211/4	383/4	0.25	11/16	11/16	6/8	4	1		V7/V	e	iii	V	V7/V		V		7		V			Mm7	1	1	2, 6, 3, 0		2	2
33	33	102	33b	303	96	1.5	0	0	6/8	4	1		V]	e	iii	V	V		V							M	1	1	1, 5, 2		1	1
33	33	102	33b	609/2	195/2	4.5	3/8	3/8	6/8	4	1		III.V\\	e	III		V		V						\\	M	1	0	1, 5, 2		1	1
35	35	104	35b	309	102	3.0	0	0	6/8	4	1		V7	e	III		V7		V		7					Mm7	1	0	1, 5, 2, -1		1	1
36	36	105	36b	312	105	3.0	0	0	6/8	4	1		V43	e	III		V43		V		43					Mm7	1	0	2, -1, 1, 5		1	2
37	37	106	37b	315	108	1.5	0	0	6/8	4	1		V65	e	III		V65		V		65					Mm7	1	0	5, 2, -1, 1		1	5
37	37	106	37b	633/2	219/2	1.5	3/8	3/8	6/8	4	1		V43	e	III		V43		V		43					Mm7	1	0	2, -1, 1, 5		1	2
38	38	107	38b	318	111	3.0	0	0	6/8	4	1		V2	e	III		V2		V		2					Mm7	1	0	-1, 1, 5, 2		1	-1
39	39	108	39b	321	114	1.5	0	0	6/8	4	1		I6	e	III		I6		I		6					M	1	0	4, 1, 0		0	4
39	39	108	39b	645/2	231/2	1.5	3/8	3/8	6/8	4	1		IV	e	III		IV		IV							M	1	0	-1, 3, 0		-1	-1
40	40	109	40b	324	117	1.0	0	0	6/8	4	1		V	e	III		V		V							M	1	0	1, 5, 2		1	1
40	40	109	40b	325	118	0.5	1/4	1/4	6/8	4	1		V7	e	III		V7		V		7					Mm7	1	0	1, 5, 2, -1		1	1
40	40	109	40b	651/2	237/2	1.5	3/8	3/8	6/8	4	1		I\\	e	III		I		I						\\	M	1	0	0, 4, 1		0	0
41	41	110	41b	327	120	1.5	0	0	6/8	4	1		I6	e	III		I6		I		6					M	1	0	4, 1, 0		0	4
41	41	110	41b	657/2	243/2	1.0	3/8	3/8	6/8	4	1		IV(+4)	e	III		IV(+4)		IV			+4				M	1	0	-1, 3, 0	5	-1	-1
41	41	110	41b	659/2	245/2	0.5	5/8	5/8	6/8	4	1		IV	e	III		IV		IV							M	1	0	-1, 3, 0		-1	-1
42	42	111	42b	330	123	3.0	0	0	6/8	4	1		viio7	e	III		viio7		vii	o	7					o7	1	0	5, 2, -1, -4		5	5
43	43	112	43b	333	126	1.5	0	0	6/8	4	1		I6	e	III		I6		I		6					M	1	0	4, 1, 0		0	4
43	43	112	43b	669/2	255/2	0.5	3/8	3/8	6/8	4	1		ii64(2)	e	III		ii64(2)		ii		64	2				m	1	0	3, 4, -1		2	3
43	43	112	43b	335	128	1.0	1/2	1/2	6/8	4	1		ii64	e	III		ii64		ii		64					m	1	0	3, 2, -1		2	3
44	44	113	44b	336	129	1.0	0	0	6/8	4	1		V(9)	e	III		V(9)		V			9				M	1	0	1, 5, 2	3	1	1
44	44	113	44b	337	130	0.5	1/4	1/4	6/8	4	1		V6	e	III		V6		V		6					M	1	0	5, 2, 1		1	5
44	44	113	44b	675/2	261/2	1.5	3/8	3/8	6/8	4	1		V	e	III		V		V							M	1	0	1, 5, 2		1	1
45	45	114	45b	339	132	1.5	0	0	6/8	4	1		I	e	III		I		I							M	1	0	0, 4, 1		0	0
45	45	114	45b	681/2	267/2	0.5	3/8	3/8	6/8	4	1		ii6(#76)	e	III		ii6(#76)		ii		6	#76				m	1	0	-1, 5, 7		2	-1
45	45	114	45b	341	134	0.5	1/2	1/2	6/8	4	1		ii6	e	III		ii6		ii		6					m	1	0	-1, 3, 2		2	-1
45	45	114	45b	683/2	269/2	0.5	5/8	5/8	6/8	4	1		ii	e	III		ii		ii							m	1	0	2, -1, 3		2	2
46	46	115	46b	342	135	1.0	0	0	6/8	4	1		V6(2)	e	III		V6(2)		V		6	2				M	1	0	5, 2, 3		1	5
46	46	115	46b	343	136	0.5	1/4	1/4	6/8	4	1		V6	e	III		V6		V		6					M	1	0	5, 2, 1		1	5
46	46	115	46b	687/2	273/2	1.5	3/8	3/8	6/8	4	1		V	e	III		V		V							M	1	0	1, 5, 2		1	1
47	47	116	47b	345	138	0.75	0	0	6/8	4	1		I(11#2)	e	III		I(11#2)		I			11#2				M	1	0	0, 9, 1	-1	0	0
47	47	116	47b	1383/4	555/4	0.75	3/16	3/16	6/8	4	1		I	e	III		I		I							M	1	0	0, 4, 1		0	0
47	47	116	47b	693/2	279/2	2.0	3/8	3/8	6/8	4	1		V65/V	e	III		V65/V		V		65		V			Mm7	1	0	6, 3, 0, 2		2	6
48	48	117	48b	697/2	283/2	2.0	1/8	1/8	6/8	4	1		V(64)	e	III		V(64)		V			64				M	1	0	1, 0, 4		1	1
48	48	117	48b	701/2	287/2	0.5	5/8	5/8	6/8	4	1		V7	e	III		V7		V		7					Mm7	1	0	1, 5, 2, -1		1	1
49	49	118	49b	351	144	0.75	0	0	6/8	4	1		viio2	e	III		viio2		vii	o	2					o7	1	0	-4, 5, 2, -1		5	-4
49	49	118	49b	1407/4	579/4	0.25	3/16	3/16	6/8	4	1		V	e	III		V		V							M	1	0	1, 5, 2		1	1
49	49	118	49b	352	145	0.25	1/4	1/4	6/8	4	1		viio43	e	III		viio43		vii	o	43					o7	1	0	-1, -4, 5, 2		5	-1
49	49	118	49b	1409/4	581/4	0.25	5/16	5/16	6/8	4	1		V	e	III		V		V							M	1	0	1, 5, 2		1	1
49	49	118	49b	705/2	291/2	0.75	3/8	3/8	6/8	4	1		viio2	e	III		viio2		vii	o	2					o7	1	0	-4, 5, 2, -1		5	-4
49	49	118	49b	1413/4	585/4	0.25	9/16	9/16	6/8	4	1		V	e	III		V		V							M	1	0	1, 5, 2		1	1
49	49	118	49b	707/2	293/2	0.5	5/8	5/8	6/8	4	1		viio43	e	III		viio43		vii	o	43					o7	1	0	-1, -4, 5, 2		5	-1
50	50	119	50b	354	147	0.75	0	0	6/8	4	1		viio65/V	e	III		viio65/V		vii	o	65		V			o7	1	0	3, 0, -3, 6		6	3
50	50	119	50b	1419/4	591/4	0.25	3/16	3/16	6/8	4	1		i64	e	III		i64		i		64					m	1	0	1, 0, -3		0	1
50	50	119	50b	355	148	0.25	1/4	1/4	6/8	4	1		viio7/V	e	III		viio7/V		vii	o	7		V			o7	1	0	6, 3, 0, -3		6	6
50	50	119	50b	1421/4	593/4	0.25	5/16	5/16	6/8	4	1		i64	e	III		i64		i		64					m	1	0	1, 0, -3		0	1
50	50	119	50b	711/2	297/2	0.75	3/8	3/8	6/8	4	1		viio65/V	e	III		viio65/V		vii	o	65		V			o7	1	0	3, 0, -3, 6		6	3
50	50	119	50b	1425/4	597/4	0.25	9/16	9/16	6/8	4	1		i64	e	III		i64		i		64					m	1	0	1, 0, -3		0	1
50	50	119	50b	713/2	299/2	0.5	5/8	5/8	6/8	4	1		viio7/V	e	III		viio7/V		vii	o	7		V			o7	1	0	6, 3, 0, -3		6	6
51	51	120	51b	357	150	1.0	0	0	6/8	4	1		V\\	e	III		V		V						\\	M	1	0	1, 5, 2		1	1
51	51	120	51b	358	151	0.5	1/4	1/4	6/8	4	1		V65	e	III		V65		V		65					Mm7	1	0	5, 2, -1, 1		1	5
51	51	120	51b	717/2	303/2	0.5	3/8	3/8	6/8	4	1		I	e	III		I		I							M	1	0	0, 4, 1		0	0
51	51	120	51b	359	152	0.5	1/2	1/2	6/8	4	1		viio43	e	III		viio43		vii	o	43					o7	1	0	-1, -4, 5, 2		5	-1
51	51	120	51b	719/2	305/2	0.5	5/8	5/8	6/8	4	1		I6	e	III		I6		I		6					M	1	0	4, 1, 0		0	4
52	52	121	52b	360	153	0.5	0	0	6/8	4	1		ii6	e	III		ii6		ii		6					m	1	0	-1, 3, 2		2	-1
52	52	121	52b	721/2	307/2	0.5	1/8	1/8	6/8	4	1		I64	e	III		I64		I		64					M	1	0	1, 0, 4		0	1
52	52	121	52b	361	154	0.5	1/4	1/4	6/8	4	1		V43/V	e	III		V43/V		V		43		V			Mm7	1	0	3, 0, 2, 6		2	3
52	52	121	52b	723/2	309/2	1.0	3/8	3/8	6/8	4	1		V(64)	e	III		V(64)		V			64				M	1	0	1, 0, 4		1	1
52	52	121	52b	725/2	311/2	0.5	5/8	5/8	6/8	4	1		V7	e	III		V7		V		7					Mm7	1	0	1, 5, 2, -1		1	1
53	53	122	53b	363	156	0.75	0	0	6/8	4	1		viio2	e	III		viio2		vii	o	2					o7	1	0	-4, 5, 2, -1		5	-4
53	53	122	53b	1455/4	627/4	0.25	3/16	3/16	6/8	4	1		V	e	III		V		V							M	1	0	1, 5, 2		1	1
53	53	122	53b	364	157	0.5	1/4	1/4	6/8	4	1		#viio2/vi	e	III		#viio2/vi		#vii	o	2		vi			o7	1	0	-1, 8, 5, 2		8	-1
53	53	122	53b	729/2	315/2	1.0	3/8	3/8	6/8	4	1		V7/vi	e	III		V7/vi		V		7		vi			Mm7	1	0	4, 8, 5, 2		4	4
53	53	122	53b	731/2	317/2	0.25	5/8	5/8	6/8	4	1		vi64	e	III		vi64		vi		64					m	1	0	4, 3, 0		3	4
53	53	122	53b	1463/4	635/4	0.25	11/16	11/16	6/8	4	1		vi%43	e	III		vi%43		vi	%	43					%7	1	0	-3, 1, 3, 0		3	-3
54	54	123	54b	366	159	1.0	0	0	6/8	4	1		V7/V	e	III		V7/V		V		7		V			Mm7	1	0	2, 6, 3, 0		2	2
54	54	123	54b	367	160	0.25	1/4	1/4	6/8	4	1		v64	e	III		v64		v		64					m	1	0	2, 1, -2		1	2
54	54	123	54b	1469/4	641/4	0.25	5/16	5/16	6/8	4	1		v%43	e	III		v%43		v	%	43					%7	1	0	-5, -1, 1, -2		1	-5
54	54	123	54b	735/2	321/2	1.0	3/8	3/8	6/8	4	1		V7/IV	e	III		V7/IV		V		7		IV			Mm7	1	0	0, 4, 1, -2		0	0
54	54	123	54b	737/2	323/2	0.25	5/8	5/8	6/8	4	1		IV	e	III		IV		IV							M	1	0	-1, 3, 0		-1	-1
54	54	123	54b	1475/4	647/4	0.25	11/16	11/16	6/8	4	1		viio7/V	e	III		viio7/V		vii	o	7		V			o7	1	0	6, 3, 0, -3		6	6
55	55	124	55b	369	162	1.5	0	0	6/8	4	1		V(64)	e	III		V(64)		V			64				M	1	0	1, 0, 4		1	1
55	55	124	55b	741/2	327/2	1.5	3/8	3/8	6/8	4	1		V43/IV	e	III		V43/IV		V		43		IV			Mm7	1	0	1, -2, 0, 4		0	1
56	56	125	56b	372	165	1.0	0	0	6/8	4	1		#viio65/ii	e	III		#viio65/ii		#vii	o	65		ii			o7	1	0	4, 1, -2, 7		7	4
56	56	125	56b	373	166	0.5	1/4	1/4	6/8	4	1		V2/ii	e	III		V2/ii		V		2		ii			Mm7	1	0	1, 3, 7, 4		3	1
56	56	125	56b	747/2	333/2	1.0	3/8	3/8	6/8	4	1		V6/V	e	III		V6/V		V		6		V			M	1	0	6, 3, 2		2	6
56	56	125	56b	749/2	335/2	0.5	5/8	5/8	6/8	4	1		viio65	e	III		viio65		vii	o	65					o7	1	0	2, -1, -4, 5		5	2
57	57	126	57b	375	168	1.0	0	0	6/8	4	1		I6	e	III		I6		I		6					M	1	0	4, 1, 0		0	4
57	57	126	57b	376	169	2.0	1/4	1/4	6/8	4	1		v	e	III		v		v							m	1	0	1, -2, 2		1	1
58	58	127	58b	378	171	1.0	0	0	6/8	4	1		#viio43/ii	e	III		#viio43/ii		#vii	o	43		ii			o7	1	0	1, -2, 7, 4		7	1
58	58	127	58b	379	172	1.5	1/4	1/4	6/8	4	1		V6/V	e	III		V6/V		V		6		V			M	1	0	6, 3, 2		2	6
58	58	127	58b	761/2	347/2	1.0	5/8	5/8	6/8	4	1		viio43	e	III		viio43		vii	o	43					o7	1	0	-1, -4, 5, 2		5	-1
59	59	128	59b	763/2	349/2	1.0	1/8	1/8	6/8	4	1		I6	e	III		I6		I		6					M	1	0	4, 1, 0		0	4
59	59	128	59b	765/2	351/2	1.0	3/8	3/8	6/8	4	1		#viio65/ii	e	III		#viio65/ii		#vii	o	65		ii			o7	1	0	4, 1, -2, 7		7	4
59	59	128	59b	767/2	353/2	1.0	5/8	5/8	6/8	4	1		ii6	e	III		ii6		ii		6					m	1	0	-1, 3, 2		2	-1
60	60	129	60b	769/2	355/2	1.0	1/8	1/8	6/8	4	1		viio7/V	e	III		viio7/V		vii	o	7		V			o7	1	0	6, 3, 0, -3		6	6
60	60	129	60b	771/2	357/2	1.0	3/8	3/8	6/8	4	1		I64	e	III		I64		I		64					M	1	0	1, 0, 4		0	1
60	60	129	60b	773/2	359/2	1.0	5/8	5/8	6/8	4	1		Ger6	e	III		Ger6	Ger	vii	o	65	b3	V			Ger	1	0	-4, 0, -3, 6		6	-4
61	61	130	61b	775/2	361/2	3.0	1/8	1/8	6/8	4	1		viio65/V	e	III		viio65/V		vii	o	65		V			o7	1	0	3, 0, -3, 6		6	3
62	62	131	62b	781/2	367/2	3.0	1/8	1/8	6/8	4	1		Ger6	e	III		Ger6	Ger	vii	o	65	b3	V			Ger	1	0	-4, 0, -3, 6		6	-4
63	63	132	63b	787/2	373/2	3.0	1/8	1/8	6/8	4	1		V(64)	e	III		V(64)		V			64				M	1	0	1, 0, 4		1	1
64	64	133	64b	793/2	379/2	2.5	1/8	1/8	6/8	4	1		V7	e	III		V7		V		7					Mm7	1	0	1, 5, 2, -1		1	1
65	65	134	65b	399	192	3.0	0	0	6/8	4	1		V(64)	e	III		V(64)		V			64				M	1	0	1, 0, 4		1	1
66	66	135	66b	402	195	3.0	0	0	6/8	4	1		V7	e	III		V7		V		7					Mm7	1	0	1, 5, 2, -1		1	1
67	67	136	67b	405	198	3.0	0	0	6/8	4	1		V(64)	e	III		V(64)		V			64				M	1	0	1, 0, 4		1	1
68	68	137	68b	408	201	3.0	0	0	6/8	4	1		V7	e	III		V7		V		7					Mm7	1	0	1, 5, 2, -1		1	1
69	69	138	69b	411	204	1.5	0	0	6/8	4	1	1	I\\	e	III		I		I						\\	M	1	0	0, 4, 1		0	0
69	69	138	69b	825/2	411/2	1.5	3/8	3/8	6/8	4	1	1	V7	e	III		V7		V		7					Mm7	1	0	1, 5, 2, -1		1	1
70	70	139	70b	414	207	1.5	0	0	6/8	4	1	1	i.i	e	i		i		i							m	1	1	0, -3, 1		0	0
70	70	139	70b	831/2	417/2	1.5	3/8	3/8	6/8	4	1	1	V6	e	i		V6		V		6					M	1	1	5, 2, 1		1	5
71	71	140	71a	417	210	1.5	0	0	6/8	4	1	1	bI.iii	e	bI		iii		iii							m	1	0	4, 1, 5		4	4
71	71	140	71a	837/2	423/2	1.0	3/8	3/8	6/8	4	1	1	V43	e	bI		V43		V		43					Mm7	1	0	2, -1, 1, 5		1	2
71	71	140	71a	839/2	425/2	0.5	5/8	5/8	6/8	4	1	1	V7	e	bI		V7		V		7					Mm7	1	0	1, 5, 2, -1		1	1
72	70	141	70c	420	213	1.5	0	0	6/8	4	1	1	I	e	bI		I		I							M	1	0	0, 4, 1		0	0
72	70	141	70c	843/2	429/2	4.5	3/8	3/8	6/8	4	1	1	V6	e	bI		V6		V		6					M	1	0	5, 2, 1		1	5
74	72	143	72a	426	219	1.5	0	0	6/8	4	1		I	e	bI		I		I							M	1	0	0, 4, 1		0	0
74	72	143	72a	855/2	441/2	4.5	3/8	3/8	6/8	4	1		V6	e	bI		V6		V		6					M	1	0	5, 2, 1		1	5
76	74	145	74a	432	225	1.5	0	0	6/8	4	1		i	e	bI		i		i							m	1	0	0, -3, 1		0	0
76	74	145	74a	867/2	453/2	4.5	3/8	3/8	6/8	4	1		v.#viio6	e	v		#viio6		#vii	o	6					o	1	1	2, -1, 5		5	2
78	76	147	76a	438	231	1.5	0	0	6/8	4	1		i	e	v		i		i							m	1	1	0, -3, 1		0	0
78	76	147	76a	879/2	465/2	4.5	3/8	3/8	6/8	4	1		V6	e	v		V6		V		6					M	1	1	5, 2, 1		1	5
80	78	149	78a	444	237	3.0	0	0	6/8	4	1		i	e	v		i		i							m	1	1	0, -3, 1		0	0
81	79	150	79a	447	240	1.5	0	0	6/8	4	1		V7	e	v		V7		V		7					Mm7	1	1	1, 5, 2, -1		1	1
81	79	150	79a	897/2	483/2	4.5	3/8	3/8	6/8	4	1		VI	e	v		VI		VI							M	1	1	-4, 0, -3		-4	-4
83	81	152	81a	453	246	3.0	0	0	6/8	4	1		vi.i	e	vi		i		i							m	1	1	0, -3, 1		0	0
84	82	153	82a	456	249	1.5	0	0	6/8	4	1		V7	e	vi		V7		V		7					Mm7	1	1	1, 5, 2, -1		1	1
84	82	153	82a	915/2	501/2	4.5	3/8	3/8	6/8	4	1		VI	e	vi		VI		VI							M	1	1	-4, 0, -3		-4	-4
86	84	155	84a	462	255	1.5	0	0	6/8	4	1		bIV.I64	e	bIV		I64		I		64					M	1	0	1, 0, 4		0	1
86	84	155	84a	927/2	513/2	6.0	3/8	3/8	6/8	4	1		V7	e	bIV		V7		V		7					Mm7	1	0	1, 5, 2, -1		1	1
88	86	157	86a	939/2	525/2	1.5	3/8	3/8	6/8	4	1		I64	e	bIV		I64		I		64					M	1	0	1, 0, 4		0	1
89	87	158	87a	471	264	1.5	0	0	6/8	4	1		I	e	bIV		I		I							M	1	0	0, 4, 1		0	0
89	87	158	87a	945/2	531/2	2.0	3/8	3/8	6/8	4	1		V2/IV	e	bIV		V2/IV		V		2		IV			Mm7	1	0	-2, 0, 4, 1		0	-2
90	88	159	88a	949/2	535/2	2.5	1/8	1/8	6/8	4	1		V7(9)/ii	e	bIV		V7(9)/ii		V		7	9	ii			Mm7	1	0	3, 7, 4, 1	-2	3	3
91	89	160	89a	477	270	3.0	0	0	6/8	4	1		ii64	e	bIV		ii64		ii		64					m	1	0	3, 2, -1		2	3
92	90	161	90a	480	273	1.5	0	0	6/8	4	1		ii64	e	bIV		ii64		ii		64					m	1	0	3, 2, -1		2	3
92	90	161	90a	963/2	549/2	1.5	3/8	3/8	6/8	4	1		V7(+2)/ii	e	bIV		V7(+2)/ii		V		7	+2	ii			Mm7	1	0	3, 7, 4, 1	-2	3	3
93	91	162	91a	483	276	6.0	0	0	6/8	4	1		ii64	e	bIV		ii64		ii		64					m	1	0	3, 2, -1		2	3
95	93	164	93a	489	282	6.0	0	0	6/8	4	1		bVII	e	bIV		bVII		bVII							M	1	0	-2, 2, -1		-2	-2
97	95	166	95a	495	288	6.0	0	0	6/8	4	1		v.V7	e	v		V7		V		7					Mm7	1	1	1, 5, 2, -1		1	1
99	97	168	97a	501	294	1.5	0	0	6/8	4	1		V(64)	e	v		V(64)		V			64				M	1	1	1, 0, -3		1	1
99	97	168	97a	1005/2	591/2	1.5	3/8	3/8	6/8	4	1		V7	e	v		V7		V		7					Mm7	1	1	1, 5, 2, -1		1	1
100	98	169	98a	504	297	1.5	0	0	6/8	4	1		V(64)	e	v		V(64)		V			64				M	1	1	1, 0, -3		1	1
100	98	169	98a	1011/2	597/2	1.5	3/8	3/8	6/8	4	1		V7(+2)	e	v		V7(+2)		V		7	+2				Mm7	1	1	1, 5, 2, -1	-4	1	1
101	99	170	99a	507	300	6.0	0	0	6/8	4	1		V(64)	e	v		V(64)		V			64				M	1	1	1, 0, -3		1	1
103	101	172	101a	513	306	6.0	0	0	6/8	4	1		VI.V65/V	e	VI		V65/V		V		65		V			Mm7	1	0	6, 3, 0, 2		2	6
105	103	174	103a	519	312	3.0	0	0	6/8	4	1		V2	e	VI		V2		V		2					Mm7	1	0	-1, 1, 5, 2		1	-1
106	104	175	104a	522	315	3.0	0	0	6/8	4	1		V43	e	VI		V43		V		43					Mm7	1	0	2, -1, 1, 5		1	2
107	105	176	105a	525	318	3.0	0	0	6/8	4	1		V65	e	VI		V65		V		65					Mm7	1	0	5, 2, -1, 1		1	5
108	106	177	106a	528	321	3.0	0	0	6/8	4	1		V7	e	VI		V7		V		7					Mm7	1	0	1, 5, 2, -1		1	1
109	107	178	107a	531	324	1.5	0	0	6/8	4	1		I	e	VI		I		I							M	1	0	0, 4, 1		0	0
109	107	178	107a	1065/2	651/2	1.5	3/8	3/8	6/8	4	1		V	e	VI		V		V							M	1	0	1, 5, 2		1	1
110	108	179	108a	534	327	3.0	0	0	6/8	4	1		@none	e	VI		@none		@none							m	1	0				
111	109	180	109a	537	330	1.5	0	0	6/8	4	1		I	e	VI		I		I							M	1	0	0, 4, 1		0	0
111	109	180	109a	1077/2	663/2	3.0	3/8	3/8	6/8	4	1		V6	e	VI		V6		V		6					M	1	0	5, 2, 1		1	5
112	110	181	110a	1083/2	669/2	1.0	3/8	3/8	6/8	4	1		I6	e	VI		I6		I		6					M	1	0	4, 1, 0		0	4
112	110	181	110a	1085/2	671/2	0.5	5/8	5/8	6/8	4	1		iv.#viio65	e	iv		#viio65		#vii	o	65					o7	1	1	2, -1, -4, 5		5	2
113	111	182	111a	543	336	1.5	0	0	6/8	4	1		i	e	iv		i		i							m	1	1	0, -3, 1		0	0
113	111	182	111a	1089/2	675/2	3.0	3/8	3/8	6/8	4	1		V	e	iv		V		V							M	1	1	1, 5, 2		1	1
114	112	183	112a	1095/2	681/2	1.5	3/8	3/8	6/8	4	1		i6	e	iv		i6		i		6					m	1	1	-3, 1, 0		0	-3
115	113	184	113a	549	342	1.5	0	0	6/8	4	1		i	e	iv		i		i							m	1	1	0, -3, 1		0	0
115	113	184	113a	1101/2	687/2	1.5	3/8	3/8	6/8	4	1		V6	e	iv		V6		V		6					M	1	1	5, 2, 1		1	5
116	114	185	114a	552	345	1.5	0	0	6/8	4	1		III	e	iv		III		III							M	1	1	-3, 1, -2		-3	-3
116	114	185	114a	1107/2	693/2	1.5	3/8	3/8	6/8	4	1		i	e	iv		i		i							m	1	1	0, -3, 1		0	0
117	115	186	115a	555	348	1.5	0	0	6/8	4	1		i[i	e	iv	i	i		i							m	1	1	0, -3, 1		0	0
117	115	186	115a	1113/2	699/2	1.5	3/8	3/8	6/8	4	1		#viio43	e	iv	i	#viio43		#vii	o	43					o7	1	1	-1, -4, 5, 2		5	-1
118	116	187	116a	558	351	1.5	0	0	6/8	4	1		i64	e	iv	i	i64		i		64					m	1	1	1, 0, -3		0	1
118	116	187	116a	1119/2	705/2	1.5	3/8	3/8	6/8	4	1		#viio43	e	iv	i	#viio43		#vii	o	43					o7	1	1	-1, -4, 5, 2		5	-1
119	117	188	117a	561	354	1.5	0	0	6/8	4	1		i]	e	iv	i	i		i							m	1	1	0, -3, 1		0	0
119	117	188	117a	1125/2	711/2	1.5	3/8	3/8	6/8	4	1		vii.i	e	vii		i		i							m	1	1	0, -3, 1		0	0
120	118	189	118a	564	357	1.5	0	0	6/8	4	1		i6	e	vii		i6		i		6					m	1	1	-3, 1, 0		0	-3
120	118	189	118a	1131/2	717/2	2.0	3/8	3/8	6/8	4	1		iv	e	vii		iv		iv							m	1	1	-1, -4, 0		-1	-1
121	119	190	119a	1135/2	721/2	1.75	1/8	1/8	6/8	4	1		iv.vii%7/bII	e	iv		vii%7/bII		vii	%	7		bII			%7	1	1	0, -3, -6, -2		0	0
121	119	190	119a	2277/4	1449/4	1.25	9/16	9/16	6/8	4	1		bII6	e	iv		bII6		bII		6					M	1	1	-1, -4, -5		-5	-1
122	120	191	120a	1141/2	727/2	1.0	1/8	1/8	6/8	4	1		viio7/V	e	iv		viio7/V		vii	o	7		V			o7	1	1	6, 3, 0, -3		6	6
122	120	191	120a	1143/2	729/2	1.0	3/8	3/8	6/8	4	1		V(64)	e	iv		V(64)		V			64				M	1	1	1, 0, -3		1	1
122	120	191	120a	1145/2	731/2	0.5	5/8	5/8	6/8	4	1		V	e	iv		V		V							M	1	1	1, 5, 2		1	1
123	121	192	121a	573	366	1.5	0	0	6/8	4	1		i\\	e	iv		i		i						\\	m	1	1	0, -3, 1		0	0
123	121	192	121a	1149/2	735/2	1.0	3/8	3/8	6/8	4	1		V65(2)	e	iv		V65(2)		V		65	2				Mm7	1	1	5, 2, -1, -4		1	5
123	121	192	121a	1151/2	737/2	0.5	5/8	5/8	6/8	4	1		V65	e	iv		V65		V		65					Mm7	1	1	5, 2, -1, 1		1	5
124	122	193	122a	576	369	1.5	0	0	6/8	4	1		i	e	iv		i		i							m	1	1	0, -3, 1		0	0
124	122	193	122a	1155/2	741/2	1.0	3/8	3/8	6/8	4	1		V65(2)	e	iv		V65(2)		V		65	2				Mm7	1	1	5, 2, -1, -4		1	5
124	122	193	122a	1157/2	743/2	0.5	5/8	5/8	6/8	4	1		V65	e	iv		V65		V		65					Mm7	1	1	5, 2, -1, 1		1	5
125	123	194	123a	579	372	1.5	0	0	6/8	4	1		i	e	iv		i		i							m	1	1	0, -3, 1		0	0
125	123	194	123a	1161/2	747/2	1.0	3/8	3/8	6/8	4	1		VI	e	iv		VI		VI							M	1	1	-4, 0, -3		-4	-4
125	123	194	123a	1163/2	749/2	0.5	5/8	5/8	6/8	4	1		V6/iv	e	iv		V6/iv		V		6		iv			M	1	1	4, 1, 0		0	4
126	124	195	124a	582	375	1.0	0	0	6/8	4	1		iv	e	iv		iv		iv							m	1	1	-1, -4, 0		-1	-1
126	124	195	124a	583	376	8.0	1/4	1/4	6/8	4	1		bII	e	iv		bII		bII							M	1	1	-5, -1, -4		-5	-5
129	127	198	127a	591	384	3.0	0	0	6/8	4	1		VI.V7/bIII	e	VI		V7/bIII		V		7		bIII			Mm7	1	0	-2, 2, -1, -4		-2	-2
130	128	199	128a	594	387	3.0	0	0	6/8	4	1		V65	e	VI		V65		V		65					Mm7	1	0	5, 2, -1, 1		1	5
131	129	200	129a	597	390	2.5	0	0	6/8	4	1		I	e	VI		I		I							M	1	0	0, 4, 1		0	0
131	129	200	129a	1199/2	785/2	0.5	5/8	5/8	6/8	4	1		V7/IV	e	VI		V7/IV		V		7		IV			Mm7	1	0	0, 4, 1, -2		0	0
132	130	201	130a	600	393	3.0	0	0	6/8	4	1		V65/ii	e	VI		V65/ii		V		65		ii			Mm7	1	0	7, 4, 1, 3		3	7
133	131	202	131a	603	396	2.5	0	0	6/8	4	1		ii	e	VI		ii		ii							m	1	0	2, -1, 3		2	2
133	131	202	131a	1211/2	797/2	0.5	5/8	5/8	6/8	4	1		ii7	e	VI		ii7		ii		7					mm7	1	0	2, -1, 3, 0		2	2
134	132	203	132a	606	399	3.0	0	0	6/8	4	1		i.V65	e	i		V65		V		65					Mm7	1	1	5, 2, -1, 1		1	5
135	133	204	133a	609	402	2.5	0	0	6/8	4	1		i	e	i		i		i							m	1	1	0, -3, 1		0	0
135	133	204	133a	1223/2	809/2	0.5	5/8	5/8	6/8	4	1		i2	e	i		i2		i		2					mm7	1	1	-2, 0, -3, 1		0	-2
136	134	205	134a	612	405	1.0	0	0	6/8	4	1		VI	e	i		VI		VI							M	1	1	-4, 0, -3		-4	-4
136	134	205	134a	613	406	2.0	1/4	1/4	6/8	4	1		@none	e	i		@none		@none							m	1	1				
137	135	206	135a	615	408	3.0	0	0	6/8	4	1		ii	e	i		ii		ii							m	1	1	2, -1, 3		2	2
138	136	207	136a	618	411	1.5	0	0	6/8	4	1		#viio	e	i		#viio		#vii	o						o	1	1	5, 2, -1		5	5
138	136	207	136a	1239/2	825/2	1.0	3/8	3/8	6/8	4	1		i	e	i		i		i							m	1	1	0, -3, 1		0	0
138	136	207	136a	1241/2	827/2	0.5	5/8	5/8	6/8	4	1		viio/V	e	i		viio/V		vii	o			V			o	1	1	6, 3, 0		6	6
139	137	208	137a	621	414	1.5	0	0	6/8	4	1		V	e	i		V		V							M	1	1	1, 5, 2		1	1
139	137	208	137a	1245/2	831/2	1.0	3/8	3/8	6/8	4	1		vi	e	i		vi		vi							m	1	1	-4, -7, -3		-4	-4
139	137	208	137a	1247/2	833/2	0.5	5/8	5/8	6/8	4	1		ii	e	i		ii		ii							m	1	1	2, -1, 3		2	2
140	138	209	138a	624	417	1.5	0	0	6/8	4	1		III	e	i		III		III							M	1	1	-3, 1, -2		-3	-3
140	138	209	138a	1251/2	837/2	1.5	3/8	3/8	6/8	4	1		#viio	e	i		#viio		#vii	o						o	1	1	5, 2, -1		5	5
141	139	210	139a	627	420	1.5	0	0	6/8	4	1		i	e	i		i		i							m	1	1	0, -3, 1		0	0
141	139	210	139a	1257/2	843/2	4.5	3/8	3/8	6/8	4	1		V7	e	i		V7		V		7					Mm7	1	1	1, 5, 2, -1		1	1
143	141	212	141a	633	426	1.5	0	0	6/8	4	1		i	e	i		i		i							m	1	1	0, -3, 1		0	0
143	141	212	141a	1269/2	855/2	4.5	3/8	3/8	6/8	4	1		V65	e	i		V65		V		65					Mm7	1	1	5, 2, -1, 1		1	5
145	143	214	143a	639	432	3.0	0	0	6/8	4	1		i	e	i		i		i							m	1	1	0, -3, 1		0	0
146	144	215	144a	642	435	1.5	0	0	6/8	4	1		V7	e	i		V7		V		7					Mm7	1	1	1, 5, 2, -1		1	1
146	144	215	144a	1287/2	873/2	4.5	3/8	3/8	6/8	4	1		i\\	e	i		i		i						\\	m	1	1	0, -3, 1		0	0
148	146	217	146a	648	441	3.0	0	0	6/8	4	1		bII	e	i		bII		bII							M	1	1	-5, -1, -4		-5	-5
149	147	218	147a	651	444	1.5	0	0	6/8	4	1		V7/bII	e	i		V7/bII		V		7		bII			Mm7	1	1	-4, 0, -3, -6		-4	-4
149	147	218	147a	1305/2	891/2	1.0	3/8	3/8	6/8	4	1		bII64	e	i		bII64		bII		64					M	1	1	-4, -5, -1		-5	-4
149	147	218	147a	1307/2	893/2	0.5	5/8	5/8	6/8	4	1		V7/bII	e	i		V7/bII		V		7		bII			Mm7	1	1	-4, 0, -3, -6		-4	-4
150	148	219	148a	654	447	3.0	0	0	6/8	4	1		bII	e	i		bII		bII							M	1	1	-5, -1, -4		-5	-5
151	149	220	149a	657	450	3.0	0	0	6/8	4	1		#viio7	e	i		#viio7		#vii	o	7					o7	1	1	5, 2, -1, -4		5	5
152	150	221	150a	660	453	1.5	0	0	6/8	4	1		V7(2)	e	i		V7(2)		V		7	2				Mm7	1	1	-4, 5, 2, -1		1	-4
152	150	221	150a	1323/2	909/2	1.5	3/8	3/8	6/8	4	1		V7	e	i		V7		V		7					Mm7	1	1	1, 5, 2, -1		1	1
153	151	222	151a	663	456	1.5	0	0	6/8	4	1		V7	e	i		V7		V		7					Mm7	1	1	1, 5, 2, -1		1	1
153	151	222	151a	1329/2	915/2	1.5	3/8	3/8	6/8	4	1		#viio7	e	i		#viio7		#vii	o	7					o7	1	1	5, 2, -1, -4		5	5
154	152	223	152a	666	459	1.5	0	0	6/8	4	1		V43(2)	e	i		V43(2)		V		43	2				Mm7	1	1	2, -1, -4, 5		1	2
154	152	223	152a	1335/2	921/2	1.5	3/8	3/8	6/8	4	1		V43	e	i		V43		V		43					Mm7	1	1	2, -1, 1, 5		1	2
155	153	224	153a	669	462	1.5	0	0	6/8	4	1		i[i	e	i	i	i		i							m	1	1	0, -3, 1		0	0
155	153	224	153a	1341/2	927/2	1.5	3/8	3/8	6/8	4	1		#viio65	e	i	i	#viio65		#vii	o	65					o7	1	1	2, -1, -4, 5		5	2
156	154	225	154a	672	465	1.0	0	0	6/8	4	1		i64	e	i	i	i64		i		64					m	1	1	1, 0, -3		0	1
156	154	225	154a	673	466	0.5	1/4	1/4	6/8	4	1		i	e	i	i	i		i							m	1	1	0, -3, 1		0	0
156	154	225	154a	1347/2	933/2	1.5	3/8	3/8	6/8	4	1		#viio65	e	i	i	#viio65		#vii	o	65					o7	1	1	2, -1, -4, 5		5	2
157	155	226	155a	675	468	1.5	0	0	6/8	4	1		i]	e	i	i	i		i							m	1	1	0, -3, 1		0	0
157	155	226	155a	1353/2	939/2	0.5	3/8	3/8	6/8	4	1		iv	e	i		iv		iv							m	1	1	-1, -4, 0		-1	-1
157	155	226	155a	677	470	0.5	1/2	1/2	6/8	4	1		V6/iv	e	i		V6/iv		V		6		iv			M	1	1	4, 1, 0		0	4
157	155	226	155a	1355/2	941/2	1.0	5/8	5/8	6/8	4	1		iv	e	i		iv		iv							m	1	1	-1, -4, 0		-1	-1
158	156	227	156a	1357/2	943/2	7.0	1/8	1/8	6/8	4	1		@none	e	i		@none		@none							m	1	1				
160	158	229	158a	1371/2	957/2	1.75	3/8	3/8	6/8	4	1		bII	e	i		bII		bII							M	1	1	-5, -1, -4		-5	-5
161	159	230	159a	2749/4	1921/4	2.75	1/16	1/16	6/8	4	1		V7/bII	e	i		V7/bII		V		7		bII			Mm7	1	1	-4, 0, -3, -6		-4	-4
162	160	231	160a	690	483	3.0	0	0	6/8	4	1		bII	e	i		bII		bII							M	1	1	-5, -1, -4		-5	-5
163	161	232	161a	693	486	3.0	0	0	6/8	4	1		V2/VI	e	i		V2/VI		V		2		VI			Mm7	1	1	-5, -3, 1, -2		-3	-5
164	162	233	162a	696	489	3.0	0	0	6/8	4	1		VI6	e	i		VI6		VI		6					M	1	1	0, -3, -4		-4	0
165	163	234	163a	699	492	3.0	0	0	6/8	4	1		#viio43	e	i		#viio43		#vii	o	43					o7	1	1	-1, -4, 5, 2		5	-1
166	164	235	164a	702	495	3.0	0	0	6/8	4	1		iv6	e	i		iv6		iv		6					m	1	1	-4, 0, -1		-1	-4
167	165	236	165a	705	498	3.0	0	0	6/8	4	1		V7	e	i		V7		V		7					Mm7	1	1	1, 5, 2, -1		1	1
168	166	237	166a	708	501	3.0	0	0	6/8	4	1		viio7/V	e	i		viio7/V		vii	o	7		V			o7	1	1	6, 3, 0, -3		6	6
169	167	238	167a	711	504	2.5	0	0	6/8	4	1		V7	e	i		V7		V		7					Mm7	1	1	1, 5, 2, -1		1	1
169	167	238	167a	1427/2	1013/2	0.5	5/8	5/8	6/8	4	1		viio7/V	e	i		viio7/V		vii	o	7		V			o7	1	1	6, 3, 0, -3		6	6
170	168	239	168a	714	507	0.25	0	0	6/8	4	1		V\\	e	i		V		V						\\	M	1	1	1, 5, 2		1	1
170	168	239	168a	2857/4	2029/4	8.75	1/16	1/16	6/8	4	1		V	e	i		V		V							M	1	1	1, 5, 2		1	1
173	171	242	171a	723	516	3.0	0	0	6/8	4	1		V7	e	i		V7		V		7					Mm7	1	1	1, 5, 2, -1		1	1
174	172	243	172a	726	519	3.0	0	0	6/8	4	1		V43	e	i		V43		V		43					Mm7	1	1	2, -1, 1, 5		1	2
175	173	244	173a	729	522	3.0	0	0	6/8	4	1		V65	e	i		V65		V		65					Mm7	1	1	5, 2, -1, 1		1	5
176	174	245	174a	732	525	3.0	0	0	6/8	4	1		V2	e	i		V2		V		2					Mm7	1	1	-1, 1, 5, 2		1	-1
177	175	246	175a	735	528	12.0	0	0	6/8	4	1		V7	e	i		V7		V		7					Mm7	1	1	1, 5, 2, -1		1	1
181	179	250	179a	747	540	1.5	0	0	6/8	4	1		V6/iv	e	i		V6/iv		V		6		iv			M	1	1	4, 1, 0		0	4
181	179	250	179a	1497/2	1083/2	1.0	3/8	3/8	6/8	4	1		I.IV(11)	e	I		IV(11)		IV			11				M	1	0	-1, 3, 0	5	-1	-1
181	179	250	179a	1499/2	1085/2	0.5	5/8	5/8	6/8	4	1		IV	e	I		IV		IV							M	1	0	-1, 3, 0		-1	-1
182	180	251	180a	750	543	1.5	0	0	6/8	4	1		V7	e	I		V7		V		7					Mm7	1	0	1, 5, 2, -1		1	1
182	180	251	180a	1503/2	1089/2	1.5	3/8	3/8	6/8	4	1		I	e	I		I		I							M	1	0	0, 4, 1		0	0
183	181	252	181a	753	546	1.5	0	0	6/8	4	1		I6	e	I		I6		I		6					M	1	0	4, 1, 0		0	4
183	181	252	181a	1509/2	1095/2	1.0	3/8	3/8	6/8	4	1		IV(11)	e	I		IV(11)		IV			11				M	1	0	-1, 3, 0	5	-1	-1
183	181	252	181a	1511/2	1097/2	0.5	5/8	5/8	6/8	4	1		IV	e	I		IV		IV							M	1	0	-1, 3, 0		-1	-1
184	182	253	182a	756	549	1.5	0	0	6/8	4	1		viio7	e	I		viio7		vii	o	7					o7	1	0	5, 2, -1, -4		5	5
184	182	253	182a	1515/2	1101/2	1.5	3/8	3/8	6/8	4	1		V65	e	I		V65		V		65					Mm7	1	0	5, 2, -1, 1		1	5
185	183	254	183a	759	552	1.5	0	0	6/8	4	1		I	e	I		I		I							M	1	0	0, 4, 1		0	0
185	183	254	183a	1521/2	1107/2	0.5	3/8	3/8	6/8	4	1		ii6(2)	e	I		ii6(2)		ii		6	2				m	1	0	-1, 3, 4		2	-1
185	183	254	183a	761	554	1.0	1/2	1/2	6/8	4	1		ii6	e	I		ii6		ii		6					m	1	0	-1, 3, 2		2	-1
186	184	255	184a	762	555	1.0	0	0	6/8	4	1		V(9)	e	I		V(9)		V			9				M	1	0	1, 5, 2	3	1	1
186	184	255	184a	763	556	2.0	1/4	1/4	6/8	4	1		V	e	I		V		V							M	1	0	1, 5, 2		1	1
187	185	256	185a	765	558	1.5	0	0	6/8	4	1		I64	e	I		I64		I		64					M	1	0	1, 0, 4		0	1
187	185	256	185a	1533/2	1119/2	0.5	3/8	3/8	6/8	4	1		ii6(2)	e	I		ii6(2)		ii		6	2				m	1	0	-1, 3, 4		2	-1
187	185	256	185a	767	560	1.0	1/2	1/2	6/8	4	1		ii6	e	I		ii6		ii		6					m	1	0	-1, 3, 2		2	-1
188	186	257	186a	768	561	1.0	0	0	6/8	4	1		V6(2)	e	I		V6(2)		V		6	2				M	1	0	5, 2, 3		1	5
188	186	257	186a	769	562	0.5	1/4	1/4	6/8	4	1		V6	e	I		V6		V		6					M	1	0	5, 2, 1		1	5
188	186	257	186a	1539/2	1125/2	1.5	3/8	3/8	6/8	4	1		V7	e	I		V7		V		7					Mm7	1	0	1, 5, 2, -1		1	1
189	187	258	187a	771	564	1.5	0	0	6/8	4	1		I	e	I		I		I							M	1	0	0, 4, 1		0	0
189	187	258	187a	1545/2	1131/2	2.0	3/8	3/8	6/8	4	1		V65/V	e	I		V65/V		V		65		V			Mm7	1	0	6, 3, 0, 2		2	6
190	188	259	188a	1549/2	1135/2	2.0	1/8	1/8	6/8	4	1		V(64)	e	I		V(64)		V			64				M	1	0	1, 0, 4		1	1
190	188	259	188a	1553/2	1139/2	0.5	5/8	5/8	6/8	4	1		V7	e	I		V7		V		7					Mm7	1	0	1, 5, 2, -1		1	1
191	189	260	189a	777	570	0.75	0	0	6/8	4	1		i.#viio2	e	i		#viio2		#vii	o	2					o7	1	1	-4, 5, 2, -1		5	-4
191	189	260	189a	3111/4	2283/4	0.25	3/16	3/16	6/8	4	1		V	e	i		V		V							M	1	1	1, 5, 2		1	1
191	189	260	189a	778	571	0.25	1/4	1/4	6/8	4	1		#viio43	e	i		#viio43		#vii	o	43					o7	1	1	-1, -4, 5, 2		5	-1
191	189	260	189a	3113/4	2285/4	0.25	5/16	5/16	6/8	4	1		V	e	i		V		V							M	1	1	1, 5, 2		1	1
191	189	260	189a	1557/2	1143/2	0.75	3/8	3/8	6/8	4	1		#viio2	e	i		#viio2		#vii	o	2					o7	1	1	-4, 5, 2, -1		5	-4
191	189	260	189a	3117/4	2289/4	0.25	9/16	9/16	6/8	4	1		V	e	i		V		V							M	1	1	1, 5, 2		1	1
191	189	260	189a	1559/2	1145/2	0.5	5/8	5/8	6/8	4	1		#viio43	e	i		#viio43		#vii	o	43					o7	1	1	-1, -4, 5, 2		5	-1
192	190	261	190a	780	573	0.75	0	0	6/8	4	1		#vio65	e	i		#vio65		#vi	o	65					o7	1	1	0, -3, -6, 3		3	0
192	190	261	190a	3123/4	2295/4	0.25	3/16	3/16	6/8	4	1		i64	e	i		i64		i		64					m	1	1	1, 0, -3		0	1
192	190	261	190a	781	574	0.25	1/4	1/4	6/8	4	1		viio7/V	e	i		viio7/V		vii	o	7		V			o7	1	1	6, 3, 0, -3		6	6
192	190	261	190a	3125/4	2297/4	0.25	5/16	5/16	6/8	4	1		i64	e	i		i64		i		64					m	1	1	1, 0, -3		0	1
192	190	261	190a	1563/2	1149/2	0.75	3/8	3/8	6/8	4	1		#vio65	e	i		#vio65		#vi	o	65					o7	1	1	0, -3, -6, 3		3	0
192	190	261	190a	3129/4	2301/4	0.25	9/16	9/16	6/8	4	1		i64	e	i		i64		i		64					m	1	1	1, 0, -3		0	1
192	190	261	190a	1565/2	1151/2	0.5	5/8	5/8	6/8	4	1		viio7/V	e	i		viio7/V		vii	o	7		V			o7	1	1	6, 3, 0, -3		6	6
193	191	262	191a	783	576	2.0	0	0	6/8	4	1		#viio43	e	i		#viio43		#vii	o	43					o7	1	1	-1, -4, 5, 2		5	-1
193	191	262	191a	785	578	0.5	1/2	1/2	6/8	4	1		I.I6	e	I		I6		I		6					M	1	0	4, 1, 0		0	4
193	191	262	191a	1571/2	1157/2	1.0	5/8	5/8	6/8	4	1		IV6	e	I		IV6		IV		6					M	1	0	3, 0, -1		-1	3
194	192	263	192a	1573/2	1159/2	0.5	1/8	1/8	6/8	4	1		I64	e	I		I64		I		64					M	1	0	1, 0, 4		0	1
194	192	263	192a	787	580	0.5	1/4	1/4	6/8	4	1		viio7	e	I		viio7		vii	o	7					o7	1	0	5, 2, -1, -4		5	5
194	192	263	192a	1575/2	1161/2	1.0	3/8	3/8	6/8	4	1		I64	e	I		I64		I		64					M	1	0	1, 0, 4		0	1
194	192	263	192a	1577/2	1163/2	0.5	5/8	5/8	6/8	4	1		V7	e	I		V7		V		7					Mm7	1	0	1, 5, 2, -1		1	1
195	193	264	193a	789	582	0.75	0	0	6/8	4	1		viio2	e	I		viio2		vii	o	2					o7	1	0	-4, 5, 2, -1		5	-4
195	193	264	193a	3159/4	2331/4	0.25	3/16	3/16	6/8	4	1		V	e	I		V		V							M	1	0	1, 5, 2		1	1
195	193	264	193a	790	583	0.5	1/4	1/4	6/8	4	1		viio43	e	I		viio43		vii	o	43					o7	1	0	-1, -4, 5, 2		5	-1
195	193	264	193a	1581/2	1167/2	1.0	3/8	3/8	6/8	4	1		vi64(42)	e	I		vi64(42)		vi		64	42				m	1	0	4, 5, 2		3	4
195	193	264	193a	1583/2	1169/2	0.25	5/8	5/8	6/8	4	1		vi64	e	I		vi64		vi		64					m	1	0	4, 3, 0		3	4
195	193	264	193a	3167/4	2339/4	0.25	11/16	11/16	6/8	4	1		vio43	e	I		vio43		vi	o	43					o7	1	0	-3, -6, 3, 0		3	-3
196	194	265	194a	792	585	1.0	0	0	6/8	4	1		V7/V	e	I		V7/V		V		7		V			Mm7	1	0	2, 6, 3, 0		2	2
196	194	265	194a	793	586	0.5	1/4	1/4	6/8	4	1		v64	e	I		v64		v		64					m	1	0	2, 1, -2		1	2
196	194	265	194a	1587/2	1173/2	1.0	3/8	3/8	6/8	4	1		V7/IV	e	I		V7/IV		V		7		IV			Mm7	1	0	0, 4, 1, -2		0	0
196	194	265	194a	1589/2	1175/2	0.25	5/8	5/8	6/8	4	1		IV	e	I		IV		IV							M	1	0	-1, 3, 0		-1	-1
196	194	265	194a	3179/4	2351/4	0.25	11/16	11/16	6/8	4	1		viio7/V	e	I		viio7/V		vii	o	7		V			o7	1	0	6, 3, 0, -3		6	6
197	195	266	195a	795	588	3.0	0	0	6/8	4	1		V(64)	e	I		V(64)		V			64				M	1	0	1, 0, 4		1	1
198	196	267	196a	798	591	1.5	0	0	6/8	4	1		viio65/IV	e	I		viio65/IV		vii	o	65		IV			o7	1	0	1, -2, -5, 4		4	1
198	196	267	196a	1599/2	1185/2	1.0	3/8	3/8	6/8	4	1		V6/V	e	I		V6/V		V		6		V			M	1	0	6, 3, 2		2	6
198	196	267	196a	1601/2	1187/2	0.5	5/8	5/8	6/8	4	1		viio43	e	I		viio43		vii	o	43					o7	1	0	-1, -4, 5, 2		5	-1
199	197	268	197a	801	594	0.5	0	0	6/8	4	1		I6	e	I		I6		I		6					M	1	0	4, 1, 0		0	4
199	197	268	197a	1603/2	1189/2	1.0	1/8	1/8	6/8	4	1		I64	e	I		I64		I		64					M	1	0	1, 0, 4		0	1
199	197	268	197a	1605/2	1191/2	1.5	3/8	3/8	6/8	4	1		viio6/IV	e	I		viio6/IV		vii	o	6		IV			o	1	0	1, -2, 4		4	1
200	198	269	198a	804	597	1.0	0	0	6/8	4	1		#io43	e	I		#io43		#i	o	43					o7	1	0	1, -2, 7, 4		7	1
200	198	269	198a	805	598	1.5	1/4	1/4	6/8	4	1		V6/V	e	I		V6/V		V		6		V			M	1	0	6, 3, 2		2	6
200	198	269	198a	1613/2	1199/2	1.0	5/8	5/8	6/8	4	1		viio43	e	I		viio43		vii	o	43					o7	1	0	-1, -4, 5, 2		5	-1
201	199	270	199a	1615/2	1201/2	1.0	1/8	1/8	6/8	4	1		I6	e	I		I6		I		6					M	1	0	4, 1, 0		0	4
201	199	270	199a	1617/2	1203/2	1.0	3/8	3/8	6/8	4	1		#io65	e	I		#io65		#i	o	65					o7	1	0	4, 1, -2, 7		7	4
201	199	270	199a	1619/2	1205/2	1.0	5/8	5/8	6/8	4	1		ii6	e	I		ii6		ii		6					m	1	0	-1, 3, 2		2	-1
202	200	271	200a	1621/2	1207/2	1.0	1/8	1/8	6/8	4	1		#ivo7	e	I		#ivo7		#iv	o	7					o7	1	0	6, 3, 0, -3		6	6
202	200	271	200a	1623/2	1209/2	1.0	3/8	3/8	6/8	4	1		i64	e	I		i64		i		64					m	1	0	1, 0, -3		0	1
202	200	271	200a	1625/2	1211/2	1.0	5/8	5/8	6/8	4	1		Ger6	e	I		Ger6	Ger	vii	o	65	b3	V			Ger	1	0	-4, 0, -3, 6		6	-4
203	201	272	201a	1627/2	1213/2	3.0	1/8	1/8	6/8	4	1		#ivo65	e	I		#ivo65		#iv	o	65					o7	1	0	3, 0, -3, 6		6	3
204	202	273	202a	1633/2	1219/2	3.0	1/8	1/8	6/8	4	1		Ger6	e	I		Ger6	Ger	vii	o	65	b3	V			Ger	1	0	-4, 0, -3, 6		6	-4
205	203	274	203a	1639/2	1225/2	3.0	1/8	1/8	6/8	4	1		V(64)	e	I		V(64)		V			64				M	1	0	1, 0, 4		1	1
206	204	275	204a	1645/2	1231/2	2.5	1/8	1/8	6/8	4	1		V7	e	I		V7		V		7					Mm7	1	0	1, 5, 2, -1		1	1
207	205	276	205a	825	618	3.0	0	0	6/8	4	1		V(64)	e	I		V(64)		V			64				M	1	0	1, 0, 4		1	1
208	206	277	206a	828	621	3.0	0	0	6/8	4	1		V7	e	I		V7		V		7					Mm7	1	0	1, 5, 2, -1		1	1
209	207	278	207a	831	624	3.0	0	0	6/8	4	1		V(64)	e	I		V(64)		V			64				M	1	0	1, 0, 4		1	1
210	205	279	205b	834	627	3.0	0	0	6/8	4	1		V7	e	I		V7		V		7					Mm7	1	0	1, 5, 2, -1		1	1
211	206	280	206b	837	630	1.5	0	0	6/8	4	1	1	I\\	e	I		I		I						\\	M	1	0	0, 4, 1		0	0
211	206	280	206b	1677/2	1263/2	3.0	3/8	3/8	6/8	4	1	1	bi.viio7	e	bi		viio7		vii	o	7					o7	1	1	-2, -5, -8, -11		-2	-2
212	207	281	207b	1683/2	1269/2	1.5	3/8	3/8	6/8	4	1	1	bV65	e	bi		bV65		bV		65					Mm7	1	1	-2, -5, -8, -6		-6	-2
213	208	282	208a	843	636	1.5	0	0	6/8	4	1	1	i	e	bi		i		i							m	1	1	0, -3, 1		0	0
213	208	282	208a	1689/2	1275/2	4.5	3/8	3/8	6/8	4	1	1	V6	e	bi		V6		V		6					M	1	1	5, 2, 1		1	5
74	72	284	72b	849	219	1.5	0	0	6/8	4	1		I	e	bI		I		I							M	1	0	0, 4, 1		0	0
74	72	284	72b	1701/2	441/2	4.5	3/8	3/8	6/8	4	1		V6	e	bI		V6		V		6					M	1	0	5, 2, 1		1	5
76	74	286	74b	855	225	1.5	0	0	6/8	4	1		i	e	bI		i		i							m	1	0	0, -3, 1		0	0
76	74	286	74b	1713/2	453/2	4.5	3/8	3/8	6/8	4	1		v.#viio6	e	v		#viio6		#vii	o	6					o	1	1	2, -1, 5		5	2
78	76	288	76b	861	231	1.5	0	0	6/8	4	1		i	e	v		i		i							m	1	1	0, -3, 1		0	0
78	76	288	76b	1725/2	465/2	4.5	3/8	3/8	6/8	4	1		V6	e	v		V6		V		6					M	1	1	5, 2, 1		1	5
80	78	290	78b	867	237	3.0	0	0	6/8	4	1		i	e	v		i		i							m	1	1	0, -3, 1		0	0
81	79	291	79b	870	240	1.5	0	0	6/8	4	1		V7	e	v		V7		V		7					Mm7	1	1	1, 5, 2, -1		1	1
81	79	291	79b	1743/2	483/2	4.5	3/8	3/8	6/8	4	1		VI	e	v		VI		VI							M	1	1	-4, 0, -3		-4	-4
83	81	293	81b	876	246	3.0	0	0	6/8	4	1		vi.i	e	vi		i		i							m	1	1	0, -3, 1		0	0
84	82	294	82b	879	249	1.5	0	0	6/8	4	1		V7	e	vi		V7		V		7					Mm7	1	1	1, 5, 2, -1		1	1
84	82	294	82b	1761/2	501/2	4.5	3/8	3/8	6/8	4	1		VI	e	vi		VI		VI							M	1	1	-4, 0, -3		-4	-4
86	84	296	84b	885	255	1.5	0	0	6/8	4	1		bIV.I64	e	bIV		I64		I		64					M	1	0	1, 0, 4		0	1
86	84	296	84b	1773/2	513/2	6.0	3/8	3/8	6/8	4	1		V7	e	bIV		V7		V		7					Mm7	1	0	1, 5, 2, -1		1	1
88	86	298	86b	1785/2	525/2	1.5	3/8	3/8	6/8	4	1		I64	e	bIV		I64		I		64					M	1	0	1, 0, 4		0	1
89	87	299	87b	894	264	1.5	0	0	6/8	4	1		I	e	bIV		I		I							M	1	0	0, 4, 1		0	0
89	87	299	87b	1791/2	531/2	2.0	3/8	3/8	6/8	4	1		V2/IV	e	bIV		V2/IV		V		2		IV			Mm7	1	0	-2, 0, 4, 1		0	-2
90	88	300	88b	1795/2	535/2	2.5	1/8	1/8	6/8	4	1		V7(9)/ii	e	bIV		V7(9)/ii		V		7	9	ii			Mm7	1	0	3, 7, 4, 1	-2	3	3
91	89	301	89b	900	270	3.0	0	0	6/8	4	1		ii64	e	bIV		ii64		ii		64					m	1	0	3, 2, -1		2	3
92	90	302	90b	903	273	1.5	0	0	6/8	4	1		ii64	e	bIV		ii64		ii		64					m	1	0	3, 2, -1		2	3
92	90	302	90b	1809/2	549/2	1.5	3/8	3/8	6/8	4	1		V7(+2)/ii	e	bIV		V7(+2)/ii		V		7	+2	ii			Mm7	1	0	3, 7, 4, 1	-2	3	3
93	91	303	91b	906	276	6.0	0	0	6/8	4	1		ii64	e	bIV		ii64		ii		64					m	1	0	3, 2, -1		2	3
95	93	305	93b	912	282	6.0	0	0	6/8	4	1		bVII	e	bIV		bVII		bVII							M	1	0	-2, 2, -1		-2	-2
97	95	307	95b	918	288	6.0	0	0	6/8	4	1		v.V7	e	v		V7		V		7					Mm7	1	1	1, 5, 2, -1		1	1
99	97	309	97b	924	294	1.5	0	0	6/8	4	1		V(64)	e	v		V(64)		V			64				M	1	1	1, 0, -3		1	1
99	97	309	97b	1851/2	591/2	1.5	3/8	3/8	6/8	4	1		V7	e	v		V7		V		7					Mm7	1	1	1, 5, 2, -1		1	1
100	98	310	98b	927	297	1.5	0	0	6/8	4	1		V(64)	e	v		V(64)		V			64				M	1	1	1, 0, -3		1	1
100	98	310	98b	1857/2	597/2	1.5	3/8	3/8	6/8	4	1		V7(+2)	e	v		V7(+2)		V		7	+2				Mm7	1	1	1, 5, 2, -1	-4	1	1
101	99	311	99b	930	300	6.0	0	0	6/8	4	1		V(64)	e	v		V(64)		V			64				M	1	1	1, 0, -3		1	1
103	101	313	101b	936	306	6.0	0	0	6/8	4	1		VI.V65/V	e	VI		V65/V		V		65		V			Mm7	1	0	6, 3, 0, 2		2	6
105	103	315	103b	942	312	3.0	0	0	6/8	4	1		V2	e	VI		V2		V		2					Mm7	1	0	-1, 1, 5, 2		1	-1
106	104	316	104b	945	315	3.0	0	0	6/8	4	1		V43	e	VI		V43		V		43					Mm7	1	0	2, -1, 1, 5		1	2
107	105	317	105b	948	318	3.0	0	0	6/8	4	1		V65	e	VI		V65		V		65					Mm7	1	0	5, 2, -1, 1		1	5
108	106	318	106b	951	321	3.0	0	0	6/8	4	1		V7	e	VI		V7		V		7					Mm7	1	0	1, 5, 2, -1		1	1
109	107	319	107b	954	324	1.5	0	0	6/8	4	1		I	e	VI		I		I							M	1	0	0, 4, 1		0	0
109	107	319	107b	1911/2	651/2	1.5	3/8	3/8	6/8	4	1		V	e	VI		V		V							M	1	0	1, 5, 2		1	1
110	108	320	108b	957	327	3.0	0	0	6/8	4	1		@none	e	VI		@none		@none							m	1	0				
111	109	321	109b	960	330	1.5	0	0	6/8	4	1		I	e	VI		I		I							M	1	0	0, 4, 1		0	0
111	109	321	109b	1923/2	663/2	3.0	3/8	3/8	6/8	4	1		V6	e	VI		V6		V		6					M	1	0	5, 2, 1		1	5
112	110	322	110b	1929/2	669/2	1.0	3/8	3/8	6/8	4	1		I6	e	VI		I6		I		6					M	1	0	4, 1, 0		0	4
112	110	322	110b	1931/2	671/2	0.5	5/8	5/8	6/8	4	1		iv.#viio65	e	iv		#viio65		#vii	o	65					o7	1	1	2, -1, -4, 5		5	2
113	111	323	111b	966	336	1.5	0	0	6/8	4	1		i	e	iv		i		i							m	1	1	0, -3, 1		0	0
113	111	323	111b	1935/2	675/2	3.0	3/8	3/8	6/8	4	1		V	e	iv		V		V							M	1	1	1, 5, 2		1	1
114	112	324	112b	1941/2	681/2	1.5	3/8	3/8	6/8	4	1		i6	e	iv		i6		i		6					m	1	1	-3, 1, 0		0	-3
115	113	325	113b	972	342	1.5	0	0	6/8	4	1		i	e	iv		i		i							m	1	1	0, -3, 1		0	0
115	113	325	113b	1947/2	687/2	1.5	3/8	3/8	6/8	4	1		V6	e	iv		V6		V		6					M	1	1	5, 2, 1		1	5
116	114	326	114b	975	345	1.5	0	0	6/8	4	1		III	e	iv		III		III							M	1	1	-3, 1, -2		-3	-3
116	114	326	114b	1953/2	693/2	1.5	3/8	3/8	6/8	4	1		i	e	iv		i		i							m	1	1	0, -3, 1		0	0
117	115	327	115b	978	348	1.5	0	0	6/8	4	1		i[i	e	iv	i	i		i							m	1	1	0, -3, 1		0	0
117	115	327	115b	1959/2	699/2	1.5	3/8	3/8	6/8	4	1		#viio43	e	iv	i	#viio43		#vii	o	43					o7	1	1	-1, -4, 5, 2		5	-1
118	116	328	116b	981	351	1.5	0	0	6/8	4	1		i64	e	iv	i	i64		i		64					m	1	1	1, 0, -3		0	1
118	116	328	116b	1965/2	705/2	1.5	3/8	3/8	6/8	4	1		#viio43	e	iv	i	#viio43		#vii	o	43					o7	1	1	-1, -4, 5, 2		5	-1
119	117	329	117b	984	354	1.5	0	0	6/8	4	1		i]	e	iv	i	i		i							m	1	1	0, -3, 1		0	0
119	117	329	117b	1971/2	711/2	1.5	3/8	3/8	6/8	4	1		vii.i	e	vii		i		i							m	1	1	0, -3, 1		0	0
120	118	330	118b	987	357	1.5	0	0	6/8	4	1		i6	e	vii		i6		i		6					m	1	1	-3, 1, 0		0	-3
120	118	330	118b	1977/2	717/2	2.0	3/8	3/8	6/8	4	1		iv	e	vii		iv		iv							m	1	1	-1, -4, 0		-1	-1
121	119	331	119b	1981/2	721/2	1.75	1/8	1/8	6/8	4	1		iv.vii%7/bII	e	iv		vii%7/bII		vii	%	7		bII			%7	1	1	0, -3, -6, -2		0	0
121	119	331	119b	3969/4	1449/4	1.25	9/16	9/16	6/8	4	1		bII6	e	iv		bII6		bII		6					M	1	1	-1, -4, -5		-5	-1
122	120	332	120b	1987/2	727/2	1.0	1/8	1/8	6/8	4	1		viio7/V	e	iv		viio7/V		vii	o	7		V			o7	1	1	6, 3, 0, -3		6	6
122	120	332	120b	1989/2	729/2	1.0	3/8	3/8	6/8	4	1		V(64)	e	iv		V(64)		V			64				M	1	1	1, 0, -3		1	1
122	120	332	120b	1991/2	731/2	0.5	5/8	5/8	6/8	4	1		V	e	iv		V		V							M	1	1	1, 5, 2		1	1
123	121	333	121b	996	366	1.5	0	0	6/8	4	1		i\\	e	iv		i		i						\\	m	1	1	0, -3, 1		0	0
123	121	333	121b	1995/2	735/2	1.0	3/8	3/8	6/8	4	1		V65(2)	e	iv		V65(2)		V		65	2				Mm7	1	1	5, 2, -1, -4		1	5
123	121	333	121b	1997/2	737/2	0.5	5/8	5/8	6/8	4	1		V65	e	iv		V65		V		65					Mm7	1	1	5, 2, -1, 1		1	5
124	122	334	122b	999	369	1.5	0	0	6/8	4	1		i	e	iv		i		i							m	1	1	0, -3, 1		0	0
124	122	334	122b	2001/2	741/2	1.0	3/8	3/8	6/8	4	1		V65(2)	e	iv		V65(2)		V		65	2				Mm7	1	1	5, 2, -1, -4		1	5
124	122	334	122b	2003/2	743/2	0.5	5/8	5/8	6/8	4	1		V65	e	iv		V65		V		65					Mm7	1	1	5, 2, -1, 1		1	5
125	123	335	123b	1002	372	1.5	0	0	6/8	4	1		i	e	iv		i		i							m	1	1	0, -3, 1		0	0
125	123	335	123b	2007/2	747/2	1.0	3/8	3/8	6/8	4	1		VI	e	iv		VI		VI							M	1	1	-4, 0, -3		-4	-4
125	123	335	123b	2009/2	749/2	0.5	5/8	5/8	6/8	4	1		V6/iv	e	iv		V6/iv		V		6		iv			M	1	1	4, 1, 0		0	4
126	124	336	124b	1005	375	1.0	0	0	6/8	4	1		iv	e	iv		iv		iv							m	1	1	-1, -4, 0		-1	-1
126	124	336	124b	1006	376	8.0	1/4	1/4	6/8	4	1		bII	e	iv		bII		bII							M	1	1	-5, -1, -4		-5	-5
129	127	339	127b	1014	384	3.0	0	0	6/8	4	1		VI.V7/bIII	e	VI		V7/bIII		V		7		bIII			Mm7	1	0	-2, 2, -1, -4		-2	-2
130	128	340	128b	1017	387	3.0	0	0	6/8	4	1		V65	e	VI		V65		V		65					Mm7	1	0	5, 2, -1, 1		1	5
131	129	341	129b	1020	390	2.5	0	0	6/8	4	1		I	e	VI		I		I							M	1	0	0, 4, 1		0	0
131	129	341	129b	2045/2	785/2	0.5	5/8	5/8	6/8	4	1		V7/IV	e	VI		V7/IV		V		7		IV			Mm7	1	0	0, 4, 1, -2		0	0
132	130	342	130b	1023	393	3.0	0	0	6/8	4	1		V65/ii	e	VI		V65/ii		V		65		ii			Mm7	1	0	7, 4, 1, 3		3	7
133	131	343	131b	1026	396	2.5	0	0	6/8	4	1		ii	e	VI		ii		ii							m	1	0	2, -1, 3		2	2
133	131	343	131b	2057/2	797/2	0.5	5/8	5/8	6/8	4	1		ii7	e	VI		ii7		ii		7					mm7	1	0	2, -1, 3, 0		2	2
134	132	344	132b	1029	399	3.0	0	0	6/8	4	1		i.V65	e	i		V65		V		65					Mm7	1	1	5, 2, -1, 1		1	5
135	133	345	133b	1032	402	2.5	0	0	6/8	4	1		i	e	i		i		i							m	1	1	0, -3, 1		0	0
135	133	345	133b	2069/2	809/2	0.5	5/8	5/8	6/8	4	1		i2	e	i		i2		i		2					mm7	1	1	-2, 0, -3, 1		0	-2
136	134	346	134b	1035	405	1.0	0	0	6/8	4	1		VI	e	i		VI		VI							M	1	1	-4, 0, -3		-4	-4
136	134	346	134b	1036	406	2.0	1/4	1/4	6/8	4	1		@none	e	i		@none		@none							m	1	1				
137	135	347	135b	1038	408	3.0	0	0	6/8	4	1		ii	e	i		ii		ii							m	1	1	2, -1, 3		2	2
138	136	348	136b	1041	411	1.5	0	0	6/8	4	1		#viio	e	i		#viio		#vii	o						o	1	1	5, 2, -1		5	5
138	136	348	136b	2085/2	825/2	1.0	3/8	3/8	6/8	4	1		i	e	i		i		i							m	1	1	0, -3, 1		0	0
138	136	348	136b	2087/2	827/2	0.5	5/8	5/8	6/8	4	1		viio/V	e	i		viio/V		vii	o			V			o	1	1	6, 3, 0		6	6
139	137	349	137b	1044	414	1.5	0	0	6/8	4	1		V	e	i		V		V							M	1	1	1, 5, 2		1	1
139	137	349	137b	2091/2	831/2	1.0	3/8	3/8	6/8	4	1		vi	e	i		vi		vi							m	1	1	-4, -7, -3		-4	-4
139	137	349	137b	2093/2	833/2	0.5	5/8	5/8	6/8	4	1		ii	e	i		ii		ii							m	1	1	2, -1, 3		2	2
140	138	350	138b	1047	417	1.5	0	0	6/8	4	1		III	e	i		III		III							M	1	1	-3, 1, -2		-3	-3
140	138	350	138b	2097/2	837/2	1.5	3/8	3/8	6/8	4	1		#viio	e	i		#viio		#vii	o						o	1	1	5, 2, -1		5	5
141	139	351	139b	1050	420	1.5	0	0	6/8	4	1		i	e	i		i		i							m	1	1	0, -3, 1		0	0
141	139	351	139b	2103/2	843/2	4.5	3/8	3/8	6/8	4	1		V7	e	i		V7		V		7					Mm7	1	1	1, 5, 2, -1		1	1
143	141	353	141b	1056	426	1.5	0	0	6/8	4	1		i	e	i		i		i							m	1	1	0, -3, 1		0	0
143	141	353	141b	2115/2	855/2	4.5	3/8	3/8	6/8	4	1		V65	e	i		V65		V		65					Mm7	1	1	5, 2, -1, 1		1	5
145	143	355	143b	1062	432	3.0	0	0	6/8	4	1		i	e	i		i		i							m	1	1	0, -3, 1		0	0
146	144	356	144b	1065	435	1.5	0	0	6/8	4	1		V7	e	i		V7		V		7					Mm7	1	1	1, 5, 2, -1		1	1
146	144	356	144b	2133/2	873/2	4.5	3/8	3/8	6/8	4	1		i\\	e	i		i		i						\\	m	1	1	0, -3, 1		0	0
148	146	358	146b	1071	441	3.0	0	0	6/8	4	1		bII	e	i		bII		bII							M	1	1	-5, -1, -4		-5	-5
149	147	359	147b	1074	444	1.5	0	0	6/8	4	1		V7/bII	e	i		V7/bII		V		7		bII			Mm7	1	1	-4, 0, -3, -6		-4	-4
149	147	359	147b	2151/2	891/2	1.0	3/8	3/8	6/8	4	1		bII64	e	i		bII64		bII		64					M	1	1	-4, -5, -1		-5	-4
149	147	359	147b	2153/2	893/2	0.5	5/8	5/8	6/8	4	1		V7/bII	e	i		V7/bII		V		7		bII			Mm7	1	1	-4, 0, -3, -6		-4	-4
150	148	360	148b	1077	447	3.0	0	0	6/8	4	1		bII	e	i		bII		bII							M	1	1	-5, -1, -4		-5	-5
151	149	361	149b	1080	450	3.0	0	0	6/8	4	1		#viio7	e	i		#viio7		#vii	o	7					o7	1	1	5, 2, -1, -4		5	5
152	150	362	150b	1083	453	1.5	0	0	6/8	4	1		V7(2)	e	i		V7(2)		V		7	2				Mm7	1	1	-4, 5, 2, -1		1	-4
152	150	362	150b	2169/2	909/2	1.5	3/8	3/8	6/8	4	1		V7	e	i		V7		V		7					Mm7	1	1	1, 5, 2, -1		1	1
153	151	363	151b	1086	456	1.5	0	0	6/8	4	1		V7	e	i		V7		V		7					Mm7	1	1	1, 5, 2, -1		1	1
153	151	363	151b	2175/2	915/2	1.5	3/8	3/8	6/8	4	1		#viio7	e	i		#viio7		#vii	o	7					o7	1	1	5, 2, -1, -4		5	5
154	152	364	152b	1089	459	1.5	0	0	6/8	4	1		V43(2)	e	i		V43(2)		V		43	2				Mm7	1	1	2, -1, -4, 5		1	2
154	152	364	152b	2181/2	921/2	1.5	3/8	3/8	6/8	4	1		V43	e	i		V43		V		43					Mm7	1	1	2, -1, 1, 5		1	2
155	153	365	153b	1092	462	1.5	0	0	6/8	4	1		i[i	e	i	i	i		i							m	1	1	0, -3, 1		0	0
155	153	365	153b	2187/2	927/2	1.5	3/8	3/8	6/8	4	1		#viio65	e	i	i	#viio65		#vii	o	65					o7	1	1	2, -1, -4, 5		5	2
156	154	366	154b	1095	465	1.0	0	0	6/8	4	1		i64	e	i	i	i64		i		64					m	1	1	1, 0, -3		0	1
156	154	366	154b	1096	466	0.5	1/4	1/4	6/8	4	1		i	e	i	i	i		i							m	1	1	0, -3, 1		0	0
156	154	366	154b	2193/2	933/2	1.5	3/8	3/8	6/8	4	1		#viio65	e	i	i	#viio65		#vii	o	65					o7	1	1	2, -1, -4, 5		5	2
157	155	367	155b	1098	468	1.5	0	0	6/8	4	1		i]	e	i	i	i		i							m	1	1	0, -3, 1		0	0
157	155	367	155b	2199/2	939/2	0.5	3/8	3/8	6/8	4	1		iv	e	i		iv		iv							m	1	1	-1, -4, 0		-1	-1
157	155	367	155b	1100	470	0.5	1/2	1/2	6/8	4	1		V6/iv	e	i		V6/iv		V		6		iv			M	1	1	4, 1, 0		0	4
157	155	367	155b	2201/2	941/2	1.0	5/8	5/8	6/8	4	1		iv	e	i		iv		iv							m	1	1	-1, -4, 0		-1	-1
158	156	368	156b	2203/2	943/2	7.0	1/8	1/8	6/8	4	1		@none	e	i		@none		@none							m	1	1				
160	158	370	158b	2217/2	957/2	1.75	3/8	3/8	6/8	4	1		bII	e	i		bII		bII							M	1	1	-5, -1, -4		-5	-5
161	159	371	159b	4441/4	1921/4	2.75	1/16	1/16	6/8	4	1		V7/bII	e	i		V7/bII		V		7		bII			Mm7	1	1	-4, 0, -3, -6		-4	-4
162	160	372	160b	1113	483	3.0	0	0	6/8	4	1		bII	e	i		bII		bII							M	1	1	-5, -1, -4		-5	-5
163	161	373	161b	1116	486	3.0	0	0	6/8	4	1		V2/VI	e	i		V2/VI		V		2		VI			Mm7	1	1	-5, -3, 1, -2		-3	-5
164	162	374	162b	1119	489	3.0	0	0	6/8	4	1		VI6	e	i		VI6		VI		6					M	1	1	0, -3, -4		-4	0
165	163	375	163b	1122	492	3.0	0	0	6/8	4	1		#viio43	e	i		#viio43		#vii	o	43					o7	1	1	-1, -4, 5, 2		5	-1
166	164	376	164b	1125	495	3.0	0	0	6/8	4	1		iv6	e	i		iv6		iv		6					m	1	1	-4, 0, -1		-1	-4
167	165	377	165b	1128	498	3.0	0	0	6/8	4	1		V7	e	i		V7		V		7					Mm7	1	1	1, 5, 2, -1		1	1
168	166	378	166b	1131	501	3.0	0	0	6/8	4	1		viio7/V	e	i		viio7/V		vii	o	7		V			o7	1	1	6, 3, 0, -3		6	6
169	167	379	167b	1134	504	2.5	0	0	6/8	4	1		V7	e	i		V7		V		7					Mm7	1	1	1, 5, 2, -1		1	1
169	167	379	167b	2273/2	1013/2	0.5	5/8	5/8	6/8	4	1		viio7/V	e	i		viio7/V		vii	o	7		V			o7	1	1	6, 3, 0, -3		6	6
170	168	380	168b	1137	507	0.25	0	0	6/8	4	1		V\\	e	i		V		V						\\	M	1	1	1, 5, 2		1	1
170	168	380	168b	4549/4	2029/4	8.75	1/16	1/16	6/8	4	1		V	e	i		V		V							M	1	1	1, 5, 2		1	1
173	171	383	171b	1146	516	3.0	0	0	6/8	4	1		V7	e	i		V7		V		7					Mm7	1	1	1, 5, 2, -1		1	1
174	172	384	172b	1149	519	3.0	0	0	6/8	4	1		V43	e	i		V43		V		43					Mm7	1	1	2, -1, 1, 5		1	2
175	173	385	173b	1152	522	3.0	0	0	6/8	4	1		V65	e	i		V65		V		65					Mm7	1	1	5, 2, -1, 1		1	5
176	174	386	174b	1155	525	3.0	0	0	6/8	4	1		V2	e	i		V2		V		2					Mm7	1	1	-1, 1, 5, 2		1	-1
177	175	387	175b	1158	528	12.0	0	0	6/8	4	1		V7	e	i		V7		V		7					Mm7	1	1	1, 5, 2, -1		1	1
181	179	391	179b	1170	540	1.5	0	0	6/8	4	1		V6/iv	e	i		V6/iv		V		6		iv			M	1	1	4, 1, 0		0	4
181	179	391	179b	2343/2	1083/2	1.0	3/8	3/8	6/8	4	1		I.IV(11)	e	I		IV(11)		IV			11				M	1	0	-1, 3, 0	5	-1	-1
181	179	391	179b	2345/2	1085/2	0.5	5/8	5/8	6/8	4	1		IV	e	I		IV		IV							M	1	0	-1, 3, 0		-1	-1
182	180	392	180b	1173	543	1.5	0	0	6/8	4	1		V7	e	I		V7		V		7					Mm7	1	0	1, 5, 2, -1		1	1
182	180	392	180b	2349/2	1089/2	1.5	3/8	3/8	6/8	4	1		I	e	I		I		I							M	1	0	0, 4, 1		0	0
183	181	393	181b	1176	546	1.5	0	0	6/8	4	1		I6	e	I		I6		I		6					M	1	0	4, 1, 0		0	4
183	181	393	181b	2355/2	1095/2	1.0	3/8	3/8	6/8	4	1		IV(11)	e	I		IV(11)		IV			11				M	1	0	-1, 3, 0	5	-1	-1
183	181	393	181b	2357/2	1097/2	0.5	5/8	5/8	6/8	4	1		IV	e	I		IV		IV							M	1	0	-1, 3, 0		-1	-1
184	182	394	182b	1179	549	1.5	0	0	6/8	4	1		viio7	e	I		viio7		vii	o	7					o7	1	0	5, 2, -1, -4		5	5
184	182	394	182b	2361/2	1101/2	1.5	3/8	3/8	6/8	4	1		V65	e	I		V65		V		65					Mm7	1	0	5, 2, -1, 1		1	5
185	183	395	183b	1182	552	1.5	0	0	6/8	4	1		I	e	I		I		I							M	1	0	0, 4, 1		0	0
185	183	395	183b	2367/2	1107/2	0.5	3/8	3/8	6/8	4	1		ii6(2)	e	I		ii6(2)		ii		6	2				m	1	0	-1, 3, 4		2	-1
185	183	395	183b	1184	554	1.0	1/2	1/2	6/8	4	1		ii6	e	I		ii6		ii		6					m	1	0	-1, 3, 2		2	-1
186	184	396	184b	1185	555	1.0	0	0	6/8	4	1		V(9)	e	I		V(9)		V			9				M	1	0	1, 5, 2	3	1	1
186	184	396	184b	1186	556	2.0	1/4	1/4	6/8	4	1		V	e	I		V		V							M	1	0	1, 5, 2		1	1
187	185	397	185b	1188	558	1.5	0	0	6/8	4	1		I64	e	I		I64		I		64					M	1	0	1, 0, 4		0	1
187	185	397	185b	2379/2	1119/2	0.5	3/8	3/8	6/8	4	1		ii6(2)	e	I		ii6(2)		ii		6	2				m	1	0	-1, 3, 4		2	-1
187	185	397	185b	1190	560	1.0	1/2	1/2	6/8	4	1		ii6	e	I		ii6		ii		6					m	1	0	-1, 3, 2		2	-1
188	186	398	186b	1191	561	1.0	0	0	6/8	4	1		V6(2)	e	I		V6(2)		V		6	2				M	1	0	5, 2, 3		1	5
188	186	398	186b	1192	562	0.5	1/4	1/4	6/8	4	1		V6	e	I		V6		V		6					M	1	0	5, 2, 1		1	5
188	186	398	186b	2385/2	1125/2	1.5	3/8	3/8	6/8	4	1		V7	e	I		V7		V		7					Mm7	1	0	1, 5, 2, -1		1	1
189	187	399	187b	1194	564	1.5	0	0	6/8	4	1		I	e	I		I		I							M	1	0	0, 4, 1		0	0
189	187	399	187b	2391/2	1131/2	2.0	3/8	3/8	6/8	4	1		V65/V	e	I		V65/V		V		65		V			Mm7	1	0	6, 3, 0, 2		2	6
190	188	400	188b	2395/2	1135/2	2.0	1/8	1/8	6/8	4	1		V(64)	e	I		V(64)		V			64				M	1	0	1, 0, 4		1	1
190	188	400	188b	2399/2	1139/2	0.5	5/8	5/8	6/8	4	1		V7	e	I		V7		V		7					Mm7	1	0	1, 5, 2, -1		1	1
191	189	401	189b	1200	570	0.75	0	0	6/8	4	1		i.#viio2	e	i		#viio2		#vii	o	2					o7	1	1	-4, 5, 2, -1		5	-4
191	189	401	189b	4803/4	2283/4	0.25	3/16	3/16	6/8	4	1		V	e	i		V		V							M	1	1	1, 5, 2		1	1
191	189	401	189b	1201	571	0.25	1/4	1/4	6/8	4	1		#viio43	e	i		#viio43		#vii	o	43					o7	1	1	-1, -4, 5, 2		5	-1
191	189	401	189b	4805/4	2285/4	0.25	5/16	5/16	6/8	4	1		V	e	i		V		V							M	1	1	1, 5, 2		1	1
191	189	401	189b	2403/2	1143/2	0.75	3/8	3/8	6/8	4	1		#viio2	e	i		#viio2		#vii	o	2					o7	1	1	-4, 5, 2, -1		5	-4
191	189	401	189b	4809/4	2289/4	0.25	9/16	9/16	6/8	4	1		V	e	i		V		V							M	1	1	1, 5, 2		1	1
191	189	401	189b	2405/2	1145/2	0.5	5/8	5/8	6/8	4	1		#viio43	e	i		#viio43		#vii	o	43					o7	1	1	-1, -4, 5, 2		5	-1
192	190	402	190b	1203	573	0.75	0	0	6/8	4	1		#vio65	e	i		#vio65		#vi	o	65					o7	1	1	0, -3, -6, 3		3	0
192	190	402	190b	4815/4	2295/4	0.25	3/16	3/16	6/8	4	1		i64	e	i		i64		i		64					m	1	1	1, 0, -3		0	1
192	190	402	190b	1204	574	0.25	1/4	1/4	6/8	4	1		viio7/V	e	i		viio7/V		vii	o	7		V			o7	1	1	6, 3, 0, -3		6	6
192	190	402	190b	4817/4	2297/4	0.25	5/16	5/16	6/8	4	1		i64	e	i		i64		i		64					m	1	1	1, 0, -3		0	1
192	190	402	190b	2409/2	1149/2	0.75	3/8	3/8	6/8	4	1		#vio65	e	i		#vio65		#vi	o	65					o7	1	1	0, -3, -6, 3		3	0
192	190	402	190b	4821/4	2301/4	0.25	9/16	9/16	6/8	4	1		i64	e	i		i64		i		64					m	1	1	1, 0, -3		0	1
192	190	402	190b	2411/2	1151/2	0.5	5/8	5/8	6/8	4	1		viio7/V	e	i		viio7/V		vii	o	7		V			o7	1	1	6, 3, 0, -3		6	6
193	191	403	191b	1206	576	2.0	0	0	6/8	4	1		#viio43	e	i		#viio43		#vii	o	43					o7	1	1	-1, -4, 5, 2		5	-1
193	191	403	191b	1208	578	0.5	1/2	1/2	6/8	4	1		I.I6	e	I		I6		I		6					M	1	0	4, 1, 0		0	4
193	191	403	191b	2417/2	1157/2	1.0	5/8	5/8	6/8	4	1		IV6	e	I		IV6		IV		6					M	1	0	3, 0, -1		-1	3
194	192	404	192b	2419/2	1159/2	0.5	1/8	1/8	6/8	4	1		I64	e	I		I64		I		64					M	1	0	1, 0, 4		0	1
194	192	404	192b	1210	580	0.5	1/4	1/4	6/8	4	1		viio7	e	I		viio7		vii	o	7					o7	1	0	5, 2, -1, -4		5	5
194	192	404	192b	2421/2	1161/2	1.0	3/8	3/8	6/8	4	1		I64	e	I		I64		I		64					M	1	0	1, 0, 4		0	1
194	192	404	192b	2423/2	1163/2	0.5	5/8	5/8	6/8	4	1		V7	e	I		V7		V		7					Mm7	1	0	1, 5, 2, -1		1	1
195	193	405	193b	1212	582	0.75	0	0	6/8	4	1		viio2	e	I		viio2		vii	o	2					o7	1	0	-4, 5, 2, -1		5	-4
195	193	405	193b	4851/4	2331/4	0.25	3/16	3/16	6/8	4	1		V	e	I		V		V							M	1	0	1, 5, 2		1	1
195	193	405	193b	1213	583	0.5	1/4	1/4	6/8	4	1		viio43	e	I		viio43		vii	o	43					o7	1	0	-1, -4, 5, 2		5	-1
195	193	405	193b	2427/2	1167/2	1.0	3/8	3/8	6/8	4	1		vi64(42)	e	I		vi64(42)		vi		64	42				m	1	0	4, 5, 2		3	4
195	193	405	193b	2429/2	1169/2	0.25	5/8	5/8	6/8	4	1		vi64	e	I		vi64		vi		64					m	1	0	4, 3, 0		3	4
195	193	405	193b	4859/4	2339/4	0.25	11/16	11/16	6/8	4	1		vio43	e	I		vio43		vi	o	43					o7	1	0	-3, -6, 3, 0		3	-3
196	194	406	194b	1215	585	1.0	0	0	6/8	4	1		V7/V	e	I		V7/V		V		7		V			Mm7	1	0	2, 6, 3, 0		2	2
196	194	406	194b	1216	586	0.5	1/4	1/4	6/8	4	1		v64	e	I		v64		v		64					m	1	0	2, 1, -2		1	2
196	194	406	194b	2433/2	1173/2	1.0	3/8	3/8	6/8	4	1		V7/IV	e	I		V7/IV		V		7		IV			Mm7	1	0	0, 4, 1, -2		0	0
196	194	406	194b	2435/2	1175/2	0.25	5/8	5/8	6/8	4	1		IV	e	I		IV		IV							M	1	0	-1, 3, 0		-1	-1
196	194	406	194b	4871/4	2351/4	0.25	11/16	11/16	6/8	4	1		viio7/V	e	I		viio7/V		vii	o	7		V			o7	1	0	6, 3, 0, -3		6	6
197	195	407	195b	1218	588	3.0	0	0	6/8	4	1		V(64)	e	I		V(64)		V			64				M	1	0	1, 0, 4		1	1
198	196	408	196b	1221	591	1.5	0	0	6/8	4	1		viio65/IV	e	I		viio65/IV		vii	o	65		IV			o7	1	0	1, -2, -5, 4		4	1
198	196	408	196b	2445/2	1185/2	1.0	3/8	3/8	6/8	4	1		V6/V	e	I		V6/V		V		6		V			M	1	0	6, 3, 2		2	6
198	196	408	196b	2447/2	1187/2	0.5	5/8	5/8	6/8	4	1		viio43	e	I		viio43		vii	o	43					o7	1	0	-1, -4, 5, 2		5	-1
199	197	409	197b	1224	594	0.5	0	0	6/8	4	1		I6	e	I		I6		I		6					M	1	0	4, 1, 0		0	4
199	197	409	197b	2449/2	1189/2	1.0	1/8	1/8	6/8	4	1		I64	e	I		I64		I		64					M	1	0	1, 0, 4		0	1
199	197	409	197b	2451/2	1191/2	1.5	3/8	3/8	6/8	4	1		viio6/IV	e	I		viio6/IV		vii	o	6		IV			o	1	0	1, -2, 4		4	1
200	198	410	198b	1227	597	1.0	0	0	6/8	4	1		#io43	e	I		#io43		#i	o	43					o7	1	0	1, -2, 7, 4		7	1
200	198	410	198b	1228	598	1.5	1/4	1/4	6/8	4	1		V6/V	e	I		V6/V		V		6		V			M	1	0	6, 3, 2		2	6
200	198	410	198b	2459/2	1199/2	1.0	5/8	5/8	6/8	4	1		viio43	e	I		viio43		vii	o	43					o7	1	0	-1, -4, 5, 2		5	-1
201	199	411	199b	2461/2	1201/2	1.0	1/8	1/8	6/8	4	1		I6	e	I		I6		I		6					M	1	0	4, 1, 0		0	4
201	199	411	199b	2463/2	1203/2	1.0	3/8	3/8	6/8	4	1		#io65	e	I		#io65		#i	o	65					o7	1	0	4, 1, -2, 7		7	4
201	199	411	199b	2465/2	1205/2	1.0	5/8	5/8	6/8	4	1		ii6	e	I		ii6		ii		6					m	1	0	-1, 3, 2		2	-1
202	200	412	200b	2467/2	1207/2	1.0	1/8	1/8	6/8	4	1		#ivo7	e	I		#ivo7		#iv	o	7					o7	1	0	6, 3, 0, -3		6	6
202	200	412	200b	2469/2	1209/2	1.0	3/8	3/8	6/8	4	1		i64	e	I		i64		i		64					m	1	0	1, 0, -3		0	1
202	200	412	200b	2471/2	1211/2	1.0	5/8	5/8	6/8	4	1		Ger6	e	I		Ger6	Ger	vii	o	65	b3	V			Ger	1	0	-4, 0, -3, 6		6	-4
203	201	413	201b	2473/2	1213/2	3.0	1/8	1/8	6/8	4	1		#ivo65	e	I		#ivo65		#iv	o	65					o7	1	0	3, 0, -3, 6		6	3
204	202	414	202b	2479/2	1219/2	3.0	1/8	1/8	6/8	4	1		Ger6	e	I		Ger6	Ger	vii	o	65	b3	V			Ger	1	0	-4, 0, -3, 6		6	-4
205	203	415	203b	2485/2	1225/2	3.0	1/8	1/8	6/8	4	1		V(64)	e	I		V(64)		V			64				M	1	0	1, 0, 4		1	1
206	204	416	204b	2491/2	1231/2	2.5	1/8	1/8	6/8	4	1		V7	e	I		V7		V		7					Mm7	1	0	1, 5, 2, -1		1	1
207	205	417	205c	1248	618	3.0	0	0	6/8	4	1		V(64)	e	I		V(64)		V			64				M	1	0	1, 0, 4		1	1
208	206	418	206c	1251	621	3.0	0	0	6/8	4	1		V7	e	I		V7		V		7					Mm7	1	0	1, 5, 2, -1		1	1
209	207	419	207c	1254	624	3.0	0	0	6/8	4	1		V(64)	e	I		V(64)		V			64				M	1	0	1, 0, 4		1	1
210	205	420	205d	1257	627	3.0	0	0	6/8	4	1		V7	e	I		V7		V		7					Mm7	1	0	1, 5, 2, -1		1	1
211	206	421	206d	1260	630	1.5	0	0	6/8	4	1	1	I\\	e	I		I		I						\\	M	1	0	0, 4, 1		0	0
211	206	421	206d	2523/2	1263/2	3.0	3/8	3/8	6/8	4	1	1	bi.viio7	e	bi		viio7		vii	o	7					o7	1	1	-2, -5, -8, -11		-2	-2
212	207	422	207d	2529/2	1269/2	1.5	3/8	3/8	6/8	4	1	1	bV65	e	bi		bV65		bV		65					Mm7	1	1	-2, -5, -8, -6		-6	-2
213	208	423	208b	1266	636	1.5	0	0	6/8	4	1	1	i	e	bi		i		i							m	1	1	0, -3, 1		0	0
213	208	423	208b	2535/2	1275/2	4.5	3/8	3/8	6/8	4	1	1	V6	e	bi		V6		V		6					M	1	1	5, 2, 1		1	5
215	209	425	209b	1272	642	1.5	0	0	6/8	4	1	1	i.i	e	i		i		i							m	1	1	0, -3, 1		0	0
215	209	425	209b	2547/2	1287/2	1.5	3/8	3/8	6/8	4	1	1	V43/VI	e	i		V43/VI		V		43		VI			Mm7	1	1	-2, -5, -3, 1		-3	-2
216	210	426	210a	1275	645	1.5	0	0	6/8	4	1		VI	e	i		VI		VI							M	1	1	-4, 0, -3		-4	-4
216	210	426	210a	2553/2	1293/2	4.5	3/8	3/8	6/8	4	1		V65/VI	e	i		V65/VI		V		65		VI			Mm7	1	1	1, -2, -5, -3		-3	1
218	212	428	212a	1281	651	1.5	0	0	6/8	4	1		vi	e	i		vi		vi							m	1	1	-4, -7, -3		-4	-4
218	212	428	212a	2565/2	1305/2	4.5	3/8	3/8	6/8	4	1		V65/vi	e	i		V65/vi		V		65		vi			Mm7	1	1	1, -2, -5, -3		-3	1
220	214	430	214a	1287	657	1.5	0	0	6/8	4	1		vi	e	i		vi		vi							m	1	1	-4, -7, -3		-4	-4
220	214	430	214a	2577/2	1317/2	4.5	3/8	3/8	6/8	4	1		V43/bIV	e	i		V43/bIV		V		43		bIV			Mm7	1	1	-6, -9, -7, -3		-7	-6
222	216	432	216a	1293	663	1.5	0	0	6/8	4	1		#iii	e	i		#iii		#iii							m	1	1	4, 1, 5		4	4
222	216	432	216a	2589/2	1329/2	4.5	3/8	3/8	6/8	4	1		bi6	e	i		bi6		bi		6					m	1	1	-10, -6, -7		-7	-10
224	218	434	218a	1299	669	9.0	0	0	6/8	4	1		#iii	e	i		#iii		#iii							m	1	1	4, 1, 5		4	4
227	221	437	221a	1308	678	3.0	0	0	6/8	4	1		I6	e	i		I6		I		6					M	1	1	4, 1, 0		0	4
228	222	438	222a	1311	681	1.5	0	0	6/8	4	1		iv(9)	e	i		iv(9)		iv			9				m	1	1	-1, -4, 0	1	-1	-1
228	222	438	222a	2625/2	1365/2	1.5	3/8	3/8	6/8	4	1		iv	e	i		iv		iv							m	1	1	-1, -4, 0		-1	-1
229	223	439	223a	1314	684	3.0	0	0	6/8	4	1		vii65	e	i		vii65		vii		65					mm7	1	1	-5, -1, -4, -2		-2	-5
230	224	440	224a	1317	687	3.0	0	0	6/8	4	1		VI64	e	i		VI64		VI		64					M	1	1	-3, -4, 0		-4	-3
231	225	441	225a	1320	690	3.0	0	0	6/8	4	1		#viio7/iv	e	i		#viio7/iv		#vii	o	7		iv			o7	1	1	4, 1, -2, -5		4	4
232	226	442	226a	1323	693	3.0	0	0	6/8	4	1		iv	e	i		iv		iv							m	1	1	-1, -4, 0		-1	-1
233	227	443	227a	1326	696	1.5	0	0	6/8	4	1		i64	e	i		i64		i		64					m	1	1	1, 0, -3		0	1
233	227	443	227a	2655/2	1395/2	8.0	3/8	3/8	6/8	4	1		#viio2	e	i		#viio2		#vii	o	2					o7	1	1	-4, 5, 2, -1		5	-4
236	230	446	230a	2671/2	1411/2	32.5	1/8	1/8	6/8	4	1		V7(9)	e	i		V7(9)		V		7	9				Mm7	1	1	1, 5, 2, -1	-4	1	1
247	241	457	241a	1368	738	1.5	0	0	6/8	4	1		i[i	e	i	i	i		i							m	1	1	0, -3, 1		0	0
247	241	457	241a	2739/2	1479/2	1.5	3/8	3/8	6/8	4	1		#viio6	e	i	i	#viio6		#vii	o	6					o	1	1	2, -1, 5		5	2
248	242	458	242a	1371	741	1.5	0	0	6/8	4	1		i6	e	i	i	i6		i		6					m	1	1	-3, 1, 0		0	-3
248	242	458	242a	2745/2	1485/2	1.5	3/8	3/8	6/8	4	1		#viio6	e	i	i	#viio6		#vii	o	6					o	1	1	2, -1, 5		5	2
249	243	459	243a	1374	744	1.5	0	0	6/8	4	1		i]	e	i	i	i		i							m	1	1	0, -3, 1		0	0
249	243	459	243a	2751/2	1491/2	1.5	3/8	3/8	6/8	4	1		iv	e	i		iv		iv							m	1	1	-1, -4, 0		-1	-1
250	244	460	244a	1377	747	4.5	0	0	6/8	4	1		VI	e	i		VI		VI							M	1	1	-4, 0, -3		-4	-4
251	245	461	245a	2763/2	1503/2	1.5	3/8	3/8	6/8	4	1		bII6	e	i		bII6		bII		6					M	1	1	-1, -4, -5		-5	-1
252	246	462	246a	1383	753	1.5	0	0	6/8	4	1		V(64)	e	i		V(64)		V			64				M	1	1	1, 0, -3		1	1
252	246	462	246a	2769/2	1509/2	1.5	3/8	3/8	6/8	4	1		V2	e	i		V2		V		2					Mm7	1	1	-1, 1, 5, 2		1	-1
253	247	463	247a	1386	756	1.5	0	0	6/8	4	1		i6	e	i		i6		i		6					m	1	1	-3, 1, 0		0	-3
253	247	463	247a	2775/2	1515/2	1.5	3/8	3/8	6/8	4	1		bII6	e	i		bII6		bII		6					M	1	1	-1, -4, -5		-5	-1
254	248	464	248a	1389	759	1.5	0	0	6/8	4	1		V(64)	e	i		V(64)		V			64				M	1	1	1, 0, -3		1	1
254	248	464	248a	2781/2	1521/2	1.5	3/8	3/8	6/8	4	1		V2	e	i		V2		V		2					Mm7	1	1	-1, 1, 5, 2		1	-1
255	249	465	249a	1392	762	1.5	0	0	6/8	4	1		i6	e	i		i6		i		6					m	1	1	-3, 1, 0		0	-3
255	249	465	249a	2787/2	1527/2	1.5	3/8	3/8	6/8	4	1		bII6	e	i		bII6		bII		6					M	1	1	-1, -4, -5		-5	-1
256	250	466	250a	1395	765	1.5	0	0	6/8	4	1		V(64)	e	i		V(64)		V			64				M	1	1	1, 0, -3		1	1
256	250	466	250a	2793/2	1533/2	1.5	3/8	3/8	6/8	4	1		V7	e	i		V7		V		7					Mm7	1	1	1, 5, 2, -1		1	1
257	251	467	251a	1398	768	3.0	0	0	6/8	4	1		i\\	e	i		i		i						\\	m	1	1	0, -3, 1		0	0
258	252	468	252a	1401	771	1.5	0	0	6/8	4	1		V7	e	i		V7		V		7					Mm7	1	1	1, 5, 2, -1		1	1
258	252	468	252a	2805/2	1545/2	0.5	3/8	3/8	6/8	4	1		i[iv	e	i	i	iv		iv							m	1	1	-1, -4, 0		-1	-1
258	252	468	252a	1403	773	0.5	1/2	1/2	6/8	4	1		iio2	e	i	i	iio2		ii	o	2					o7	1	1	-7, 2, -1, -4		2	-7
258	252	468	252a	2807/2	1547/2	0.5	5/8	5/8	6/8	4	1		V2	e	i	i	V2		V		2					Mm7	1	1	-1, 1, 5, 2		1	-1
259	253	469	253a	1404	774	0.25	0	0	6/8	4	1		i6	e	i	i	i6		i		6					m	1	1	-3, 1, 0		0	-3
259	253	469	253a	5617/4	3097/4	1.25	1/16	1/16	6/8	4	1		V2	e	i	i	V2		V		2					Mm7	1	1	-1, 1, 5, 2		1	-1
259	253	469	253a	2811/2	1551/2	0.25	3/8	3/8	6/8	4	1		i6	e	i	i	i6		i		6					m	1	1	-3, 1, 0		0	-3
259	253	469	253a	5623/4	3103/4	1.25	7/16	7/16	6/8	4	1		V2	e	i	i	V2		V		2					Mm7	1	1	-1, 1, 5, 2		1	-1
260	254	470	254a	1407	777	3.0	0	0	6/8	4	1		i6]	e	i	i	i6		i		6					m	1	1	-3, 1, 0		0	-3
261	255	471	255a	1410	780	3.0	0	0	6/8	4	1		i\\	e	i		i		i						\\	m	1	1	0, -3, 1		0	0
