quarterbeats	duration_qb	mc	mn	mc_onset	mn_onset	timesig	staff	voice	volta	label	globalkey	localkey	pedal	chord	special	numeral	form	figbass	changes	relativeroot	cadence	phraseend	chord_type	globalkey_is_minor	localkey_is_minor	chord_tones	added_tones	root	bass_note
0	4.0	1	1	0	0	2/2	4	1		e.VI	e	i		VI		VI							M	1	1	-4, 0, -3		-4	-4
4	2.0	2	2	0	0	2/2	4	1		VI.I	e	VI		I		I							M	1	0	0, 4, 1		0	0
6	2.0	2	2	1/2	1/2	2/2	4	1		I(64)	e	VI		I(64)		I			64				M	1	0	0, -1, 3		0	0
8	6.0	3	3	0	0	2/2	4	1		I	e	VI		I		I							M	1	0	0, 4, 1		0	0
14	2.0	4	4	1/2	1/2	2/2	4	1		I(64)	e	VI		I(64)		I			64				M	1	0	0, -1, 3		0	0
16	8.0	5	5	0	0	2/2	4	1		I	e	VI		I		I							M	1	0	0, 4, 1		0	0
24	2.0	7	7	0	0	2/2	4	1		i.iv65	e	i		iv65		iv		65					mm7	1	1	-4, 0, -3, -1		-1	-4
26	2.0	7	7	1/2	1/2	2/2	4	1		i64	e	i		i64		i		64					m	1	1	1, 0, -3		0	1
28	2.0	8	8	0	0	2/2	4	1		V7	e	i		V7		V		7					Mm7	1	1	1, 5, 2, -1		1	1
30	1.0	8	8	1/2	1/2	2/2	4	1		V7(4)	e	i		V7(4)		V		7	4				Mm7	1	1	1, 0, 2, -1		1	1
31	1.0	8	8	3/4	3/4	2/2	4	1		V7	e	i		V7		V		7					Mm7	1	1	1, 5, 2, -1		1	1
32	2.0	9	9	0	0	2/2	4	1		i\\	e	i		i		i						\\	m	1	1	0, -3, 1		0	0
34	2.0	9	9	1/2	1/2	2/2	4	1		VI.V43	e	VI		V43		V		43					Mm7	1	0	2, -1, 1, 5		1	2
36	6.0	10	10	0	0	2/2	4	1		I	e	VI		I		I							M	1	0	0, 4, 1		0	0
42	2.0	11	11	1/2	1/2	2/2	4	1		I(64)	e	VI		I(64)		I			64				M	1	0	0, -1, 3		0	0
44	6.0	12	12	0	0	2/2	4	1		I	e	VI		I		I							M	1	0	0, 4, 1		0	0
50	2.0	13	13	1/2	1/2	2/2	4	1		I(64)	e	VI		I(64)		I			64				M	1	0	0, -1, 3		0	0
52	8.0	14	14	0	0	2/2	4	1		I	e	VI		I		I							M	1	0	0, 4, 1		0	0
60	2.0	16	16	0	0	2/2	4	1		i.iv65	e	i		iv65		iv		65					mm7	1	1	-4, 0, -3, -1		-1	-4
62	2.0	16	16	1/2	1/2	2/2	4	1		i64	e	i		i64		i		64					m	1	1	1, 0, -3		0	1
64	2.0	17	17	0	0	2/2	4	1		V7	e	i		V7		V		7					Mm7	1	1	1, 5, 2, -1		1	1
66	1.0	17	17	1/2	1/2	2/2	4	1		V7(4)	e	i		V7(4)		V		7	4				Mm7	1	1	1, 0, 2, -1		1	1
67	1.0	17	17	3/4	3/4	2/2	4	1		V7	e	i		V7		V		7					Mm7	1	1	1, 5, 2, -1		1	1
68	2.0	18	18	0	0	2/2	4	1		i\\	e	i		i		i						\\	m	1	1	0, -3, 1		0	0
70	2.0	18	18	1/2	1/2	2/2	4	1		i	e	i		i		i							m	1	1	0, -3, 1		0	0
72	10.0	19	19	0	0	2/2	4	1		V/V	e	i		V/V		V				V			M	1	1	2, 6, 3		2	2
82	2.0	21	21	1/2	1/2	2/2	4	1		VI.V7/V	e	VI		V7/V		V		7		V			Mm7	1	0	2, 6, 3, 0		2	2
84	4.0	22	22	0	0	2/2	4	1		V7	e	VI		V7		V		7					Mm7	1	0	1, 5, 2, -1		1	1
88	2.0	23	23	0	0	2/2	4	1		I\\	e	VI		I		I						\\	M	1	0	0, 4, 1		0	0
90	4.0	23	23	1/2	1/2	2/2	4	1		I	e	VI		I		I							M	1	0	0, 4, 1		0	0
94	2.0	24	24	1/2	1/2	2/2	4	1		I(64)	e	VI		I(64)		I			64				M	1	0	0, -1, 3		0	0
96	6.0	25	25	0	0	2/2	4	1		I	e	VI		I		I							M	1	0	0, 4, 1		0	0
102	2.0	26	26	1/2	1/2	2/2	4	1		I(64)	e	VI		I(64)		I			64				M	1	0	0, -1, 3		0	0
104	8.0	27	27	0	0	2/2	4	1		I	e	VI		I		I							M	1	0	0, 4, 1		0	0
112	2.0	29	29	0	0	2/2	4	1		i.iv6	e	i		iv6		iv		6					m	1	1	-4, 0, -1		-1	-4
114	2.0	29	29	1/2	1/2	2/2	4	1		i64	e	i		i64		i		64					m	1	1	1, 0, -3		0	1
116	2.0	30	30	0	0	2/2	4	1		V7	e	i		V7		V		7					Mm7	1	1	1, 5, 2, -1		1	1
118	1.0	30	30	1/2	1/2	2/2	4	1		V7(4)	e	i		V7(4)		V		7	4				Mm7	1	1	1, 0, 2, -1		1	1
119	1.0	30	30	3/4	3/4	2/2	4	1		V7	e	i		V7		V		7					Mm7	1	1	1, 5, 2, -1		1	1
120	2.0	31	31	0	0	2/2	4	1		i\\	e	i		i		i						\\	m	1	1	0, -3, 1		0	0
122	2.0	31	31	1/2	1/2	2/2	4	1		i	e	i		i		i							m	1	1	0, -3, 1		0	0
124	10.0	32	32	0	0	2/2	4	1		V/V	e	i		V/V		V				V			M	1	1	2, 6, 3		2	2
134	2.0	34	34	1/2	1/2	2/2	4	1		VI.V7/V	e	VI		V7/V		V		7		V			Mm7	1	0	2, 6, 3, 0		2	2
136	4.0	35	35	0	0	2/2	4	1		V7	e	VI		V7		V		7					Mm7	1	0	1, 5, 2, -1		1	1
140	2.0	36	36	0	0	2/2	4	1		I\\	e	VI		I		I						\\	M	1	0	0, 4, 1		0	0
142	4.0	36	36	1/2	1/2	2/2	4	1		I	e	VI		I		I							M	1	0	0, 4, 1		0	0
146	2.0	37	37	1/2	1/2	2/2	4	1		I(64)	e	VI		I(64)		I			64				M	1	0	0, -1, 3		0	0
148	6.0	38	38	0	0	2/2	4	1		I	e	VI		I		I							M	1	0	0, 4, 1		0	0
154	2.0	39	39	1/2	1/2	2/2	4	1		I(64)	e	VI		I(64)		I			64				M	1	0	0, -1, 3		0	0
156	2.0	40	40	0	0	2/2	4	1		I	e	VI		I		I							M	1	0	0, 4, 1		0	0
158	2.0	40	40	1/2	1/2	2/2	4	1		I(64)	e	VI		I(64)		I			64				M	1	0	0, -1, 3		0	0
160	1.5	41	41	0	0	2/2	4	1		I[I	e	VI	I	I		I							M	1	0	0, 4, 1		0	0
323/2	0.5	41	41	3/8	3/8	2/2	4	1		ii6	e	VI	I	ii6		ii		6					m	1	0	-1, 3, 2		2	-1
162	1.5	41	41	1/2	1/2	2/2	4	1		I6	e	VI	I	I6		I		6					M	1	0	4, 1, 0		0	4
327/2	0.5	41	41	7/8	7/8	2/2	4	1		viio6]	e	VI	I	viio6		vii	o	6					o	1	0	2, -1, 5		5	2
164	2.0	42	42	0	0	2/2	4	1		i.iv6	e	i		iv6		iv		6					m	1	1	-4, 0, -1		-1	-4
166	4.0	42	42	1/2	1/2	2/2	4	1		i64	e	i		i64		i		64					m	1	1	1, 0, -3		0	1
170	2.0	43	43	1/2	1/2	2/2	4	1		iv	e	i		iv		iv							m	1	1	-1, -4, 0		-1	-1
172	1.5	44	44	0	0	2/2	4	1		#viio2	e	i		#viio2		#vii	o	2					o7	1	1	-4, 5, 2, -1		5	-4
347/2	0.5	44	44	3/8	3/8	2/2	4	1		V2	e	i		V2		V		2					Mm7	1	1	-1, 1, 5, 2		1	-1
174	2.0	44	44	1/2	1/2	2/2	4	1		i6	e	i		i6		i		6					m	1	1	-3, 1, 0		0	-3
176	2.0	45	45	0	0	2/2	4	1		#viio6	e	i		#viio6		#vii	o	6					o	1	1	2, -1, 5		5	2
178	2.0	45	45	1/2	1/2	2/2	4	1		i	e	i		i		i							m	1	1	0, -3, 1		0	0
180	2.0	46	46	0	0	2/2	4	1		iv6	e	i		iv6		iv		6					m	1	1	-4, 0, -1		-1	-4
182	2.0	46	46	1/2	1/2	2/2	4	1		V64/iv	e	i		V64/iv		V		64		iv			M	1	1	1, 0, 4		0	1
184	1.5	47	47	0	0	2/2	4	1		iv	e	i		iv		iv							m	1	1	-1, -4, 0		-1	-1
371/2	0.5	47	47	3/8	3/8	2/2	4	1		ii%65	e	i		ii%65		ii	%	65					%7	1	1	-1, -4, 0, 2		2	-1
186	2.0	47	47	1/2	1/2	2/2	4	1		V	e	i		V		V							M	1	1	1, 5, 2		1	1
188	4.0	48	48	0	0	2/2	4	1		i6	e	i		i6		i		6					m	1	1	-3, 1, 0		0	-3
192	2.0	49	49	0	0	2/2	4	1		V43	e	i		V43		V		43					Mm7	1	1	2, -1, 1, 5		1	2
194	2.0	49	49	1/2	1/2	2/2	4	1		i	e	i		i		i							m	1	1	0, -3, 1		0	0
196	2.0	50	50	0	0	2/2	4	1		iv6	e	i		iv6		iv		6					m	1	1	-4, 0, -1		-1	-4
198	2.0	50	50	1/2	1/2	2/2	4	1		V43/iv	e	i		V43/iv		V		43		iv			Mm7	1	1	1, -2, 0, 4		0	1
200	1.0	51	51	0	0	2/2	4	1		iv	e	i		iv		iv							m	1	1	-1, -4, 0		-1	-1
201	1.0	51	51	1/4	1/4	2/2	4	1		iio6	e	i		iio6		ii	o	6					o	1	1	-1, -4, 2		2	-1
202	2.0	51	51	1/2	1/2	2/2	4	1		V7	e	i		V7		V		7					Mm7	1	1	1, 5, 2, -1		1	1
204	1.0	52	52	0	0	2/2	4	1		i\\	e	i		i		i						\\	m	1	1	0, -3, 1		0	0
205	0.5	52	52	1/4	1/4	2/2	4	1		i	e	i		i		i							m	1	1	0, -3, 1		0	0
411/2	0.5	52	52	3/8	3/8	2/2	4	1		V64	e	i		V64		V		64					M	1	1	2, 1, 5		1	2
206	2.0	52	52	1/2	1/2	2/2	4	1		i	e	i		i		i							m	1	1	0, -3, 1		0	0
208	4.0	53	53	0	0	2/2	4	1		V7	e	i		V7		V		7					Mm7	1	1	1, 5, 2, -1		1	1
212	1.5	54	54	0	0	2/2	4	1		i	e	i		i		i							m	1	1	0, -3, 1		0	0
427/2	0.5	54	54	3/8	3/8	2/2	4	1		V64	e	i		V64		V		64					M	1	1	2, 1, 5		1	2
214	2.0	54	54	1/2	1/2	2/2	4	1		i	e	i		i		i							m	1	1	0, -3, 1		0	0
216	4.0	55	55	0	0	2/2	4	1		V7	e	i		V7		V		7					Mm7	1	1	1, 5, 2, -1		1	1
220	4.0	56	56	0	0	2/2	4	1		i	e	i		i		i							m	1	1	0, -3, 1		0	0
224	2.0	57	57	0	0	2/2	4	1		VI	e	i		VI		VI							M	1	1	-4, 0, -3		-4	-4
226	2.0	57	57	1/2	1/2	2/2	4	1		VI6	e	i		VI6		VI		6					M	1	1	0, -3, -4		-4	0
228	8.0	58	58	0	0	2/2	4	1		v6	e	i		v6		v		6					m	1	1	-2, 2, 1		1	-2
236	4.0	60	60	0	0	2/2	4	1		iv6	e	i		iv6		iv		6					m	1	1	-4, 0, -1		-1	-4
240	2.0	61	61	0	0	2/2	4	1		iv	e	i		iv		iv							m	1	1	-1, -4, 0		-1	-1
242	2.0	61	61	1/2	1/2	2/2	4	1		iv6	e	i		iv6		iv		6					m	1	1	-4, 0, -1		-1	-4
244	5.5	62	62	0	0	2/2	4	1		III6	e	i		III6		III		6					M	1	1	1, -2, -3		-3	1
499/2	0.5	63	63	3/8	3/8	2/2	4	1		V2/III	e	i		V2/III		V		2		III			Mm7	1	1	-4, -2, 2, -1		-2	-4
250	2.0	63	63	1/2	1/2	2/2	4	1		III6	e	i		III6		III		6					M	1	1	1, -2, -3		-3	1
252	2.0	64	64	0	0	2/2	4	1		V6/V	e	i		V6/V		V		6		V			M	1	1	6, 3, 2		2	6
254	2.0	64	64	1/2	1/2	2/2	4	1		V43/V	e	i		V43/V		V		43		V			Mm7	1	1	3, 0, 2, 6		2	3
256	2.0	65	65	0	0	2/2	4	1		v(42)	e	i		v(42)		v			42				m	1	1	-4, 0, 2		1	-4
258	1.0	65	65	1/2	1/2	2/2	4	1		v.i	e	v		i		i							m	1	1	0, -3, 1		0	0
259	1.0	65	65	3/4	3/4	2/2	4	1		Ger6	e	v		Ger6	Ger	vii	o	65	b3	V			Ger	1	1	-4, 0, -3, 6		6	-4
260	2.0	66	66	0	0	2/2	4	1		V[V6	e	v	V	V6		V		6					M	1	1	5, 2, 1		1	5
262	4.0	66	66	1/2	1/2	2/2	4	1		V43	e	v	V	V43		V		43					Mm7	1	1	2, -1, 1, 5		1	2
266	1.0	67	67	1/2	1/2	2/2	4	1		i	e	v	V	i		i							m	1	1	0, -3, 1		0	0
267	1.0	67	67	3/4	3/4	2/2	4	1		viio6/V	e	v	V	viio6/V		vii	o	6		V			o	1	1	3, 0, 6		6	3
268	4.0	68	68	0	0	2/2	4	1		V]\\	e	v	V	V		V						\\	M	1	1	1, 5, 2		1	1
272	3.0	69	69	0	0	2/2	4	1		V7	e	v		V7		V		7					Mm7	1	1	1, 5, 2, -1		1	1
275	1.0	69	69	3/4	3/4	2/2	4	1		V	e	v		V		V							M	1	1	1, 5, 2		1	1
276	3.0	70	70	0	0	2/2	4	1		i	e	v		i		i							m	1	1	0, -3, 1		0	0
279	1.0	70	70	3/4	3/4	2/2	4	1		i64	e	v		i64		i		64					m	1	1	1, 0, -3		0	1
280	3.0	71	71	0	0	2/2	4	1		V7	e	v		V7		V		7					Mm7	1	1	1, 5, 2, -1		1	1
283	1.0	71	71	3/4	3/4	2/2	4	1		V65	e	v		V65		V		65					Mm7	1	1	5, 2, -1, 1		1	5
284	2.0	72	72	0	0	2/2	4	1		i	e	v		i		i							m	1	1	0, -3, 1		0	0
286	1.0	72	72	1/2	1/2	2/2	4	1		i64	e	v		i64		i		64					m	1	1	1, 0, -3		0	1
287	1.0	72	72	3/4	3/4	2/2	4	1		i	e	v		i		i							m	1	1	0, -3, 1		0	0
288	2.0	73	73	0	0	2/2	4	1		bII	e	v		bII		bII							M	1	1	-5, -1, -4		-5	-5
290	1.0	73	73	1/2	1/2	2/2	4	1		bII64	e	v		bII64		bII		64					M	1	1	-4, -5, -1		-5	-4
291	4.0	73	73	3/4	3/4	2/2	4	1		bII6	e	v		bII6		bII		6					M	1	1	-1, -4, -5		-5	-1
295	1.0	74	74	3/4	3/4	2/2	4	1		bII	e	v		bII		bII							M	1	1	-5, -1, -4		-5	-5
296	4.0	75	75	0	0	2/2	4	1		i	e	v		i		i							m	1	1	0, -3, 1		0	0
300	3.0	76	76	0	0	2/2	4	1		V	e	v		V		V							M	1	1	1, 5, 2		1	1
303	1.0	76	76	3/4	3/4	2/2	4	1		V6	e	v		V6		V		6					M	1	1	5, 2, 1		1	5
304	8.0	77	77	0	0	2/2	4	1		i	e	v		i		i							m	1	1	0, -3, 1		0	0
312	4.0	79	79	0	0	2/2	4	1		V65	e	v		V65		V		65					Mm7	1	1	5, 2, -1, 1		1	5
316	4.0	80	80	0	0	2/2	4	1		i	e	v		i		i							m	1	1	0, -3, 1		0	0
320	4.0	81	81	0	0	2/2	4	1		bII	e	v		bII		bII							M	1	1	-5, -1, -4		-5	-5
324	4.0	82	82	0	0	2/2	4	1		bII6	e	v		bII6		bII		6					M	1	1	-1, -4, -5		-5	-1
328	4.0	83	83	0	0	2/2	4	1		i	e	v		i		i							m	1	1	0, -3, 1		0	0
332	4.0	84	84	0	0	2/2	4	1		V7	e	v		V7		V		7					Mm7	1	1	1, 5, 2, -1		1	1
336	2.0	85	85	0	0	2/2	4	1		i[i6	e	v	i	i6		i		6					m	1	1	-3, 1, 0		0	-3
338	2.0	85	85	1/2	1/2	2/2	4	1		i64	e	v	i	i64		i		64					m	1	1	1, 0, -3		0	1
340	4.0	86	86	0	0	2/2	4	1		#viio2	e	v	i	#viio2		#vii	o	2					o7	1	1	-4, 5, 2, -1		5	-4
344	4.0	87	87	0	0	2/2	4	1		i6	e	v	i	i6		i		6					m	1	1	-3, 1, 0		0	-3
348	4.0	88	88	0	0	2/2	4	1		#viio2	e	v	i	#viio2		#vii	o	2					o7	1	1	-4, 5, 2, -1		5	-4
352	1.0	89	89	0	0	2/2	4	1		i6]	e	v	i	i6		i		6					m	1	1	-3, 1, 0		0	-3
353	18.0	89	89	1/4	1/4	2/2	4	1		i	e	v		i		i							m	1	1	0, -3, 1		0	0
371	51.0	93	93	3/4	3/4	2/2	4	1		VI.V6	e	VI		V6		V		6					M	1	0	5, 2, 1		1	5
422	2.0	106	106	1/2	1/2	2/2	4	1		V	e	VI		V		V							M	1	0	1, 5, 2		1	1
424	6.0	107	107	0	0	2/2	4	1		I	e	VI		I		I							M	1	0	0, 4, 1		0	0
430	2.0	108	108	1/2	1/2	2/2	4	1		I(64)	e	VI		I(64)		I			64				M	1	0	0, -1, 3		0	0
432	6.0	109	109	0	0	2/2	4	1		I	e	VI		I		I							M	1	0	0, 4, 1		0	0
438	2.0	110	110	1/2	1/2	2/2	4	1		I(64)	e	VI		I(64)		I			64				M	1	0	0, -1, 3		0	0
440	8.0	111	111	0	0	2/2	4	1		I	e	VI		I		I							M	1	0	0, 4, 1		0	0
448	2.0	113	113	0	0	2/2	4	1		i.iv65	e	i		iv65		iv		65					mm7	1	1	-4, 0, -3, -1		-1	-4
450	2.0	113	113	1/2	1/2	2/2	4	1		i64	e	i		i64		i		64					m	1	1	1, 0, -3		0	1
452	2.0	114	114	0	0	2/2	4	1		V7	e	i		V7		V		7					Mm7	1	1	1, 5, 2, -1		1	1
454	1.0	114	114	1/2	1/2	2/2	4	1		V7(4)	e	i		V7(4)		V		7	4				Mm7	1	1	1, 0, 2, -1		1	1
455	1.0	114	114	3/4	3/4	2/2	4	1		V7	e	i		V7		V		7					Mm7	1	1	1, 5, 2, -1		1	1
456	2.0	115	115	0	0	2/2	4	1		i\\	e	i		i		i						\\	m	1	1	0, -3, 1		0	0
458	2.0	115	115	1/2	1/2	2/2	4	1		VI.V43	e	VI		V43		V		43					Mm7	1	0	2, -1, 1, 5		1	2
460	6.0	116	116	0	0	2/2	4	1		I	e	VI		I		I							M	1	0	0, 4, 1		0	0
466	2.0	117	117	1/2	1/2	2/2	4	1		I(64)	e	VI		I(64)		I			64				M	1	0	0, -1, 3		0	0
468	4.0	118	118	0	0	2/2	4	1		I	e	VI		I		I							M	1	0	0, 4, 1		0	0
472	2.0	119	119	0	0	2/2	4	1		I[I6	e	VI	I	I6		I		6					M	1	0	4, 1, 0		0	4
474	1.5	119	119	1/2	1/2	2/2	4	1		ii6	e	VI	I	ii6		ii		6					m	1	0	-1, 3, 2		2	-1
951/2	0.5	119	119	7/8	7/8	2/2	4	1		vii%43]	e	VI	I	vii%43		vii	%	43					%7	1	0	-1, 3, 5, 2		5	-1
476	8.0	120	120	0	0	2/2	4	1		I	e	VI		I		I							M	1	0	0, 4, 1		0	0
484	2.0	122	122	0	0	2/2	4	1		i.iv65	e	i		iv65		iv		65					mm7	1	1	-4, 0, -3, -1		-1	-4
486	2.0	122	122	1/2	1/2	2/2	4	1		i64	e	i		i64		i		64					m	1	1	1, 0, -3		0	1
488	2.0	123	123	0	0	2/2	4	1		V7	e	i		V7		V		7					Mm7	1	1	1, 5, 2, -1		1	1
490	1.0	123	123	1/2	1/2	2/2	4	1		V7(4)	e	i		V7(4)		V		7	4				Mm7	1	1	1, 0, 2, -1		1	1
491	1.0	123	123	3/4	3/4	2/2	4	1		V7	e	i		V7		V		7					Mm7	1	1	1, 5, 2, -1		1	1
492	2.0	124	124	0	0	2/2	4	1		i\\	e	i		i		i						\\	m	1	1	0, -3, 1		0	0
494	2.0	124	124	1/2	1/2	2/2	4	1		i	e	i		i		i							m	1	1	0, -3, 1		0	0
496	10.0	125	125	0	0	2/2	4	1		V/V	e	i		V/V		V				V			M	1	1	2, 6, 3		2	2
506	2.0	127	127	1/2	1/2	2/2	4	1		VI.V7/V	e	VI		V7/V		V		7		V			Mm7	1	0	2, 6, 3, 0		2	2
508	4.0	128	128	0	0	2/2	4	1		V7	e	VI		V7		V		7					Mm7	1	0	1, 5, 2, -1		1	1
512	2.0	129	129	0	0	2/2	4	1		I\\	e	VI		I		I						\\	M	1	0	0, 4, 1		0	0
514	4.0	129	129	1/2	1/2	2/2	4	1		I	e	VI		I		I							M	1	0	0, 4, 1		0	0
518	2.0	130	130	1/2	1/2	2/2	4	1		I(64)	e	VI		I(64)		I			64				M	1	0	0, -1, 3		0	0
520	4.0	131	131	0	0	2/2	4	1		I	e	VI		I		I							M	1	0	0, 4, 1		0	0
524	2.0	132	132	0	0	2/2	4	1		I[I6	e	VI	I	I6		I		6					M	1	0	4, 1, 0		0	4
526	1.5	132	132	1/2	1/2	2/2	4	1		ii6	e	VI	I	ii6		ii		6					m	1	0	-1, 3, 2		2	-1
1055/2	0.5	132	132	7/8	7/8	2/2	4	1		vii%43]	e	VI	I	vii%43		vii	%	43					%7	1	0	-1, 3, 5, 2		5	-1
528	8.0	133	133	0	0	2/2	4	1		I	e	VI		I		I							M	1	0	0, 4, 1		0	0
536	2.0	135	135	0	0	2/2	4	1		i.iv65	e	i		iv65		iv		65					mm7	1	1	-4, 0, -3, -1		-1	-4
538	2.0	135	135	1/2	1/2	2/2	4	1		i64	e	i		i64		i		64					m	1	1	1, 0, -3		0	1
540	2.0	136	136	0	0	2/2	4	1		V7	e	i		V7		V		7					Mm7	1	1	1, 5, 2, -1		1	1
542	1.0	136	136	1/2	1/2	2/2	4	1		V7(4)	e	i		V7(4)		V		7	4				Mm7	1	1	1, 0, 2, -1		1	1
543	1.0	136	136	3/4	3/4	2/2	4	1		V7	e	i		V7		V		7					Mm7	1	1	1, 5, 2, -1		1	1
544	2.0	137	137	0	0	2/2	4	1		i\\	e	i		i		i						\\	m	1	1	0, -3, 1		0	0
546	2.0	137	137	1/2	1/2	2/2	4	1		i	e	i		i		i							m	1	1	0, -3, 1		0	0
548	10.0	138	138	0	0	2/2	4	1		V/V	e	i		V/V		V				V			M	1	1	2, 6, 3		2	2
558	2.0	140	140	1/2	1/2	2/2	4	1		VI.V7/V	e	VI		V7/V		V		7		V			Mm7	1	0	2, 6, 3, 0		2	2
560	4.0	141	141	0	0	2/2	4	1		V7	e	VI		V7		V		7					Mm7	1	0	1, 5, 2, -1		1	1
564	2.0	142	142	0	0	2/2	4	1		I\\	e	VI		I		I						\\	M	1	0	0, 4, 1		0	0
566	1.5	142	142	1/2	1/2	2/2	4	1		I[I6	e	VI	I	I6		I		6					M	1	0	4, 1, 0		0	4
1135/2	0.5	142	142	7/8	7/8	2/2	4	1		ii6	e	VI	I	ii6		ii		6					m	1	0	-1, 3, 2		2	-1
568	1.5	143	143	0	0	2/2	4	1		I6	e	VI	I	I6		I		6					M	1	0	4, 1, 0		0	4
1139/2	0.5	143	143	3/8	3/8	2/2	4	1		I6(2)	e	VI	I	I6(2)		I		6	2				M	1	0	4, 1, 2		0	4
570	1.5	143	143	1/2	1/2	2/2	4	1		I6	e	VI	I	I6		I		6					M	1	0	4, 1, 0		0	4
1143/2	0.5	143	143	7/8	7/8	2/2	4	1		ii6	e	VI	I	ii6		ii		6					m	1	0	-1, 3, 2		2	-1
572	3.5	144	144	0	0	2/2	4	1		I6	e	VI	I	I6		I		6					M	1	0	4, 1, 0		0	4
1151/2	0.5	144	144	7/8	7/8	2/2	4	1		ii6	e	VI	I	ii6		ii		6					m	1	0	-1, 3, 2		2	-1
576	3.5	145	145	0	0	2/2	4	1		I6	e	VI	I	I6		I		6					M	1	0	4, 1, 0		0	4
1159/2	0.5	145	145	7/8	7/8	2/2	4	1		ii6	e	VI	I	ii6		ii		6					m	1	0	-1, 3, 2		2	-1
580	4.0	146	146	0	0	2/2	4	1		I6]	e	VI	I	I6		I		6					M	1	0	4, 1, 0		0	4
584	4.0	147	147	0	0	2/2	4	1		IV	e	VI		IV		IV							M	1	0	-1, 3, 0		-1	-1
588	2.0	148	148	0	0	2/2	4	1		viio6	e	VI		viio6		vii	o	6					o	1	0	2, -1, 5		5	2
590	2.0	148	148	1/2	1/2	2/2	4	1		viio	e	VI		viio		vii	o						o	1	0	5, 2, -1		5	5
592	2.0	149	149	0	0	2/2	4	1		V7	e	VI		V7		V		7					Mm7	1	0	1, 5, 2, -1		1	1
594	2.0	149	149	1/2	1/2	2/2	4	1		V43	e	VI		V43		V		43					Mm7	1	0	2, -1, 1, 5		1	2
596	2.0	150	150	0	0	2/2	4	1		I	e	VI		I		I							M	1	0	0, 4, 1		0	0
598	2.0	150	150	1/2	1/2	2/2	4	1		vi	e	VI		vi		vi							m	1	0	3, 0, 4		3	3
600	4.0	151	151	0	0	2/2	4	1		IV	e	VI		IV		IV							M	1	0	-1, 3, 0		-1	-1
604	2.0	152	152	0	0	2/2	4	1		ii	e	VI		ii		ii							m	1	0	2, -1, 3		2	2
606	2.0	152	152	1/2	1/2	2/2	4	1		viio	e	VI		viio		vii	o						o	1	0	5, 2, -1		5	5
608	2.0	153	153	0	0	2/2	4	1		#viio/vi	e	VI		#viio/vi		#vii	o			vi			o	1	0	8, 5, 2		8	8
610	2.0	153	153	1/2	1/2	2/2	4	1		V7/vi	e	VI		V7/vi		V		7		vi			Mm7	1	0	4, 8, 5, 2		4	4
612	4.0	154	154	0	0	2/2	4	1		vi	e	VI		vi		vi							m	1	0	3, 0, 4		3	3
616	4.0	155	155	0	0	2/2	4	1		ii	e	VI		ii		ii							m	1	0	2, -1, 3		2	2
620	2.0	156	156	0	0	2/2	4	1		#viio6/vi	e	VI		#viio6/vi		#vii	o	6		vi			o	1	0	5, 2, 8		8	5
622	2.0	156	156	1/2	1/2	2/2	4	1		#viio/vi	e	VI		#viio/vi		#vii	o			vi			o	1	0	8, 5, 2		8	8
624	2.0	157	157	0	0	2/2	4	1		V7/vi	e	VI		V7/vi		V		7		vi			Mm7	1	0	4, 8, 5, 2		4	4
626	2.0	157	157	1/2	1/2	2/2	4	1		#viio6/vi	e	VI		#viio6/vi		#vii	o	6		vi			o	1	0	5, 2, 8		8	5
628	4.0	158	158	0	0	2/2	4	1		vi	e	VI		vi		vi							m	1	0	3, 0, 4		3	3
632	2.0	159	159	0	0	2/2	4	1		bII.vi6	e	bII		vi6		vi		6					m	1	0	0, 4, 3		3	0
634	2.0	159	159	1/2	1/2	2/2	4	1		vi	e	bII		vi		vi							m	1	0	3, 0, 4		3	3
636	2.0	160	160	0	0	2/2	4	1		IV	e	bII		IV		IV							M	1	0	-1, 3, 0		-1	-1
638	2.0	160	160	1/2	1/2	2/2	4	1		ii	e	bII		ii		ii							m	1	0	2, -1, 3		2	2
640	2.0	161	161	0	0	2/2	4	1		viio	e	bII		viio		vii	o						o	1	0	5, 2, -1		5	5
642	2.0	161	161	1/2	1/2	2/2	4	1		V65	e	bII		V65		V		65					Mm7	1	0	5, 2, -1, 1		1	5
644	4.0	162	162	0	0	2/2	4	1		I	e	bII		I		I							M	1	0	0, 4, 1		0	0
648	2.0	163	163	0	0	2/2	4	1		IV	e	bII		IV		IV							M	1	0	-1, 3, 0		-1	-1
650	2.0	163	163	1/2	1/2	2/2	4	1		V43/bVII	e	bII		V43/bVII		V		43		bVII			Mm7	1	0	0, -3, -1, 3		-1	0
652	4.0	164	164	0	0	2/2	4	1		bVII	e	bII		bVII		bVII							M	1	0	-2, 2, -1		-2	-2
656	2.0	165	165	0	0	2/2	4	1		V7/vi	e	bII		V7/vi		V		7		vi			Mm7	1	0	4, 8, 5, 2		4	4
658	2.0	165	165	1/2	1/2	2/2	4	1		V43/vi	e	bII		V43/vi		V		43		vi			Mm7	1	0	5, 2, 4, 8		4	5
660	2.0	166	166	0	0	2/2	4	1		vi.i	e	vi		i		i							m	1	1	0, -3, 1		0	0
662	2.0	166	166	1/2	1/2	2/2	4	1		iio	e	vi		iio		ii	o						o	1	1	2, -1, -4		2	2
664	2.0	167	167	0	0	2/2	4	1		V6	e	vi		V6		V		6					M	1	1	5, 2, 1		1	5
666	2.0	167	167	1/2	1/2	2/2	4	1		V2	e	vi		V2		V		2					Mm7	1	1	-1, 1, 5, 2		1	-1
668	2.0	168	168	0	0	2/2	4	1		i6	e	vi		i6		i		6					m	1	1	-3, 1, 0		0	-3
670	2.0	168	168	1/2	1/2	2/2	4	1		bV.iio	e	bV		iio		ii	o						o	1	0	2, -1, -4		2	2
672	2.0	169	169	0	0	2/2	4	1		V6	e	bV		V6		V		6					M	1	0	5, 2, 1		1	5
674	2.0	169	169	1/2	1/2	2/2	4	1		V7	e	bV		V7		V		7					Mm7	1	0	1, 5, 2, -1		1	1
676	15.0	170	170	0	0	2/2	4	1		I	e	bV		I		I							M	1	0	0, 4, 1		0	0
691	1.0	173	173	3/4	3/4	2/2	4	1		I(64)	e	bV		I(64)		I			64				M	1	0	0, -1, 3		0	0
692	7.0	174	174	0	0	2/2	4	1		I	e	bV		I		I							M	1	0	0, 4, 1		0	0
699	1.0	175	175	3/4	3/4	2/2	4	1		I(64)	e	bV		I(64)		I			64				M	1	0	0, -1, 3		0	0
700	1.5	176	176	0	0	2/2	4	1		I	e	bV		I		I							M	1	0	0, 4, 1		0	0
1403/2	0.5	176	176	3/8	3/8	2/2	4	1		bVI64	e	bV		bVI64		bVI		64					M	1	0	-3, -4, 0		-4	-3
702	1.5	176	176	1/2	1/2	2/2	4	1		bIII	e	bV		bIII		bIII							M	1	0	-3, 1, -2		-3	-3
1407/2	0.5	176	176	7/8	7/8	2/2	4	1		bVII(4)	e	bV		bVII(4)		bVII			4				M	1	0	-2, 4, -1		-2	-2
704	1.0	177	177	0	0	2/2	4	1		bIII	e	bV		bIII		bIII							M	1	0	-3, 1, -2		-3	-3
705	1.0	177	177	1/4	1/4	2/2	4	1		bVII(4)	e	bV		bVII(4)		bVII			4				M	1	0	-2, 4, -1		-2	-2
706	1.0	177	177	1/2	1/2	2/2	4	1		i6	e	bV		i6		i		6					m	1	0	-3, 1, 0		0	-3
707	0.5	177	177	3/4	3/4	2/2	4	1		vii.VI	e	vii		VI		VI							M	1	1	-4, 0, -3		-4	-4
1415/2	0.5	177	177	7/8	7/8	2/2	4	1		iv6	e	vii		iv6		iv		6					m	1	1	-4, 0, -1		-1	-4
708	7.0	178	178	0	0	2/2	4	1		V	e	vii		V		V							M	1	1	1, 5, 2		1	1
715	1.0	179	179	3/4	3/4	2/2	4	1		i	e	vii		i		i							m	1	1	0, -3, 1		0	0
716	1.0	180	180	0	0	2/2	4	1		i6	e	vii		i6		i		6					m	1	1	-3, 1, 0		0	-3
717	1.0	180	180	1/4	1/4	2/2	4	1		V43	e	vii		V43		V		43					Mm7	1	1	2, -1, 1, 5		1	2
718	1.0	180	180	1/2	1/2	2/2	4	1		i	e	vii		i		i							m	1	1	0, -3, 1		0	0
719	1.0	180	180	3/4	3/4	2/2	4	1		V6	e	vii		V6		V		6					M	1	1	5, 2, 1		1	5
720	1.0	181	181	0	0	2/2	4	1		V43	e	vii		V43		V		43					Mm7	1	1	2, -1, 1, 5		1	2
721	1.0	181	181	1/4	1/4	2/2	4	1		i6	e	vii		i6		i		6					m	1	1	-3, 1, 0		0	-3
722	2.0	181	181	1/2	1/2	2/2	4	1		V2	e	vii		V2		V		2					Mm7	1	1	-1, 1, 5, 2		1	-1
724	4.0	182	182	0	0	2/2	4	1		i	e	vii		i		i							m	1	1	0, -3, 1		0	0
728	3.0	183	183	0	0	2/2	4	1		iii.V	e	iii		V		V							M	1	1	1, 5, 2		1	1
731	1.0	183	183	3/4	3/4	2/2	4	1		V7	e	iii		V7		V		7					Mm7	1	1	1, 5, 2, -1		1	1
732	1.0	184	184	0	0	2/2	4	1		i6	e	iii		i6		i		6					m	1	1	-3, 1, 0		0	-3
733	1.0	184	184	1/4	1/4	2/2	4	1		V43	e	iii		V43		V		43					Mm7	1	1	2, -1, 1, 5		1	2
734	1.0	184	184	1/2	1/2	2/2	4	1		i	e	iii		i		i							m	1	1	0, -3, 1		0	0
735	0.5	184	184	3/4	3/4	2/2	4	1		V7	e	iii		V7		V		7					Mm7	1	1	1, 5, 2, -1		1	1
1471/2	0.5	184	184	7/8	7/8	2/2	4	1		V(64)	e	iii		V(64)		V			64				M	1	1	1, 0, -3		1	1
736	1.0	185	185	0	0	2/2	4	1		V7	e	iii		V7		V		7					Mm7	1	1	1, 5, 2, -1		1	1
737	1.0	185	185	1/4	1/4	2/2	4	1		V(64)	e	iii		V(64)		V			64				M	1	1	1, 0, -3		1	1
738	1.0	185	185	1/2	1/2	2/2	4	1		V65	e	iii		V65		V		65					Mm7	1	1	5, 2, -1, 1		1	5
739	0.5	185	185	3/4	3/4	2/2	4	1		vi.I6	e	vi		I6		I		6					M	1	1	4, 1, 0		0	4
1479/2	0.5	185	185	7/8	7/8	2/2	4	1		V7/V	e	vi		V7/V		V		7		V			Mm7	1	1	2, 6, 3, 0		2	2
740	4.0	186	186	0	0	2/2	4	1		V\\	e	vi		V		V						\\	M	1	1	1, 5, 2		1	1
744	3.0	187	187	0	0	2/2	4	1		V7(9)	e	vi		V7(9)		V		7	9				Mm7	1	1	1, 5, 2, -1	-4	1	1
747	5.0	187	187	3/4	3/4	2/2	4	1		V(64)	e	vi		V(64)		V			64				M	1	1	1, 0, -3		1	1
752	1.0	189	189	0	0	2/2	4	1		V7	e	vi		V7		V		7					Mm7	1	1	1, 5, 2, -1		1	1
753	1.0	189	189	1/4	1/4	2/2	4	1		V(64)	e	vi		V(64)		V			64				M	1	1	1, 0, -3		1	1
754	2.0	189	189	1/2	1/2	2/2	4	1		V7	e	vi		V7		V		7					Mm7	1	1	1, 5, 2, -1		1	1
756	4.0	190	190	0	0	2/2	4	1		VI.I	e	VI		I		I							M	1	0	0, 4, 1		0	0
760	4.0	191	191	0	0	2/2	4	1		V6/ii	e	VI		V6/ii		V		6		ii			M	1	0	7, 4, 3		3	7
764	4.0	192	192	0	0	2/2	4	1		ii	e	VI		ii		ii							m	1	0	2, -1, 3		2	2
768	4.0	193	193	0	0	2/2	4	1		V6/iii	e	VI		V6/iii		V		6		iii			M	1	0	9, 6, 5		5	9
772	4.0	194	194	0	0	2/2	4	1		iii	e	VI		iii		iii							m	1	0	4, 1, 5		4	4
776	4.0	195	195	0	0	2/2	4	1		iii64	e	VI		iii64		iii		64					m	1	0	5, 4, 1		4	5
780	8.0	196	196	0	0	2/2	4	1		V43	e	VI		V43		V		43					Mm7	1	0	2, -1, 1, 5		1	2
788	4.0	198	198	0	0	2/2	4	1		I	e	VI		I		I							M	1	0	0, 4, 1		0	0
792	2.0	199	199	0	0	2/2	4	1		vi7	e	VI		vi7		vi		7					mm7	1	0	3, 0, 4, 1		3	3
794	2.0	199	199	1/2	1/2	2/2	4	1		I	e	VI		I		I							M	1	0	0, 4, 1		0	0
796	8.0	200	200	0	0	2/2	4	1		V43/vi	e	VI		V43/vi		V		43		vi			Mm7	1	0	5, 2, 4, 8		4	5
804	6.0	202	202	0	0	2/2	4	1		ii	e	VI		ii		ii							m	1	0	2, -1, 3		2	2
810	2.0	203	203	1/2	1/2	2/2	4	1		i.iv	e	i		iv		iv							m	1	1	-1, -4, 0		-1	-1
812	8.0	204	204	0	0	2/2	4	1		i6	e	i		i6		i		6					m	1	1	-3, 1, 0		0	-3
820	4.0	206	206	0	0	2/2	4	1		V43	e	i		V43		V		43					Mm7	1	1	2, -1, 1, 5		1	2
824	4.0	207	207	0	0	2/2	4	1		i	e	i		i		i							m	1	1	0, -3, 1		0	0
828	4.0	208	208	0	0	2/2	4	1		V6	e	i		V6		V		6					M	1	1	5, 2, 1		1	5
832	2.0	209	209	0	0	2/2	4	1		i	e	i		i		i							m	1	1	0, -3, 1		0	0
834	2.0	209	209	1/2	1/2	2/2	4	1		iv6	e	i		iv6		iv		6					m	1	1	-4, 0, -1		-1	-4
836	3.0	210	210	0	0	2/2	4	1		V	e	i		V		V							M	1	1	1, 5, 2		1	1
839	1.0	210	210	3/4	3/4	2/2	4	1		viio64	e	i		viio64		vii	o	64					o	1	1	-8, -2, -5		-2	-8
840	1.0	211	211	0	0	2/2	4	1		V43	e	i		V43		V		43					Mm7	1	1	2, -1, 1, 5		1	2
841	2.0	211	211	1/4	1/4	2/2	4	1		i	e	i		i		i							m	1	1	0, -3, 1		0	0
843	1.0	211	211	3/4	3/4	2/2	4	1		viio65/V	e	i		viio65/V		vii	o	65		V			o7	1	1	3, 0, -3, 6		6	3
844	2.0	212	212	0	0	2/2	4	1		V[V	e	i	V	V		V							M	1	1	1, 5, 2		1	1
846	1.0	212	212	1/2	1/2	2/2	4	1		V7	e	i	V	V7		V		7					Mm7	1	1	1, 5, 2, -1		1	1
847	2.0	212	212	3/4	3/4	2/2	4	1		V7(9)	e	i	V	V7(9)		V		7	9				Mm7	1	1	1, 5, 2, -1	-4	1	1
849	2.0	213	213	1/4	1/4	2/2	4	1		V(64)	e	i	V	V(64)		V			64				M	1	1	1, 0, -3		1	1
851	1.0	213	213	3/4	3/4	2/2	4	1		viio6/V	e	i	V	viio6/V		vii	o	6		V			o	1	1	3, 0, 6		6	3
852	8.0	214	214	0	0	2/2	4	1		V]	e	i	V	V		V							M	1	1	1, 5, 2		1	1
860	4.0	216	216	0	0	2/2	4	1		i	e	i		i		i							m	1	1	0, -3, 1		0	0
864	2.0	217	217	0	0	2/2	4	1		V	e	i		V		V							M	1	1	1, 5, 2		1	1
866	1.0	217	217	1/2	1/2	2/2	4	1		V7	e	i		V7		V		7					Mm7	1	1	1, 5, 2, -1		1	1
867	1.0	217	217	3/4	3/4	2/2	4	1		V65	e	i		V65		V		65					Mm7	1	1	5, 2, -1, 1		1	5
868	4.0	218	218	0	0	2/2	4	1		i	e	i		i		i							m	1	1	0, -3, 1		0	0
872	8.0	219	219	0	0	2/2	4	1		bII6	e	i		bII6		bII		6					M	1	1	-1, -4, -5		-5	-1
880	4.0	221	221	0	0	2/2	4	1		i	e	i		i		i							m	1	1	0, -3, 1		0	0
884	2.0	222	222	0	0	2/2	4	1		V	e	i		V		V							M	1	1	1, 5, 2		1	1
886	1.0	222	222	1/2	1/2	2/2	4	1		V7	e	i		V7		V		7					Mm7	1	1	1, 5, 2, -1		1	1
887	1.0	222	222	3/4	3/4	2/2	4	1		V65	e	i		V65		V		65					Mm7	1	1	5, 2, -1, 1		1	5
888	8.0	223	223	0	0	2/2	4	1		i	e	i		i		i							m	1	1	0, -3, 1		0	0
896	4.0	225	225	0	0	2/2	4	1		V6	e	i		V6		V		6					M	1	1	5, 2, 1		1	5
900	4.0	226	226	0	0	2/2	4	1		i6	e	i		i6		i		6					m	1	1	-3, 1, 0		0	-3
904	8.0	227	227	0	0	2/2	4	1		bII6	e	i		bII6		bII		6					M	1	1	-1, -4, -5		-5	-1
912	4.0	229	229	0	0	2/2	4	1		i6	e	i		i6		i		6					m	1	1	-3, 1, 0		0	-3
916	4.0	230	230	0	0	2/2	4	1		V65	e	i		V65		V		65					Mm7	1	1	5, 2, -1, 1		1	5
920	2.0	231	231	0	0	2/2	4	1		i	e	i		i		i							m	1	1	0, -3, 1		0	0
922	2.0	231	231	1/2	1/2	2/2	4	1		V7/bII	e	i		V7/bII		V		7		bII			Mm7	1	1	-4, 0, -3, -6		-4	-4
924	4.0	232	232	0	0	2/2	4	1		bII6	e	i		bII6		bII		6					M	1	1	-1, -4, -5		-5	-1
928	4.0	233	233	0	0	2/2	4	1		V43/bII	e	i		V43/bII		V		43		bII			Mm7	1	1	-3, -6, -4, 0		-4	-3
932	4.0	234	234	0	0	2/2	4	1		bII	e	i		bII		bII							M	1	1	-5, -1, -4		-5	-5
936	4.0	235	235	0	0	2/2	4	1		V/bII	e	i		V/bII		V				bII			M	1	1	-4, 0, -3		-4	-4
940	4.0	236	236	0	0	2/2	4	1		bII6	e	i		bII6		bII		6					M	1	1	-1, -4, -5		-5	-1
944	4.0	237	237	0	0	2/2	4	1		i	e	i		i		i							m	1	1	0, -3, 1		0	0
948	4.0	238	238	0	0	2/2	4	1		V7	e	i		V7		V		7					Mm7	1	1	1, 5, 2, -1		1	1
952	2.0	239	239	0	0	2/2	4	1		i\\	e	i		i		i						\\	m	1	1	0, -3, 1		0	0
954	2.0	239	239	1/2	1/2	2/2	4	1		V7/bII	e	i		V7/bII		V		7		bII			Mm7	1	1	-4, 0, -3, -6		-4	-4
956	4.0	240	240	0	0	2/2	4	1		bII6	e	i		bII6		bII		6					M	1	1	-1, -4, -5		-5	-1
960	4.0	241	241	0	0	2/2	4	1		V43/bII	e	i		V43/bII		V		43		bII			Mm7	1	1	-3, -6, -4, 0		-4	-3
964	4.0	242	242	0	0	2/2	4	1		bII	e	i		bII		bII							M	1	1	-5, -1, -4		-5	-5
968	4.0	243	243	0	0	2/2	4	1		V/bII	e	i		V/bII		V				bII			M	1	1	-4, 0, -3		-4	-4
972	4.0	244	244	0	0	2/2	4	1		bII6	e	i		bII6		bII		6					M	1	1	-1, -4, -5		-5	-1
976	4.0	245	245	0	0	2/2	4	1		i	e	i		i		i							m	1	1	0, -3, 1		0	0
980	4.0	246	246	0	0	2/2	4	1		V7	e	i		V7		V		7					Mm7	1	1	1, 5, 2, -1		1	1
984	2.0	247	247	0	0	2/2	4	1		i\\	e	i		i		i						\\	m	1	1	0, -3, 1		0	0
986	2.0	247	247	1/2	1/2	2/2	4	1		i[i64	e	i	i	i64		i		64					m	1	1	1, 0, -3		0	1
988	4.0	248	248	0	0	2/2	4	1		#viio2	e	i	i	#viio2		#vii	o	2					o7	1	1	-4, 5, 2, -1		5	-4
992	4.0	249	249	0	0	2/2	4	1		i6	e	i	i	i6		i		6					m	1	1	-3, 1, 0		0	-3
996	4.0	250	250	0	0	2/2	4	1		#viio2	e	i	i	#viio2		#vii	o	2					o7	1	1	-4, 5, 2, -1		5	-4
1000	1.0	251	251	0	0	2/2	4	1		i6]	e	i	i	i6		i		6					m	1	1	-3, 1, 0		0	-3
1001	18.0	251	251	1/4	1/4	2/2	4	1		i	e	i		i		i							m	1	1	0, -3, 1		0	0
1019	13.0	255	255	3/4	3/4	2/2	4	1		VI6	e	i		VI6		VI		6					M	1	1	0, -3, -4		-4	0
1032	28.0	259	259	0	0	2/2	4	1		V7/VI	e	i		V7/VI		V		7		VI			Mm7	1	1	-3, 1, -2, -5		-3	-3
1060	4.0	266	266	0	0	2/2	4	1		VI.I6	e	VI		I6		I		6					M	1	0	4, 1, 0		0	4
1064	30.0	267	267	0	0	2/2	4	1		ii6	e	VI		ii6		ii		6					m	1	0	-1, 3, 2		2	-1
1094	2.0	274	274	1/2	1/2	2/2	4	1		V7	e	VI		V7		V		7					Mm7	1	0	1, 5, 2, -1		1	1
1096	6.0	275	275	0	0	2/2	4	1		I	e	VI		I		I							M	1	0	0, 4, 1		0	0
1102	2.0	276	276	1/2	1/2	2/2	4	1		I(64)	e	VI		I(64)		I			64				M	1	0	0, -1, 3		0	0
1104	6.0	277	277	0	0	2/2	4	1		I	e	VI		I		I							M	1	0	0, 4, 1		0	0
1110	2.0	278	278	1/2	1/2	2/2	4	1		I(64)	e	VI		I(64)		I			64				M	1	0	0, -1, 3		0	0
1112	6.0	279	279	0	0	2/2	4	1		I	e	VI		I		I							M	1	0	0, 4, 1		0	0
1118	2.0	280	280	1/2	1/2	2/2	4	1		i.VI	e	i		VI		VI							M	1	1	-4, 0, -3		-4	-4
1120	2.0	281	281	0	0	2/2	4	1		iv65	e	i		iv65		iv		65					mm7	1	1	-4, 0, -3, -1		-1	-4
1122	2.0	281	281	1/2	1/2	2/2	4	1		i64	e	i		i64		i		64					m	1	1	1, 0, -3		0	1
1124	2.0	282	282	0	0	2/2	4	1		V7	e	i		V7		V		7					Mm7	1	1	1, 5, 2, -1		1	1
1126	1.0	282	282	1/2	1/2	2/2	4	1		V7(4)	e	i		V7(4)		V		7	4				Mm7	1	1	1, 0, 2, -1		1	1
1127	1.0	282	282	3/4	3/4	2/2	4	1		V7	e	i		V7		V		7					Mm7	1	1	1, 5, 2, -1		1	1
1128	1.0	283	283	0	0	2/2	4	1		i\\	e	i		i		i						\\	m	1	1	0, -3, 1		0	0
1129	1.0	283	283	1/4	1/4	2/2	4	1		VI.iii	e	VI		iii		iii							m	1	0	4, 1, 5		4	4
1130	2.0	283	283	1/2	1/2	2/2	4	1		V43	e	VI		V43		V		43					Mm7	1	0	2, -1, 1, 5		1	2
1132	7.5	284	284	0	0	2/2	4	1		I[I6	e	VI	I	I6		I		6					M	1	0	4, 1, 0		0	4
2279/2	0.5	285	285	7/8	7/8	2/2	4	1		ii6	e	VI	I	ii6		ii		6					m	1	0	-1, 3, 2		2	-1
1140	3.5	286	286	0	0	2/2	4	1		I6	e	VI	I	I6		I		6					M	1	0	4, 1, 0		0	4
2287/2	0.5	286	286	7/8	7/8	2/2	4	1		ii6	e	VI	I	ii6		ii		6					m	1	0	-1, 3, 2		2	-1
1144	3.5	287	287	0	0	2/2	4	1		I6	e	VI	I	I6		I		6					M	1	0	4, 1, 0		0	4
2295/2	0.5	287	287	7/8	7/8	2/2	4	1		ii6	e	VI	I	ii6		ii		6					m	1	0	-1, 3, 2		2	-1
1148	3.5	288	288	0	0	2/2	4	1		I6	e	VI	I	I6		I		6					M	1	0	4, 1, 0		0	4
2303/2	0.5	288	288	7/8	7/8	2/2	4	1		IV	e	VI	I	IV		IV							M	1	0	-1, 3, 0		-1	-1
1152	1.5	289	289	0	0	2/2	4	1		I64	e	VI	I	I64		I		64					M	1	0	1, 0, 4		0	1
2307/2	0.5	289	289	3/8	3/8	2/2	4	1		viio	e	VI	I	viio		vii	o						o	1	0	5, 2, -1		5	5
1154	1.5	289	289	1/2	1/2	2/2	4	1		I]	e	VI	I	I		I							M	1	0	0, 4, 1		0	0
2311/2	0.5	289	289	7/8	7/8	2/2	4	1		i.VIM7	e	i		VIM7		VI	M	7					MM7	1	1	-4, 0, -3, 1		-4	-4
1156	2.0	290	290	0	0	2/2	4	1		iv65	e	i		iv65		iv		65					mm7	1	1	-4, 0, -3, -1		-1	-4
1158	4.0	290	290	1/2	1/2	2/2	4	1		V	e	i		V		V							M	1	1	1, 5, 2		1	1
1162	3.0	291	291	1/2	1/2	2/2	4	1		V2(2)	e	i		V2(2)		V		2	2				Mm7	1	1	-1, -4, 5, 2		1	-1
1165	1.0	292	292	1/4	1/4	2/2	4	1		V2	e	i		V2		V		2					Mm7	1	1	-1, 1, 5, 2		1	-1
1166	2.0	292	292	1/2	1/2	2/2	4	1		i6	e	i		i6		i		6					m	1	1	-3, 1, 0		0	-3
1168	2.0	293	293	0	0	2/2	4	1		#viio6	e	i		#viio6		#vii	o	6					o	1	1	2, -1, 5		5	2
1170	2.0	293	293	1/2	1/2	2/2	4	1		i	e	i		i		i							m	1	1	0, -3, 1		0	0
1172	2.0	294	294	0	0	2/2	4	1		iv6	e	i		iv6		iv		6					m	1	1	-4, 0, -1		-1	-4
1174	2.0	294	294	1/2	1/2	2/2	4	1		#viio6/iv	e	i		#viio6/iv		#vii	o	6		iv			o	1	1	1, -2, 4		4	1
1176	1.5	295	295	0	0	2/2	4	1		iv	e	i		iv		iv							m	1	1	-1, -4, 0		-1	-1
2355/2	0.5	295	295	3/8	3/8	2/2	4	1		iio6	e	i		iio6		ii	o	6					o	1	1	-1, -4, 2		2	-1
1178	2.0	295	295	1/2	1/2	2/2	4	1		V7	e	i		V7		V		7					Mm7	1	1	1, 5, 2, -1		1	1
1180	1.0	296	296	0	0	2/2	4	1		i\\	e	i		i		i						\\	m	1	1	0, -3, 1		0	0
1181	3.0	296	296	1/4	1/4	2/2	4	1		i	e	i		i		i							m	1	1	0, -3, 1		0	0
1184	2.0	297	297	0	0	2/2	4	1		V64	e	i		V64		V		64					M	1	1	2, 1, 5		1	2
1186	2.0	297	297	1/2	1/2	2/2	4	1		i	e	i		i		i							m	1	1	0, -3, 1		0	0
1188	2.0	298	298	0	0	2/2	4	1		iv6	e	i		iv6		iv		6					m	1	1	-4, 0, -1		-1	-4
1190	2.0	298	298	1/2	1/2	2/2	4	1		V43/iv	e	i		V43/iv		V		43		iv			Mm7	1	1	1, -2, 0, 4		0	1
1192	1.0	299	299	0	0	2/2	4	1		iv	e	i		iv		iv							m	1	1	-1, -4, 0		-1	-1
1193	1.0	299	299	1/4	1/4	2/2	4	1		iio6	e	i		iio6		ii	o	6					o	1	1	-1, -4, 2		2	-1
1194	2.0	299	299	1/2	1/2	2/2	4	1		V7	e	i		V7		V		7					Mm7	1	1	1, 5, 2, -1		1	1
1196	1.0	300	300	0	0	2/2	4	1		i\\	e	i		i		i						\\	m	1	1	0, -3, 1		0	0
1197	0.5	300	300	1/4	1/4	2/2	4	1		i	e	i		i		i							m	1	1	0, -3, 1		0	0
2395/2	0.5	300	300	3/8	3/8	2/2	4	1		V64	e	i		V64		V		64					M	1	1	2, 1, 5		1	2
1198	2.0	300	300	1/2	1/2	2/2	4	1		i	e	i		i		i							m	1	1	0, -3, 1		0	0
1200	4.0	301	301	0	0	2/2	4	1		V7	e	i		V7		V		7					Mm7	1	1	1, 5, 2, -1		1	1
1204	1.5	302	302	0	0	2/2	4	1		i	e	i		i		i							m	1	1	0, -3, 1		0	0
2411/2	0.5	302	302	3/8	3/8	2/2	4	1		V64	e	i		V64		V		64					M	1	1	2, 1, 5		1	2
1206	2.0	302	302	1/2	1/2	2/2	4	1		i	e	i		i		i							m	1	1	0, -3, 1		0	0
1208	1.5	303	303	0	0	2/2	4	1		V7	e	i		V7		V		7					Mm7	1	1	1, 5, 2, -1		1	1
2419/2	0.5	303	303	3/8	3/8	2/2	4	1		V(64)	e	i		V(64)		V			64				M	1	1	1, 0, -3		1	1
1210	2.0	303	303	1/2	1/2	2/2	4	1		V7	e	i		V7		V		7					Mm7	1	1	1, 5, 2, -1		1	1
1212	4.0	304	304	0	0	2/2	4	1		i	e	i		i		i							m	1	1	0, -3, 1		0	0
1216	2.0	305	305	0	0	2/2	4	1		V65	e	i		V65		V		65					Mm7	1	1	5, 2, -1, 1		1	5
1218	2.0	305	305	1/2	1/2	2/2	4	1		V64	e	i		V64		V		64					M	1	1	2, 1, 5		1	2
1220	4.0	306	306	0	0	2/2	4	1		i	e	i		i		i							m	1	1	0, -3, 1		0	0
1224	4.0	307	307	0	0	2/2	4	1		V65/VI	e	i		V65/VI		V		65		VI			Mm7	1	1	1, -2, -5, -3		-3	1
1228	4.0	308	308	0	0	2/2	4	1		VI	e	i		VI		VI							M	1	1	-4, 0, -3		-4	-4
1232	2.0	309	309	0	0	2/2	4	1		V65/iv	e	i		V65/iv		V		65		iv			Mm7	1	1	4, 1, -2, 0		0	4
1234	2.0	309	309	1/2	1/2	2/2	4	1		V64/iv	e	i		V64/iv		V		64		iv			M	1	1	1, 0, 4		0	1
1236	4.0	310	310	0	0	2/2	4	1		iv	e	i		iv		iv							m	1	1	-1, -4, 0		-1	-1
1240	4.0	311	311	0	0	2/2	4	1		i	e	i		i		i							m	1	1	0, -3, 1		0	0
1244	4.0	312	312	0	0	2/2	4	1		V7	e	i		V7		V		7					Mm7	1	1	1, 5, 2, -1		1	1
1248	4.0	313	313	0	0	2/2	4	1		i	e	i		i		i							m	1	1	0, -3, 1		0	0
1252	4.0	314	314	0	0	2/2	4	1		V7/iv	e	i		V7/iv		V		7		iv			Mm7	1	1	0, 4, 1, -2		0	0
1256	4.0	315	315	0	0	2/2	4	1		V(64)/iv	e	i		V(64)/iv		V			64	iv			M	1	1	0, -1, -4		0	0
1260	4.0	316	316	0	0	2/2	4	1		iv	e	i		iv		iv							m	1	1	-1, -4, 0		-1	-1
1264	2.0	317	317	0	0	2/2	4	1		V7	e	i		V7		V		7					Mm7	1	1	1, 5, 2, -1		1	1
1266	2.0	317	317	1/2	1/2	2/2	4	1		V/iv	e	i		V/iv		V				iv			M	1	1	0, 4, 1		0	0
1268	4.0	318	318	0	0	2/2	4	1		V7/iv	e	i		V7/iv		V		7		iv			Mm7	1	1	0, 4, 1, -2		0	0
1272	4.0	319	319	0	0	2/2	4	1		V(64)/iv	e	i		V(64)/iv		V			64	iv			M	1	1	0, -1, -4		0	0
1276	4.0	320	320	0	0	2/2	4	1		iv	e	i		iv		iv							m	1	1	-1, -4, 0		-1	-1
1280	2.0	321	321	0	0	2/2	4	1		v7	e	i		v7		v		7					mm7	1	1	1, -2, 2, -1		1	1
1282	2.0	321	321	1/2	1/2	2/2	4	1		bIII2	e	i		bIII2		bIII		2					Mm7	1	1	-12, -10, -6, -9		-10	-12
1284	4.0	322	322	0	0	2/2	4	1		iii	e	i		iii		iii							m	1	1	-3, -6, -2		-3	-3
1288	2.0	323	323	0	0	2/2	4	1		#vio43	e	i		#vio43		#vi	o	43					o7	1	1	-3, -6, 3, 0		3	-3
1290	2.0	323	323	1/2	1/2	2/2	4	1		V65/vii	e	i		V65/vii		V		65		vii			Mm7	1	1	3, 0, -3, -1		-1	3
1292	2.0	324	324	0	0	2/2	4	1		vii	e	i		vii		vii							m	1	1	-2, -5, -1		-2	-2
1294	4.0	324	324	1/2	1/2	2/2	4	1		vo7	e	i		vo7		v	o	7					o7	1	1	1, -2, -5, -8		1	1
1298	2.0	325	325	1/2	1/2	2/2	4	1		V65/VI	e	i		V65/VI		V		65		VI			Mm7	1	1	1, -2, -5, -3		-3	1
1300	2.0	326	326	0	0	2/2	4	1		VI	e	i		VI		VI							M	1	1	-4, 0, -3		-4	-4
1302	2.0	326	326	1/2	1/2	2/2	4	1		VI6	e	i		VI6		VI		6					M	1	1	0, -3, -4		-4	0
1304	3.0	327	327	0	0	2/2	4	1		viio7/V	e	i		viio7/V		vii	o	7		V			o7	1	1	6, 3, 0, -3		6	6
1307	1.0	327	327	3/4	3/4	2/2	4	1		V	e	i		V		V							M	1	1	1, 5, 2		1	1
1308	4.0	328	328	0	0	2/2	4	1		V\\	e	i		V		V						\\	M	1	1	1, 5, 2		1	1
1312	4.0	329	329	0	0	2/2	4	1		V7	e	i		V7		V		7					Mm7	1	1	1, 5, 2, -1		1	1
1316	8.0	330	330	0	0	2/2	4	1		i64	e	i		i64		i		64					m	1	1	1, 0, -3		0	1
1324	6.0	332	332	0	0	2/2	4	1		V7	e	i		V7		V		7					Mm7	1	1	1, 5, 2, -1		1	1
1330	2.0	333	333	1/2	1/2	2/2	4	1		V	e	i		V		V							M	1	1	1, 5, 2		1	1
1332	8.0	334	334	0	0	2/2	4	1		i64	e	i		i64		i		64					m	1	1	1, 0, -3		0	1
1340	4.0	336	336	0	0	2/2	4	1		#viio	e	i		#viio		#vii	o						o	1	1	5, 2, -1		5	5
1344	4.0	337	337	0	0	2/2	4	1		#viio6	e	i		#viio6		#vii	o	6					o	1	1	2, -1, 5		5	2
1348	4.0	338	338	0	0	2/2	4	1		i	e	i		i		i							m	1	1	0, -3, 1		0	0
1352	4.0	339	339	0	0	2/2	4	1		i6	e	i		i6		i		6					m	1	1	-3, 1, 0		0	-3
1356	16.0	340	340	0	0	2/2	4	1		bII6	e	i		bII6		bII		6					M	1	1	-1, -4, -5		-5	-1
1372	4.0	344	344	0	0	2/2	4	1		V[V	e	i	V	V		V							M	1	1	1, 5, 2		1	1
1376	6.0	345	345	0	0	2/2	4	1		i6	e	i	V	i6		i		6					m	1	1	-3, 1, 0		0	-3
1382	2.0	346	346	1/2	1/2	2/2	4	1		V64	e	i	V	V64		V		64					M	1	1	2, 1, 5		1	2
1384	2.0	347	347	0	0	2/2	4	1		i6]	e	i	V	i6		i		6					m	1	1	-3, 1, 0		0	-3
1386	2.0	347	347	1/2	1/2	2/2	4	1		V2/bII	e	i		V2/bII		V		2		bII			Mm7	1	1	-6, -4, 0, -3		-4	-6
1388	16.0	348	348	0	0	2/2	4	1		bII6	e	i		bII6		bII		6					M	1	1	-1, -4, -5		-5	-1
1404	4.0	352	352	0	0	2/2	4	1		V[V	e	i	V	V		V							M	1	1	1, 5, 2		1	1
1408	6.0	353	353	0	0	2/2	4	1		i6	e	i	V	i6		i		6					m	1	1	-3, 1, 0		0	-3
1414	2.0	354	354	1/2	1/2	2/2	4	1		V6	e	i	V	V6		V		6					M	1	1	5, 2, 1		1	5
1416	2.0	355	355	0	0	2/2	4	1		i6]	e	i	V	i6		i		6					m	1	1	-3, 1, 0		0	-3
1418	2.0	355	355	1/2	1/2	2/2	4	1		V2/bII	e	i		V2/bII		V		2		bII			Mm7	1	1	-6, -4, 0, -3		-4	-6
1420	2.0	356	356	0	0	2/2	4	1		bII6	e	i		bII6		bII		6					M	1	1	-1, -4, -5		-5	-1
1422	2.0	356	356	1/2	1/2	2/2	4	1		V2/bI	e	i		V2/bI		V		2		bI			Mm7	1	1	-8, -6, -2, -5		-6	-8
1424	2.0	357	357	0	0	2/2	4	1		bI6	e	i		bI6		bI		6					M	1	1	-3, -6, -7		-7	-3
1426	2.0	357	357	1/2	1/2	2/2	4	1		Ger6/bv	e	i		Ger6/bv	Ger	vii	o	65	b3	V/bv			Ger	1	1	-10, -6, -9, 0		0	-10
1428	2.0	358	358	0	0	2/2	4	1		bv64	e	i		bv64		bv		64					m	1	1	-5, -6, -9		-6	-5
1430	2.0	358	358	1/2	1/2	2/2	4	1		V2/V	e	i		V2/V		V		2		V			Mm7	1	1	0, 2, 6, 3		2	0
1432	2.0	359	359	0	0	2/2	4	1		V65(2)	e	i		V65(2)		V		65	2				Mm7	1	1	5, 2, -1, -4		1	5
1434	2.0	359	359	1/2	1/2	2/2	4	1		V65	e	i		V65		V		65					Mm7	1	1	5, 2, -1, 1		1	5
1436	2.0	360	360	0	0	2/2	4	1		i(9)	e	i		i(9)		i			9				m	1	1	0, -3, 1	2	0	0
1438	2.0	360	360	1/2	1/2	2/2	4	1		i\\	e	i		i		i						\\	m	1	1	0, -3, 1		0	0
1440	4.0	361	361	0	0	2/2	4	1		VI	e	i		VI		VI							M	1	1	-4, 0, -3		-4	-4
1444	4.0	362	362	0	0	2/2	4	1		ii%65	e	i		ii%65		ii	%	65					%7	1	1	-1, -4, 0, 2		2	-1
1448	4.0	363	363	0	0	2/2	4	1		V	e	i		V		V							M	1	1	1, 5, 2		1	1
1452	4.0	364	364	0	0	2/2	4	1		i\\	e	i		i		i						\\	m	1	1	0, -3, 1		0	0
1456	4.0	365	365	0	0	2/2	4	1		VI	e	i		VI		VI							M	1	1	-4, 0, -3		-4	-4
1460	4.0	366	366	0	0	2/2	4	1		ii%65	e	i		ii%65		ii	%	65					%7	1	1	-1, -4, 0, 2		2	-1
1464	4.0	367	367	0	0	2/2	4	1		V	e	i		V		V							M	1	1	1, 5, 2		1	1
1468	2.0	368	368	0	0	2/2	4	1		i\\	e	i		i		i						\\	m	1	1	0, -3, 1		0	0
1470	6.0	368	368	1/2	1/2	2/2	4	1		i	e	i		i		i							m	1	1	0, -3, 1		0	0
1476	4.0	370	370	0	0	2/2	4	1		VI.V43	e	VI		V43		V		43					Mm7	1	0	2, -1, 1, 5		1	2
1480	4.0	371	371	0	0	2/2	4	1		V7	e	VI		V7		V		7					Mm7	1	0	1, 5, 2, -1		1	1
1484	6.0	372	372	0	0	2/2	4	1		I	e	VI		I		I							M	1	0	0, 4, 1		0	0
1490	2.0	373	373	1/2	1/2	2/2	4	1		I(64)	e	VI		I(64)		I			64				M	1	0	0, -1, 3		0	0
1492	6.0	374	374	0	0	2/2	4	1		I	e	VI		I		I							M	1	0	0, 4, 1		0	0
1498	2.0	375	375	1/2	1/2	2/2	4	1		I(64)	e	VI		I(64)		I			64				M	1	0	0, -1, 3		0	0
1500	3.5	376	376	0	0	2/2	4	1		I[I6	e	VI	I	I6		I		6					M	1	0	4, 1, 0		0	4
3007/2	0.5	376	376	7/8	7/8	2/2	4	1		ii7	e	VI	I	ii7		ii		7					mm7	1	0	2, -1, 3, 0		2	2
1504	1.5	377	377	0	0	2/2	4	1		I	e	VI	I	I		I							M	1	0	0, 4, 1		0	0
3011/2	0.5	377	377	3/8	3/8	2/2	4	1		ii7	e	VI	I	ii7		ii		7					mm7	1	0	2, -1, 3, 0		2	2
1506	1.5	377	377	1/2	1/2	2/2	4	1		I6	e	VI	I	I6		I		6					M	1	0	4, 1, 0		0	4
3015/2	0.5	377	377	7/8	7/8	2/2	4	1		iii]	e	VI	I	iii		iii							m	1	0	4, 1, 5		4	4
1508	2.0	378	378	0	0	2/2	4	1		i.iv6	e	i		iv6		iv		6					m	1	1	-4, 0, -1		-1	-4
1510	4.0	378	378	1/2	1/2	2/2	4	1		V	e	i		V		V							M	1	1	1, 5, 2		1	1
1514	3.0	379	379	1/2	1/2	2/2	4	1		V2(2)	e	i		V2(2)		V		2	2				Mm7	1	1	-1, -4, 5, 2		1	-1
1517	1.0	380	380	1/4	1/4	2/2	4	1		V2	e	i		V2		V		2					Mm7	1	1	-1, 1, 5, 2		1	-1
1518	2.0	380	380	1/2	1/2	2/2	4	1		i6	e	i		i6		i		6					m	1	1	-3, 1, 0		0	-3
1520	2.0	381	381	0	0	2/2	4	1		#viio64	e	i		#viio64		#vii	o	64					o	1	1	-1, 5, 2		5	-1
1522	2.0	381	381	1/2	1/2	2/2	4	1		i	e	i		i		i							m	1	1	0, -3, 1		0	0
1524	2.0	382	382	0	0	2/2	4	1		iv6	e	i		iv6		iv		6					m	1	1	-4, 0, -1		-1	-4
1526	2.0	382	382	1/2	1/2	2/2	4	1		#viio6/iv	e	i		#viio6/iv		#vii	o	6		iv			o	1	1	1, -2, 4		4	1
1528	1.5	383	383	0	0	2/2	4	1		iv	e	i		iv		iv							m	1	1	-1, -4, 0		-1	-1
3059/2	0.5	383	383	3/8	3/8	2/2	4	1		iio6	e	i		iio6		ii	o	6					o	1	1	-1, -4, 2		2	-1
1530	2.0	383	383	1/2	1/2	2/2	4	1		V7	e	i		V7		V		7					Mm7	1	1	1, 5, 2, -1		1	1
1532	1.0	384	384	0	0	2/2	4	1		i\\	e	i		i		i						\\	m	1	1	0, -3, 1		0	0
1533	1.0	384	384	1/4	1/4	2/2	4	1		i	e	i		i		i							m	1	1	0, -3, 1		0	0
1534	2.0	384	384	1/2	1/2	2/2	4	1		i(64)	e	i		i(64)		i			64				m	1	1	0, -1, -4		0	0
1536	6.0	385	385	0	0	2/2	4	1		i	e	i		i		i							m	1	1	0, -3, 1		0	0
1542	2.0	386	386	1/2	1/2	2/2	4	1		i(64)	e	i		i(64)		i			64				m	1	1	0, -1, -4		0	0
1544	7.5	387	387	0	0	2/2	4	1		i	e	i		i		i							m	1	1	0, -3, 1		0	0
3103/2	0.5	388	388	7/8	7/8	2/2	4	1		i(6+4)	e	i		i(6+4)		i			6+4				m	1	1	0, -3, -4	-1	0	0
1552	7.5	389	389	0	0	2/2	4	1		i	e	i		i		i							m	1	1	0, -3, 1		0	0
3119/2	0.5	390	390	7/8	7/8	2/2	4	1		i(6+4)	e	i		i(6+4)		i			6+4				m	1	1	0, -3, -4	-1	0	0
1560	3.5	391	391	0	0	2/2	4	1		i	e	i		i		i							m	1	1	0, -3, 1		0	0
3127/2	0.5	391	391	7/8	7/8	2/2	4	1		i(64)	e	i		i(64)		i			64				m	1	1	0, -1, -4		0	0
1564	3.5	392	392	0	0	2/2	4	1		i	e	i		i		i							m	1	1	0, -3, 1		0	0
3135/2	0.5	392	392	7/8	7/8	2/2	4	1		V7	e	i		V7		V		7					Mm7	1	1	1, 5, 2, -1		1	1
1568	3.5	393	393	0	0	2/2	4	1		i	e	i		i		i							m	1	1	0, -3, 1		0	0
3143/2	0.5	393	393	7/8	7/8	2/2	4	1		V7	e	i		V7		V		7					Mm7	1	1	1, 5, 2, -1		1	1
1572	3.5	394	394	0	0	2/2	4	1		i	e	i		i		i							m	1	1	0, -3, 1		0	0
3151/2	0.5	394	394	7/8	7/8	2/2	4	1		V7	e	i		V7		V		7					Mm7	1	1	1, 5, 2, -1		1	1
1576	3.5	395	395	0	0	2/2	4	1		i	e	i		i		i							m	1	1	0, -3, 1		0	0
3159/2	0.5	395	395	7/8	7/8	2/2	4	1		V7/bII	e	i		V7/bII		V		7		bII			Mm7	1	1	-4, 0, -3, -6		-4	-4
1580	3.5	396	396	0	0	2/2	4	1		bII	e	i		bII		bII							M	1	1	-5, -1, -4		-5	-5
3167/2	0.5	396	396	7/8	7/8	2/2	4	1		V7/III	e	i		V7/III		V		7		III			Mm7	1	1	-2, 2, -1, -4		-2	-2
1584	1.5	397	397	0	0	2/2	4	1		III	e	i		III		III							M	1	1	-3, 1, -2		-3	-3
3171/2	0.5	397	397	3/8	3/8	2/2	4	1		V7/iv	e	i		V7/iv		V		7		iv			Mm7	1	1	0, 4, 1, -2		0	0
1586	1.5	397	397	1/2	1/2	2/2	4	1		iv	e	i		iv		iv							m	1	1	-1, -4, 0		-1	-1
3175/2	0.5	397	397	7/8	7/8	2/2	4	1		V7/v	e	i		V7/v		V		7		v			Mm7	1	1	2, 6, 3, 0		2	2
1588	1.5	398	398	0	0	2/2	4	1		v	e	i		v		v							m	1	1	1, -2, 2		1	1
3179/2	0.5	398	398	3/8	3/8	2/2	4	1		V7/VI	e	i		V7/VI		V		7		VI			Mm7	1	1	-3, 1, -2, -5		-3	-3
1590	1.5	398	398	1/2	1/2	2/2	4	1		VI	e	i		VI		VI							M	1	1	-4, 0, -3		-4	-4
3183/2	0.5	398	398	7/8	7/8	2/2	4	1		V7/vii	e	i		V7/vii		V		7		vii			Mm7	1	1	-1, 3, 0, -3		-1	-1
1592	1.5	399	399	0	0	2/2	4	1		vii	e	i		vii		vii							m	1	1	-2, -5, -1		-2	-2
3187/2	0.5	399	399	3/8	3/8	2/2	4	1		V7	e	i		V7		V		7					Mm7	1	1	1, 5, 2, -1		1	1
1594	1.5	399	399	1/2	1/2	2/2	4	1		i	e	i		i		i							m	1	1	0, -3, 1		0	0
3191/2	0.5	399	399	7/8	7/8	2/2	4	1		V7	e	i		V7		V		7					Mm7	1	1	1, 5, 2, -1		1	1
1596	1.5	400	400	0	0	2/2	4	1		i	e	i		i		i							m	1	1	0, -3, 1		0	0
3195/2	0.5	400	400	3/8	3/8	2/2	4	1		V7	e	i		V7		V		7					Mm7	1	1	1, 5, 2, -1		1	1
1598	1.5	400	400	1/2	1/2	2/2	4	1		i	e	i		i		i							m	1	1	0, -3, 1		0	0
3199/2	0.5	400	400	7/8	7/8	2/2	4	1		V7	e	i		V7		V		7					Mm7	1	1	1, 5, 2, -1		1	1
1600	1.5	401	401	0	0	2/2	4	1		i	e	i		i		i							m	1	1	0, -3, 1		0	0
3203/2	0.5	401	401	3/8	3/8	2/2	4	1		V	e	i		V		V							M	1	1	1, 5, 2		1	1
1602	1.5	401	401	1/2	1/2	2/2	4	1		i	e	i		i		i							m	1	1	0, -3, 1		0	0
3207/2	0.5	401	401	7/8	7/8	2/2	4	1		V	e	i		V		V							M	1	1	1, 5, 2		1	1
1604	1.5	402	402	0	0	2/2	4	1		i	e	i		i		i							m	1	1	0, -3, 1		0	0
3211/2	0.5	402	402	3/8	3/8	2/2	4	1		V	e	i		V		V							M	1	1	1, 5, 2		1	1
1606	1.5	402	402	1/2	1/2	2/2	4	1		i	e	i		i		i							m	1	1	0, -3, 1		0	0
3215/2	0.5	402	402	7/8	7/8	2/2	4	1		V	e	i		V		V							M	1	1	1, 5, 2		1	1
1608	1.5	403	403	0	0	2/2	4	1		i	e	i		i		i							m	1	1	0, -3, 1		0	0
3219/2	0.5	403	403	3/8	3/8	2/2	4	1		V	e	i		V		V							M	1	1	1, 5, 2		1	1
1610	1.5	403	403	1/2	1/2	2/2	4	1		i	e	i		i		i							m	1	1	0, -3, 1		0	0
3223/2	0.5	403	403	7/8	7/8	2/2	4	1		V	e	i		V		V							M	1	1	1, 5, 2		1	1
1612	1.5	404	404	0	0	2/2	4	1		i	e	i		i		i							m	1	1	0, -3, 1		0	0
3227/2	0.5	404	404	3/8	3/8	2/2	4	1		V	e	i		V		V							M	1	1	1, 5, 2		1	1
1614	1.5	404	404	1/2	1/2	2/2	4	1		i	e	i		i		i							m	1	1	0, -3, 1		0	0
3231/2	0.5	404	404	7/8	7/8	2/2	4	1		V	e	i		V		V							M	1	1	1, 5, 2		1	1
1616	2.0	405	405	0	0	2/2	4	1		i	e	i		i		i							m	1	1	0, -3, 1		0	0
1618	2.0	405	405	1/2	1/2	2/2	4	1		V7	e	i		V7		V		7					Mm7	1	1	1, 5, 2, -1		1	1
1620	2.0	406	406	0	0	2/2	4	1		i	e	i		i		i							m	1	1	0, -3, 1		0	0
1622	2.0	406	406	1/2	1/2	2/2	4	1		V7	e	i		V7		V		7					Mm7	1	1	1, 5, 2, -1		1	1
1624	4.0	407	407	0	0	2/2	4	1		i	e	i		i		i							m	1	1	0, -3, 1		0	0
1628	4.0	408	408	0	0	2/2	4	1		V	e	i		V		V							M	1	1	1, 5, 2		1	1
1632	4.0	409	409	0	0	2/2	4	1		i\\	e	i		i		i						\\	m	1	1	0, -3, 1		0	0
