quarterbeats	duration_qb	mc	mn	mc_onset	mn_onset	timesig	staff	voice	volta	label	alt_label	globalkey	localkey	pedal	chord	special	numeral	form	figbass	changes	relativeroot	cadence	phraseend	chord_type	globalkey_is_minor	localkey_is_minor	chord_tones	added_tones	root	bass_note
0	1.0	1	0	0	1/2	3/4	4	1		Bb.I		Bb	I		I		I							M	0	0	0, 4, 1		0	0
1	1.5	2	1	0	0	3/4	4	1		V6		Bb	I		V6		V		6					M	0	0	5, 2, 1		1	5
5/2	0.5	2	1	3/8	3/8	3/4	4	1		V2/IV		Bb	I		V2/IV		V		2		IV			Mm7	0	0	-2, 0, 4, 1		0	-2
3	0.5	2	1	1/2	1/2	3/4	4	1		IV6		Bb	I		IV6		IV		6					M	0	0	3, 0, -1		-1	3
7/2	0.5	2	1	5/8	5/8	3/4	4	1		ii		Bb	I		ii		ii							m	0	0	2, -1, 3		2	2
4	1.0	3	2	0	0	3/4	4	1		I6		Bb	I		I6		I		6					M	0	0	4, 1, 0		0	4
5	1.0	3	2	1/4	1/4	3/4	4	1		V		Bb	I		V		V							M	0	0	1, 5, 2		1	1
6	1.0	3	2	1/2	1/2	3/4	4	1		I		Bb	I		I		I							M	0	0	0, 4, 1		0	0
7	1.5	4	3	0	0	3/4	4	1		V43		Bb	I		V43		V		43					Mm7	0	0	2, -1, 1, 5		1	2
17/2	0.5	4	3	3/8	3/8	3/4	4	1		#viio65/ii		Bb	I		#viio65/ii		#vii	o	65		ii			o7	0	0	4, 1, -2, 7		7	4
9	0.5	4	3	1/2	1/2	3/4	4	1		ii6		Bb	I		ii6		ii		6					m	0	0	-1, 3, 2		2	-1
19/2	1.5	4	3	5/8	5/8	3/4	4	1		V7		Bb	I		V7		V		7					Mm7	0	0	1, 5, 2, -1		1	1
11	1.5	5	4	1/4	1/4	3/4	4	1		I\\		Bb	I		I		I						\\	M	0	0	0, 4, 1		0	0
25/2	1.5	5	4	5/8	5/8	3/4	4	1		V6		Bb	I		V6		V		6					M	0	0	5, 2, 1		1	5
14	1.5	6	5	1/4	1/4	3/4	4	1		vi7		Bb	I		vi7		vi		7					mm7	0	0	3, 0, 4, 1		3	3
31/2	1.5	6	5	5/8	5/8	3/4	4	1		V43/V		Bb	I		V43/V		V		43		V			Mm7	0	0	3, 0, 2, 6		2	3
17	1.5	7	6	1/4	1/4	3/4	4	1		V7/V		Bb	I		V7/V		V		7		V			Mm7	0	0	2, 6, 3, 0		2	2
37/2	0.25	7	6	5/8	5/8	3/4	4	1		V(9+#74)		Bb	I		V(9+#74)		V			9+#74				M	0	0	1, 0, 2	3, 6	1	1
75/4	0.25	7	6	11/16	11/16	3/4	4	1		V		Bb	I		V		V							M	0	0	1, 5, 2		1	1
19	3.0	8	7	0	0	3/4	4	1		V\\		Bb	I		V		V						\\	M	0	0	1, 5, 2		1	1
22	1.0	9	8	0	0	3/4	4	1		V65/ii		Bb	I		V65/ii		V		65		ii			Mm7	0	0	7, 4, 1, 3		3	7
23	0.5	9	8	1/4	1/4	3/4	4	1		ii		Bb	I		ii		ii							m	0	0	2, -1, 3		2	2
47/2	0.5	9	8	3/8	3/8	3/4	4	1		V6/ii		Bb	I		V6/ii		V		6		ii			M	0	0	7, 4, 3		3	7
24	0.5	9	8	1/2	1/2	3/4	4	1		ii		Bb	I		ii		ii							m	0	0	2, -1, 3		2	2
49/2	0.5	9	8	5/8	5/8	3/4	4	1		V2/V		Bb	I		V2/V		V		2		V			Mm7	0	0	0, 2, 6, 3		2	0
25	0.5	10	9	0	0	3/4	4	1		V6(4)		Bb	I		V6(4)		V		6	4				M	0	0	0, 2, 1		1	0
51/2	1.0	10	9	1/8	1/8	3/4	4	1		V6		Bb	I		V6		V		6					M	0	0	5, 2, 1		1	5
53/2	1.0	10	9	3/8	3/8	3/4	4	1		V		Bb	I		V		V							M	0	0	1, 5, 2		1	1
55/2	0.5	10	9	5/8	5/8	3/4	4	1		V/vi		Bb	I		V/vi		V				vi			M	0	0	4, 8, 5		4	4
28	0.5	11	10	0	0	3/4	4	1		IV		Bb	I		IV		IV							M	0	0	-1, 3, 0		-1	-1
57/2	0.5	11	10	1/8	1/8	3/4	4	1		#viio/ii		Bb	I		#viio/ii		#vii	o			ii			o	0	0	7, 4, 1		7	7
29	0.5	11	10	1/4	1/4	3/4	4	1		ii(+4)		Bb	I		ii(+4)		ii			+4				m	0	0	2, -1, 3	1	2	2
59/2	0.5	11	10	3/8	3/8	3/4	4	1		#viio6/ii		Bb	I		#viio6/ii		#vii	o	6		ii			o	0	0	4, 1, 7		7	4
30	0.5	11	10	1/2	1/2	3/4	4	1		ii6		Bb	I		ii6		ii		6					m	0	0	-1, 3, 2		2	-1
61/2	1.0	11	10	5/8	5/8	3/4	4	1		viio/V		Bb	I		viio/V		vii	o			V			o	0	0	6, 3, 0		6	6
63/2	0.5	12	11	1/8	1/8	3/4	4	1		V		Bb	I		V		V							M	0	0	1, 5, 2		1	1
32	0.5	12	11	1/4	1/4	3/4	4	1		V2(9)		Bb	I		V2(9)		V		2	9				Mm7	0	0	-1, 1, 5, 2	3	1	-1
65/2	0.5	12	11	3/8	3/8	3/4	4	1		I6		Bb	I		I6		I		6					M	0	0	4, 1, 0		0	4
33	0.5	12	11	1/2	1/2	3/4	4	1		V65/IV		Bb	I		V65/IV		V		65		IV			Mm7	0	0	4, 1, -2, 0		0	4
67/2	0.5	12	11	5/8	5/8	3/4	4	1		#viio65/ii		Bb	I		#viio65/ii		#vii	o	65		ii			o7	0	0	4, 1, -2, 7		7	4
34	0.5	13	12	0	0	3/4	4	1		ii6		Bb	I		ii6		ii		6					m	0	0	-1, 3, 2		2	-1
69/2	0.5	13	12	1/8	1/8	3/4	4	1		V65/V		Bb	I		V65/V		V		65		V			Mm7	0	0	6, 3, 0, 2		2	6
35	0.5	13	12	1/4	1/4	3/4	4	1		v		Bb	I		v		v							m	0	0	1, -2, 2		1	1
71/2	0.5	13	12	3/8	3/8	3/4	4	1		V43/V		Bb	I		V43/V		V		43		V			Mm7	0	0	3, 0, 2, 6		2	3
36	0.5	13	12	1/2	1/2	3/4	4	1		v6		Bb	I		v6		v		6					m	0	0	-2, 2, 1		1	-2
73/2	1.0	13	12	5/8	5/8	3/4	4	1		viio7		Bb	I		viio7		vii	o	7					o7	0	0	5, 2, -1, -4		5	5
75/2	0.5	14	13	1/8	1/8	3/4	4	1		I[I64		Bb	I	I	I64		I		64					M	0	0	1, 0, 4		0	1
38	0.5	14	13	1/4	1/4	3/4	4	1		viio43		Bb	I	I	viio43		vii	o	43					o7	0	0	-1, -4, 5, 2		5	-1
77/2	0.5	14	13	3/8	3/8	3/4	4	1		I6]		Bb	I	I	I6		I		6					M	0	0	4, 1, 0		0	4
39	0.5	14	13	1/2	1/2	3/4	4	1		V43		Bb	I		V43		V		43					Mm7	0	0	2, -1, 1, 5		1	2
79/2	0.5	14	13	5/8	5/8	3/4	4	1		V65/IV		Bb	I		V65/IV		V		65		IV			Mm7	0	0	4, 1, -2, 0		0	4
40	0.5	15	14	0	0	3/4	4	1		IV		Bb	I		IV		IV							M	0	0	-1, 3, 0		-1	-1
81/2	0.5	15	14	1/8	1/8	3/4	4	1		IV6		Bb	I		IV6		IV		6					M	0	0	3, 0, -1		-1	3
41	0.5	15	14	1/4	1/4	3/4	4	1		viio2		Bb	I		viio2		vii	o	2					o7	0	0	-4, 5, 2, -1		5	-4
83/2	1.5	15	14	3/8	3/8	3/4	4	1		V\\		Bb	I		V		V						\\	M	0	0	1, 5, 2		1	1
43	4.0	16	15	0	0	4/4	4	1		I		Bb	I		I		I							M	0	0	0, 4, 1		0	0
47	8.0	17	16	0	0	4/4	4	1		V7		Bb	I		V7		V		7					Mm7	0	0	1, 5, 2, -1		1	1
55	3.0	19	18	0	0	4/4	4	1		I6		Bb	I		I6		I		6					M	0	0	4, 1, 0		0	4
58	1.0	19	18	3/4	3/4	4/4	4	1		I		Bb	I		I		I							M	0	0	0, 4, 1		0	0
59	1.0	20	19	0	0	4/4	4	1		I6		Bb	I		I6		I		6					M	0	0	4, 1, 0		0	4
60	2.0	20	19	1/4	1/4	4/4	4	1		I		Bb	I		I		I							M	0	0	0, 4, 1		0	0
62	0.5	20	19	3/4	3/4	4/4	4	1		viio		Bb	I		viio		vii	o						o	0	0	5, 2, -1		5	5
125/2	0.5	20	19	7/8	7/8	4/4	4	1		I		Bb	I		I		I							M	0	0	0, 4, 1		0	0
63	3.0	21	20	0	0	3/4	4	1		V	V.I	Bb	I		V		V							M	0	0	1, 5, 2		1	1
66	1.0	22	21	0	0	3/4	4	1		V65		Bb	I		V65		V		65					Mm7	0	0	5, 2, -1, 1		1	5
67	0.5	22	21	1/4	1/4	3/4	4	1		viio		Bb	I		viio		vii	o						o	0	0	5, 2, -1		5	5
135/2	0.5	22	21	3/8	3/8	3/4	4	1		iv/IV		Bb	I		iv/IV		iv				IV			m	0	0	-2, -5, -1		-2	-2
68	0.5	22	21	1/2	1/2	3/4	4	1		IV6		Bb	I		IV6		IV		6					M	0	0	3, 0, -1		-1	3
137/2	0.5	22	21	5/8	5/8	3/4	4	1		iio6		Bb	I		iio6		ii	o	6					o	0	0	-1, -4, 2		2	-1
69	1.0	23	22	0	0	3/4	4	1		I6		Bb	I		I6		I		6					M	0	0	4, 1, 0		0	4
70	1.0	23	22	1/4	1/4	3/4	4	1		V43		Bb	I		V43		V		43					Mm7	0	0	2, -1, 1, 5		1	2
71	1.0	23	22	1/2	1/2	3/4	4	1		I[I		Bb	I	I	I		I							M	0	0	0, 4, 1		0	0
72	1.0	24	23	0	0	3/4	4	1		V65		Bb	I	I	V65		V		65					Mm7	0	0	5, 2, -1, 1		1	5
73	1.0	24	23	1/4	1/4	3/4	4	1		V2/IV		Bb	I	I	V2/IV		V		2		IV			Mm7	0	0	-2, 0, 4, 1		0	-2
74	0.5	24	23	1/2	1/2	3/4	4	1		IV6		Bb	I	I	IV6		IV		6					M	0	0	3, 0, -1		-1	3
149/2	1.0	24	23	5/8	5/8	3/4	4	1		viio		Bb	I	I	viio		vii	o						o	0	0	5, 2, -1		5	5
151/2	0.5	25	24	1/8	1/8	3/4	4	1		I(64)		Bb	I	I	I(64)		I			64				M	0	0	0, -1, 3		0	0
76	2.0	25	24	1/4	1/4	3/4	4	1		I]		Bb	I	I	I		I							M	0	0	0, 4, 1		0	0
78	1.0	26	25	0	0	4/4	4	1		I		Bb	I		I		I							M	0	0	0, 4, 1		0	0
79	1.0	26	25	1/4	1/4	4/4	4	1		vi		Bb	I		vi		vi							m	0	0	3, 0, 4		3	3
80	1.0	26	25	1/2	1/2	4/4	4	1		IV		Bb	I		IV		IV							M	0	0	-1, 3, 0		-1	-1
81	1.0	26	25	3/4	3/4	4/4	4	1		ii7		Bb	I		ii7		ii		7					mm7	0	0	2, -1, 3, 0		2	2
82	8.0	27	26	0	0	4/4	4	1		V7		Bb	I		V7		V		7					Mm7	0	0	1, 5, 2, -1		1	1
90	3.0	29	28	0	0	4/4	4	1		I6		Bb	I		I6		I		6					M	0	0	4, 1, 0		0	4
93	0.25	29	28	3/4	3/4	4/4	4	1		I		Bb	I		I		I							M	0	0	0, 4, 1		0	0
373/4	0.25	29	28	13/16	13/16	4/4	4	1		I(64)		Bb	I		I(64)		I			64				M	0	0	0, -1, 3		0	0
187/2	0.25	29	28	7/8	7/8	4/4	4	1		I		Bb	I		I		I							M	0	0	0, 4, 1		0	0
375/4	0.25	29	28	15/16	15/16	4/4	4	1		viio		Bb	I		viio		vii	o						o	0	0	5, 2, -1		5	5
94	0.25	30	29	0	0	4/4	4	1		I64		Bb	I		I64		I		64					M	0	0	1, 0, 4		0	1
377/4	0.25	30	29	1/16	1/16	4/4	4	1		V7		Bb	I		V7		V		7					Mm7	0	0	1, 5, 2, -1		1	1
189/2	0.25	30	29	1/8	1/8	4/4	4	1		vi		Bb	I		vi		vi							m	0	0	3, 0, 4		3	3
379/4	0.25	30	29	3/16	3/16	4/4	4	1		viio		Bb	I		viio		vii	o						o	0	0	5, 2, -1		5	5
95	0.25	30	29	1/4	1/4	4/4	4	1		I		Bb	I		I		I							M	0	0	0, 4, 1		0	0
381/4	0.75	30	29	5/16	5/16	4/4	4	1		viio		Bb	I		viio		vii	o						o	0	0	5, 2, -1		5	5
96	0.25	30	29	1/2	1/2	4/4	4	1		V2		Bb	I		V2		V		2					Mm7	0	0	-1, 1, 5, 2		1	-1
385/4	0.25	30	29	9/16	9/16	4/4	4	1		I6		Bb	I		I6		I		6					M	0	0	4, 1, 0		0	4
193/2	0.25	30	29	5/8	5/8	4/4	4	1		viio6		Bb	I		viio6		vii	o	6					o	0	0	2, -1, 5		5	2
387/4	0.25	30	29	11/16	11/16	4/4	4	1		I		Bb	I		I		I							M	0	0	0, 4, 1		0	0
97	0.5	30	29	3/4	3/4	4/4	4	1		viio		Bb	I		viio		vii	o						o	0	0	5, 2, -1		5	5
195/2	1.5	30	29	7/8	7/8	4/4	4	1		I		Bb	I		I		I							M	0	0	0, 4, 1		0	0
99	3.0	31	30	1/4	1/4	4/4	4	1		V7/IV		Bb	I		V7/IV		V		7		IV			Mm7	0	0	0, 4, 1, -2		0	0
102	1.0	32	31	0	0	4/4	4	1		IV[IV6		Bb	I	IV	IV6		IV		6					M	0	0	3, 0, -1		-1	3
103	1.0	32	31	1/4	1/4	4/4	4	1		vi43		Bb	I	IV	vi43		vi		43					mm7	0	0	4, 1, 3, 0		3	4
104	1.0	32	31	1/2	1/2	4/4	4	1		V65/IV		Bb	I	IV	V65/IV		V		65		IV			Mm7	0	0	4, 1, -2, 0		0	4
105	1.0	32	31	3/4	3/4	4/4	4	1		V64/IV]		Bb	I	IV	V64/IV		V		64		IV			M	0	0	1, 0, 4		0	1
106	4.0	33	32	0	0	4/4	4	1		V2/IV		Bb	I		V2/IV		V		2		IV			Mm7	0	0	-2, 0, 4, 1		0	-2
110	4.0	34	33	0	0	4/4	4	1		V43/IV		Bb	I		V43/IV		V		43		IV			Mm7	0	0	1, -2, 0, 4		0	1
114	3.0	35	34	0	0	4/4	4	1		V(64)		Bb	I		V(64)		V			64				M	0	0	1, 0, 4		1	1
117	3.0	35	34	3/4	3/4	4/4	4	1		#viio43/ii		Bb	I		#viio43/ii		#vii	o	43		ii			o7	0	0	1, -2, 7, 4		7	1
120	1.5	36	35	1/2	1/2	4/4	4	1		ii6		Bb	I		ii6		ii		6					m	0	0	-1, 3, 2		2	-1
243/2	0.5	36	35	7/8	7/8	4/4	4	1		ii		Bb	I		ii		ii							m	0	0	2, -1, 3		2	2
122	1.0	37	36	0	0	4/4	4	1		I6		Bb	I		I6		I		6					M	0	0	4, 1, 0		0	4
123	0.5	37	36	1/4	1/4	4/4	4	1		V43		Bb	I		V43		V		43					Mm7	0	0	2, -1, 1, 5		1	2
247/2	0.5	37	36	3/8	3/8	4/4	4	1		I		Bb	I		I		I							M	0	0	0, 4, 1		0	0
124	0.5	37	36	1/2	1/2	4/4	4	1		V(b64)		Bb	I		V(b64)		V			b64				M	0	0	1, 0, -3		1	1
249/2	0.5	37	36	5/8	5/8	4/4	4	1		V(64)		Bb	I		V(64)		V			64				M	0	0	1, 0, 4		1	1
125	1.0	37	36	3/4	3/4	4/4	4	1		V7		Bb	I		V7		V		7					Mm7	0	0	1, 5, 2, -1		1	1
126	0.5	38	37	0	0	4/4	4	1		I\\		Bb	I		I		I						\\	M	0	0	0, 4, 1		0	0
253/2	0.5	38	37	1/8	1/8	4/4	4	1		V+6		Bb	I		V+6		V	+	6					+	0	0	5, 9, 1		1	5
127	0.5	38	37	1/4	1/4	4/4	4	1		I		Bb	I		I		I							M	0	0	0, 4, 1		0	0
255/2	0.5	38	37	3/8	3/8	4/4	4	1		viio6		Bb	I		viio6		vii	o	6					o	0	0	2, -1, 5		5	2
128	0.5	38	37	1/2	1/2	4/4	4	1		I6		Bb	I		I6		I		6					M	0	0	4, 1, 0		0	4
257/2	0.5	38	37	5/8	5/8	4/4	4	1		V64/IV		Bb	I		V64/IV		V		64		IV			M	0	0	1, 0, 4		0	1
129	0.5	38	37	3/4	3/4	4/4	4	1		IV		Bb	I		IV		IV							M	0	0	-1, 3, 0		-1	-1
259/2	0.5	38	37	7/8	7/8	4/4	4	1		V64/IV		Bb	I		V64/IV		V		64		IV			M	0	0	1, 0, 4		0	1
130	0.5	39	38	0	0	4/4	4	1		IV6		Bb	I		IV6		IV		6					M	0	0	3, 0, -1		-1	3
261/2	0.5	39	38	1/8	1/8	4/4	4	1		#viio(+4)/ii		Bb	I		#viio(+4)/ii		#vii	o		+4	ii			o	0	0	7, 4, 1	-1	7	7
131	0.5	39	38	1/4	1/4	4/4	4	1		ii6		Bb	I		ii6		ii		6					m	0	0	-1, 3, 2		2	-1
263/2	0.5	39	38	3/8	3/8	4/4	4	1		viio/V		Bb	I		viio/V		vii	o			V			o	0	0	6, 3, 0		6	6
132	0.5	39	38	1/2	1/2	4/4	4	1		V		Bb	I		V		V							M	0	0	1, 5, 2		1	1
265/2	0.5	39	38	5/8	5/8	4/4	4	1		viio6/V		Bb	I		viio6/V		vii	o	6		V			o	0	0	3, 0, 6		6	3
133	0.5	39	38	3/4	3/4	4/4	4	1		V6		Bb	I		V6		V		6					M	0	0	5, 2, 1		1	5
267/2	0.5	39	38	7/8	7/8	4/4	4	1		V7		Bb	I		V7		V		7					Mm7	0	0	1, 5, 2, -1		1	1
134	0.5	40	39	0	0	4/4	4	1		I\\		Bb	I		I		I						\\	M	0	0	0, 4, 1		0	0
269/2	0.5	40	39	1/8	1/8	4/4	4	1		V+6		Bb	I		V+6		V	+	6					+	0	0	5, 9, 1		1	5
135	0.5	40	39	1/4	1/4	4/4	4	1		I		Bb	I		I		I							M	0	0	0, 4, 1		0	0
271/2	0.5	40	39	3/8	3/8	4/4	4	1		viio6		Bb	I		viio6		vii	o	6					o	0	0	2, -1, 5		5	2
136	0.5	40	39	1/2	1/2	4/4	4	1		I6		Bb	I		I6		I		6					M	0	0	4, 1, 0		0	4
273/2	0.5	40	39	5/8	5/8	4/4	4	1		V65/IV		Bb	I		V65/IV		V		65		IV			Mm7	0	0	4, 1, -2, 0		0	4
137	0.5	40	39	3/4	3/4	4/4	4	1		IV		Bb	I		IV		IV							M	0	0	-1, 3, 0		-1	-1
275/2	0.5	40	39	7/8	7/8	4/4	4	1		V64/IV		Bb	I		V64/IV		V		64		IV			M	0	0	1, 0, 4		0	1
138	0.5	41	40	0	0	4/4	4	1		IV6		Bb	I		IV6		IV		6					M	0	0	3, 0, -1		-1	3
277/2	0.5	41	40	1/8	1/8	4/4	4	1		#viio6/ii		Bb	I		#viio6/ii		#vii	o	6		ii			o	0	0	4, 1, 7		7	4
139	0.5	41	40	1/4	1/4	4/4	4	1		ii6		Bb	I		ii6		ii		6					m	0	0	-1, 3, 2		2	-1
279/2	0.5	41	40	3/8	3/8	4/4	4	1		viio/V		Bb	I		viio/V		vii	o			V			o	0	0	6, 3, 0		6	6
140	0.5	41	40	1/2	1/2	4/4	4	1		V		Bb	I		V		V							M	0	0	1, 5, 2		1	1
281/2	0.5	41	40	5/8	5/8	4/4	4	1		viio6/V		Bb	I		viio6/V		vii	o	6		V			o	0	0	3, 0, 6		6	3
141	1.0	41	40	3/4	3/4	4/4	4	1		V65		Bb	I		V65		V		65					Mm7	0	0	5, 2, -1, 1		1	5
142	1.0	42	41	0	0	4/4	4	1		I\\		Bb	I		I		I						\\	M	0	0	0, 4, 1		0	0
143	1.0	42	41	1/4	1/4	4/4	4	1		I		Bb	I		I		I							M	0	0	0, 4, 1		0	0
144	2.0	42	41	1/2	1/2	4/4	4	1		V6		Bb	I		V6		V		6					M	0	0	5, 2, 1		1	5
146	2.0	43	42	0	0	4/4	4	1		I		Bb	I		I		I							M	0	0	0, 4, 1		0	0
148	2.0	43	42	1/2	1/2	4/4	4	1		V6		Bb	I		V6		V		6					M	0	0	5, 2, 1		1	5
150	2.5	44	43	0	0	4/4	4	1		I		Bb	I		I		I							M	0	0	0, 4, 1		0	0
305/2	1.5	44	43	5/8	5/8	4/4	4	1		vi6		Bb	I		vi6		vi		6					m	0	0	0, 4, 3		3	0
154	0.5	45	44	0	0	4/4	4	1		vi		Bb	I		vi		vi							m	0	0	3, 0, 4		3	3
309/2	1.5	45	44	1/8	1/8	4/4	4	1		viio6/V		Bb	I		viio6/V		vii	o	6		V			o	0	0	3, 0, 6		6	3
156	2.0	45	44	1/2	1/2	4/4	4	1		V7/V		Bb	I		V7/V		V		7		V			Mm7	0	0	2, 6, 3, 0		2	2
158	2.0	46	45	0	0	4/4	4	1		V		Bb	I		V		V							M	0	0	1, 5, 2		1	1
160	2.5	46	45	1/2	1/2	4/4	4	1		V7		Bb	I		V7		V		7					Mm7	0	0	1, 5, 2, -1		1	1
325/2	3.0	47	46	1/8	1/8	4/4	4	1		I6		Bb	I		I6		I		6					M	0	0	4, 1, 0		0	4
331/2	0.5	47	46	7/8	7/8	4/4	4	1		V/V		Bb	I		V/V		V				V			M	0	0	2, 6, 3		2	2
166	2.0	48	47	0	0	4/4	4	1		V		Bb	I		V		V							M	0	0	1, 5, 2		1	1
168	2.5	48	47	1/2	1/2	4/4	4	1		V7		Bb	I		V7		V		7					Mm7	0	0	1, 5, 2, -1		1	1
341/2	3.5	49	48	1/8	1/8	4/4	4	1		I6		Bb	I		I6		I		6					M	0	0	4, 1, 0		0	4
174	4.0	50	49	0	0	4/4	4	1		V		Bb	I		V		V							M	0	0	1, 5, 2		1	1
178	4.0	51	50	0	0	4/4	4	1		V65/V		Bb	I		V65/V		V		65		V			Mm7	0	0	6, 3, 0, 2		2	6
182	1.0	52	51	0	0	4/4	4	1		V		Bb	I		V		V							M	0	0	1, 5, 2		1	1
183	7.0	52	51	1/4	1/4	4/4	4	1		@none		Bb	I		@none		@none							m	0	0				
190	4.0	54	53	0	0	4/4	4	1		bVI.V		Bb	bVI		V		V							M	0	0	1, 5, 2		1	1
194	4.0	55	54	0	0	4/4	4	1		iii		Bb	bVI		iii		iii							m	0	0	4, 1, 5		4	4
198	2.0	56	55	0	0	4/4	4	1		I[I		Bb	bVI	I	I		I							M	0	0	0, 4, 1		0	0
200	2.0	56	55	1/2	1/2	4/4	4	1		viio7/V		Bb	bVI	I	viio7/V		vii	o	7		V			o7	0	0	6, 3, 0, -3		6	6
202	2.0	57	56	0	0	4/4	4	1		V		Bb	bVI	I	V		V							M	0	0	1, 5, 2		1	1
204	2.0	57	56	1/2	1/2	4/4	4	1		V64		Bb	bVI	I	V64		V		64					M	0	0	2, 1, 5		1	2
206	2.5	58	57	0	0	4/4	4	1		I6]		Bb	bVI	I	I6		I		6					M	0	0	4, 1, 0		0	4
417/2	1.5	58	57	5/8	5/8	4/4	4	1		V		Bb	bVI		V		V							M	0	0	1, 5, 2		1	1
210	4.0	59	58	0	0	4/4	4	1		iii		Bb	bVI		iii		iii							m	0	0	4, 1, 5		4	4
214	2.0	60	59	0	0	4/4	4	1		I[I		Bb	bVI	I	I		I							M	0	0	0, 4, 1		0	0
216	2.0	60	59	1/2	1/2	4/4	4	1		viio7/V		Bb	bVI	I	viio7/V		vii	o	7		V			o7	0	0	6, 3, 0, -3		6	6
218	1.0	61	60	0	0	4/4	4	1		viio7(4)/V		Bb	bVI	I	viio7(4)/V		vii	o	7	4	V			o7	0	0	6, 5, 0, -3		6	6
219	1.0	61	60	1/4	1/4	4/4	4	1		viio7/V		Bb	bVI	I	viio7/V		vii	o	7		V			o7	0	0	6, 3, 0, -3		6	6
220	1.0	61	60	1/2	1/2	4/4	4	1		I6]		Bb	bVI	I	I6		I		6					M	0	0	4, 1, 0		0	4
221	1.0	61	60	3/4	3/4	4/4	4	1		V7/V		Bb	bVI		V7/V		V		7		V			Mm7	0	0	2, 6, 3, 0		2	2
222	2.0	62	61	0	0	4/4	4	1		viio65		Bb	bVI		viio65		vii	o	65					o7	0	0	2, -1, -4, 5		5	2
224	2.0	62	61	1/2	1/2	4/4	4	1		I6		Bb	bVI		I6		I		6					M	0	0	4, 1, 0		0	4
226	2.0	63	62	0	0	4/4	4	1		ii65		Bb	bVI		ii65		ii		65					mm7	0	0	-1, 3, 0, 2		2	-1
228	2.0	63	62	1/2	1/2	4/4	4	1		V65/V		Bb	bVI		V65/V		V		65		V			Mm7	0	0	6, 3, 0, 2		2	6
230	4.0	64	63	0	0	4/4	4	1		V7		Bb	bVI		V7		V		7					Mm7	0	0	1, 5, 2, -1		1	1
234	3.0	65	64	0	0	4/4	4	1		I64		Bb	bVI		I64		I		64					M	0	0	1, 0, 4		0	1
237	1.0	65	64	3/4	3/4	4/4	4	1		I		Bb	bVI		I		I							M	0	0	0, 4, 1		0	0
238	3.5	66	65	0	0	4/4	4	1		V7		Bb	bVI		V7		V		7					Mm7	0	0	1, 5, 2, -1		1	1
483/2	0.25	66	65	7/8	7/8	4/4	4	1		vi7		Bb	bVI		vi7		vi		7					mm7	0	0	3, 0, 4, 1		3	3
967/4	0.25	66	65	15/16	15/16	4/4	4	1		V6		Bb	bVI		V6		V		6					M	0	0	5, 2, 1		1	5
242	4.0	67	66	0	0	4/4	4	1		I		Bb	bVI		I		I							M	0	0	0, 4, 1		0	0
246	2.0	68	67	0	0	4/4	4	1		V		Bb	bVI		V		V							M	0	0	1, 5, 2		1	1
248	2.0	68	67	1/2	1/2	4/4	4	1		V7/vi		Bb	bVI		V7/vi		V		7		vi			Mm7	0	0	4, 8, 5, 2		4	4
250	2.0	69	68	0	0	4/4	4	1		vi		Bb	bVI		vi		vi							m	0	0	3, 0, 4		3	3
252	2.0	69	68	1/2	1/2	4/4	4	1		V7/V		Bb	bVI		V7/V		V		7		V			Mm7	0	0	2, 6, 3, 0		2	2
254	2.0	70	69	0	0	4/4	4	1		V7		Bb	bVI		V7		V		7					Mm7	0	0	1, 5, 2, -1		1	1
256	2.0	70	69	1/2	1/2	4/4	4	1		vi		Bb	bVI		vi		vi							m	0	0	3, 0, 4		3	3
258	1.25	71	70	0	0	4/4	4	1		ii6		Bb	bVI		ii6		ii		6					m	0	0	-1, 3, 2		2	-1
1037/4	0.75	71	70	5/16	5/16	4/4	4	1		V7/V		Bb	bVI		V7/V		V		7		V			Mm7	0	0	2, 6, 3, 0		2	2
260	2.0	71	70	1/2	1/2	4/4	4	1		V7		Bb	bVI		V7		V		7					Mm7	0	0	1, 5, 2, -1		1	1
262	1.0	72	71	0	0	4/4	4	1		I		Bb	bVI		I		I							M	0	0	0, 4, 1		0	0
263	1.0	72	71	1/4	1/4	4/4	4	1		I(+6)		Bb	bVI		I(+6)		I			+6				M	0	0	0, 4, 1	3	0	0
264	1.0	72	71	1/2	1/2	4/4	4	1		V64(+2)		Bb	bVI		V64(+2)		V		64	+2				M	0	0	2, 1, 5	3	1	2
265	1.0	72	71	3/4	3/4	4/4	4	1		V64		Bb	bVI		V64		V		64					M	0	0	2, 1, 5		1	2
266	1.0	73	72	0	0	4/4	4	1		iii		Bb	bVI		iii		iii							m	0	0	4, 1, 5		4	4
267	1.0	73	72	1/4	1/4	4/4	4	1		I6		Bb	bVI		I6		I		6					M	0	0	4, 1, 0		0	4
268	1.0	73	72	1/2	1/2	4/4	4	1		V2		Bb	bVI		V2		V		2					Mm7	0	0	-1, 1, 5, 2		1	-1
269	1.0	73	72	3/4	3/4	4/4	4	1		V		Bb	bVI		V		V							M	0	0	1, 5, 2		1	1
270	2.0	74	73	0	0	4/4	4	1		I		Bb	bVI		I		I							M	0	0	0, 4, 1		0	0
272	2.0	74	73	1/2	1/2	4/4	4	1		V6		Bb	bVI		V6		V		6					M	0	0	5, 2, 1		1	5
274	1.0	75	74	0	0	4/4	4	1		vi		Bb	bVI		vi		vi							m	0	0	3, 0, 4		3	3
275	1.0	75	74	1/4	1/4	4/4	4	1		V		Bb	bVI		V		V							M	0	0	1, 5, 2		1	1
276	1.0	75	74	1/2	1/2	4/4	4	1		viio/V		Bb	bVI		viio/V		vii	o			V			o	0	0	6, 3, 0		6	6
277	1.0	75	74	3/4	3/4	4/4	4	1		V2		Bb	bVI		V2		V		2					Mm7	0	0	-1, 1, 5, 2		1	-1
278	1.0	76	75	0	0	4/4	4	1		I6		Bb	bVI		I6		I		6					M	0	0	4, 1, 0		0	4
279	1.0	76	75	1/4	1/4	4/4	4	1		ii6		Bb	bVI		ii6		ii		6					m	0	0	-1, 3, 2		2	-1
280	1.0	76	75	1/2	1/2	4/4	4	1		V(64)		Bb	bVI		V(64)		V			64				M	0	0	1, 0, 4		1	1
281	1.0	76	75	3/4	3/4	4/4	4	1		V		Bb	bVI		V		V							M	0	0	1, 5, 2		1	1
282	1.0	77	76	0	0	4/4	4	1		I\\		Bb	bVI		I		I						\\	M	0	0	0, 4, 1		0	0
283	1.0	77	76	1/4	1/4	4/4	4	1		ii		Bb	bVI		ii		ii							m	0	0	2, -1, 3		2	2
284	1.0	77	76	1/2	1/2	4/4	4	1		V		Bb	bVI		V		V							M	0	0	1, 5, 2		1	1
285	1.0	77	76	3/4	3/4	4/4	4	1		V65		Bb	bVI		V65		V		65					Mm7	0	0	5, 2, -1, 1		1	5
286	2.0	78	77	0	0	4/4	4	1		I6		Bb	bVI		I6		I		6					M	0	0	4, 1, 0		0	4
288	2.0	78	77	1/2	1/2	4/4	4	1		V		Bb	bVI		V		V							M	0	0	1, 5, 2		1	1
290	1.0	79	78	0	0	4/4	4	1		vi		Bb	bVI		vi		vi							m	0	0	3, 0, 4		3	3
291	1.0	79	78	1/4	1/4	4/4	4	1		viio7		Bb	bVI		viio7		vii	o	7					o7	0	0	5, 2, -1, -4		5	5
292	1.0	79	78	1/2	1/2	4/4	4	1		I		Bb	bVI		I		I							M	0	0	0, 4, 1		0	0
293	1.0	79	78	3/4	3/4	4/4	4	1		V2/vi		Bb	bVI		V2/vi		V		2		vi			Mm7	0	0	2, 4, 8, 5		4	2
294	1.0	80	79	0	0	4/4	4	1		vi6		Bb	bVI		vi6		vi		6					m	0	0	0, 4, 3		3	0
295	1.0	80	79	1/4	1/4	4/4	4	1		V/V		Bb	bVI		V/V		V				V			M	0	0	2, 6, 3		2	2
296	1.0	80	79	1/2	1/2	4/4	4	1		V		Bb	bVI		V		V							M	0	0	1, 5, 2		1	1
297	1.0	80	79	3/4	3/4	4/4	4	1		V6		Bb	bVI		V6		V		6					M	0	0	5, 2, 1		1	5
298	1.0	81	80	0	0	4/4	4	1		vi		Bb	bVI		vi		vi							m	0	0	3, 0, 4		3	3
299	1.0	81	80	1/4	1/4	4/4	4	1		V		Bb	bVI		V		V							M	0	0	1, 5, 2		1	1
300	2.0	81	80	1/2	1/2	4/4	4	1		I6		Bb	bVI		I6		I		6					M	0	0	4, 1, 0		0	4
302	1.0	82	81	0	0	4/4	4	1		V64		Bb	bVI		V64		V		64					M	0	0	2, 1, 5		1	2
303	1.0	82	81	1/4	1/4	4/4	4	1		I6		Bb	bVI		I6		I		6					M	0	0	4, 1, 0		0	4
304	1.0	82	81	1/2	1/2	4/4	4	1		I		Bb	bVI		I		I							M	0	0	0, 4, 1		0	0
305	1.0	82	81	3/4	3/4	4/4	4	1		ii		Bb	bVI		ii		ii							m	0	0	2, -1, 3		2	2
306	1.0	83	82	0	0	4/4	4	1		V65		Bb	bVI		V65		V		65					Mm7	0	0	5, 2, -1, 1		1	5
307	1.0	83	82	1/4	1/4	4/4	4	1		V6/vi		Bb	bVI		V6/vi		V		6		vi			M	0	0	8, 5, 4		4	8
308	1.0	83	82	1/2	1/2	4/4	4	1		vi		Bb	bVI		vi		vi							m	0	0	3, 0, 4		3	3
309	1.0	83	82	3/4	3/4	4/4	4	1		V6/V		Bb	bVI		V6/V		V		6		V			M	0	0	6, 3, 2		2	6
310	1.0	84	83	0	0	4/4	4	1		V		Bb	bVI		V		V							M	0	0	1, 5, 2		1	1
311	1.0	84	83	1/4	1/4	4/4	4	1		I		Bb	bVI		I		I							M	0	0	0, 4, 1		0	0
312	1.0	84	83	1/2	1/2	4/4	4	1		viio/V		Bb	bVI		viio/V		vii	o			V			o	0	0	6, 3, 0		6	6
313	1.0	84	83	3/4	3/4	4/4	4	1		V/iii		Bb	bVI		V/iii		V				iii			M	0	0	5, 9, 6		5	5
314	1.0	85	84	0	0	4/4	4	1		V6/vi		Bb	bVI		V6/vi		V		6		vi			M	0	0	8, 5, 4		4	8
315	1.0	85	84	1/4	1/4	4/4	4	1		vi		Bb	bVI		vi		vi							m	0	0	3, 0, 4		3	3
316	1.0	85	84	1/2	1/2	4/4	4	1		IV		Bb	bVI		IV		IV							M	0	0	-1, 3, 0		-1	-1
317	0.5	85	84	3/4	3/4	4/4	4	1		viio6		Bb	bVI		viio6		vii	o	6					o	0	0	2, -1, 5		5	2
635/2	0.5	85	84	7/8	7/8	4/4	4	1		I		Bb	bVI		I		I							M	0	0	0, 4, 1		0	0
318	0.5	86	85	0	0	4/4	4	1		viio		Bb	bVI		viio		vii	o						o	0	0	5, 2, -1		5	5
637/2	0.5	86	85	1/8	1/8	4/4	4	1		V43/V		Bb	bVI		V43/V		V		43		V			Mm7	0	0	3, 0, 2, 6		2	3
319	0.5	86	85	1/4	1/4	4/4	4	1		V		Bb	bVI		V		V							M	0	0	1, 5, 2		1	1
639/2	0.5	86	85	3/8	3/8	4/4	4	1		VM2		Bb	bVI		VM2		V	M	2					MM7	0	0	6, 1, 5, 2		1	6
320	0.5	86	85	1/2	1/2	4/4	4	1		V2		Bb	bVI		V2		V		2					Mm7	0	0	-1, 1, 5, 2		1	-1
641/2	0.5	86	85	5/8	5/8	4/4	4	1		vi43		Bb	bVI		vi43		vi		43					mm7	0	0	4, 1, 3, 0		3	4
321	0.5	86	85	3/4	3/4	4/4	4	1		iii2		Bb	bVI		iii2		iii		2					mm7	0	0	2, 4, 1, 5		4	2
643/2	0.5	86	85	7/8	7/8	4/4	4	1		IM7		Bb	bVI		IM7		I	M	7					MM7	0	0	0, 4, 1, 5		0	0
322	0.5	87	86	0	0	4/4	4	1		V6		Bb	bVI		V6		V		6					M	0	0	5, 2, 1		1	5
645/2	0.5	87	86	1/8	1/8	4/4	4	1		vi7		Bb	bVI		vi7		vi		7					mm7	0	0	3, 0, 4, 1		3	3
323	0.5	87	86	1/4	1/4	4/4	4	1		V		Bb	bVI		V		V							M	0	0	1, 5, 2		1	1
647/2	0.5	87	86	3/8	3/8	4/4	4	1		V6/V		Bb	bVI		V6/V		V		6		V			M	0	0	6, 3, 2		2	6
324	0.5	87	86	1/2	1/2	4/4	4	1		V2		Bb	bVI		V2		V		2					Mm7	0	0	-1, 1, 5, 2		1	-1
649/2	0.5	87	86	5/8	5/8	4/4	4	1		V64		Bb	bVI		V64		V		64					M	0	0	2, 1, 5		1	2
325	0.5	87	86	3/4	3/4	4/4	4	1		I		Bb	bVI		I		I							M	0	0	0, 4, 1		0	0
651/2	0.5	87	86	7/8	7/8	4/4	4	1		V6		Bb	bVI		V6		V		6					M	0	0	5, 2, 1		1	5
326	2.0	88	87	0	0	4/4	4	1		I		Bb	bVI		I		I							M	0	0	0, 4, 1		0	0
328	2.0	88	87	1/2	1/2	4/4	4	1		IV		Bb	bVI		IV		IV							M	0	0	-1, 3, 0		-1	-1
330	2.0	89	88	0	0	4/4	4	1		I6		Bb	bVI		I6		I		6					M	0	0	4, 1, 0		0	4
332	2.0	89	88	1/2	1/2	4/4	4	1		viio6		Bb	bVI		viio6		vii	o	6					o	0	0	2, -1, 5		5	2
334	2.0	90	89	0	0	4/4	4	1		I		Bb	bVI		I		I							M	0	0	0, 4, 1		0	0
336	1.0	90	89	1/2	1/2	4/4	4	1		V43		Bb	bVI		V43		V		43					Mm7	0	0	2, -1, 1, 5		1	2
337	1.0	90	89	3/4	3/4	4/4	4	1		V7		Bb	bVI		V7		V		7					Mm7	0	0	1, 5, 2, -1		1	1
338	1.0	91	90	0	0	4/4	4	1		I\\		Bb	bVI		I		I						\\	M	0	0	0, 4, 1		0	0
339	1.5	91	90	1/4	1/4	4/4	4	1		V2/IV		Bb	bVI		V2/IV		V		2		IV			Mm7	0	0	-2, 0, 4, 1		0	-2
681/2	1.5	91	90	5/8	5/8	4/4	4	1		IV		Bb	bVI		IV		IV							M	0	0	-1, 3, 0		-1	-1
342	1.0	92	91	0	0	4/4	4	1		@none		Bb	bVI		@none		@none							m	0	0				
343	1.5	92	91	1/4	1/4	4/4	4	1		V2/IV		Bb	bVI		V2/IV		V		2		IV			Mm7	0	0	-2, 0, 4, 1		0	-2
689/2	2.5	92	91	5/8	5/8	4/4	4	1		IV		Bb	bVI		IV		IV							M	0	0	-1, 3, 0		-1	-1
		95	94	0	0	4/4	4	1	1	@none		Bb	bVI		@none		@none							m	0	0				
347	2.0	96	95	1/4	1/4	4/4	4	1		V		Bb	bVI		V		V							M	0	0	1, 5, 2		1	1
349	1.0	96	95	3/4	3/4	4/4	4	1		I		Bb	bVI		I		I							M	0	0	0, 4, 1		0	0
350	1.0	97	96	0	0	3/4	4	1		V6(+4)		Bb	bVI		V6(+4)		V		6	+4				M	0	0	5, 2, 1	0	1	5
351	1.0	97	96	1/4	1/4	3/4	4	1		V2/IV		Bb	bVI		V2/IV		V		2		IV			Mm7	0	0	-2, 0, 4, 1		0	-2
352	1.0	97	96	1/2	1/2	3/4	4	1		IV6		Bb	bVI		IV6		IV		6					M	0	0	3, 0, -1		-1	3
353	1.0	98	97	0	0	3/4	4	1		I6		Bb	bVI		I6		I		6					M	0	0	4, 1, 0		0	4
354	3.0	98	97	1/4	1/4	3/4	4	1		V64		Bb	bVI		V64		V		64					M	0	0	2, 1, 5		1	2
357	3.0	99	98	1/4	1/4	4/4	4	1		I		Bb	bVI		I		I							M	0	0	0, 4, 1		0	0
360	3.0	100	99	0	0	3/4	4	1		III.I		Bb	III		I		I							M	0	0	0, 4, 1		0	0
363	1.0	101	100	0	0	3/4	4	1		V6(+4)		Bb	III		V6(+4)		V		6	+4				M	0	0	5, 2, 1	0	1	5
364	1.0	101	100	1/4	1/4	3/4	4	1		V2/IV		Bb	III		V2/IV		V		2		IV			Mm7	0	0	-2, 0, 4, 1		0	-2
365	0.5	101	100	1/2	1/2	3/4	4	1		I6		Bb	III		I6		I		6					M	0	0	4, 1, 0		0	4
731/2	0.5	101	100	5/8	5/8	3/4	4	1		viio		Bb	III		viio		vii	o						o	0	0	5, 2, -1		5	5
366	1.0	102	101	0	0	3/4	4	1		V65		Bb	III		V65		V		65					Mm7	0	0	5, 2, -1, 1		1	5
367	2.0	102	101	1/4	1/4	3/4	4	1		I		Bb	III		I		I							M	0	0	0, 4, 1		0	0
369	6.5	103	102	0	0	4/4	4	1		I		Bb	III		I		I							M	0	0	0, 4, 1		0	0
751/2	0.5	104	103	5/8	5/8	3/4	4	1		viio		Bb	III		viio		vii	o						o	0	0	5, 2, -1		5	5
376	1.0	105	104	0	0	3/4	4	1		V65		Bb	III		V65		V		65					Mm7	0	0	5, 2, -1, 1		1	5
377	1.5	105	104	1/4	1/4	3/4	4	1		I		Bb	III		I		I							M	0	0	0, 4, 1		0	0
757/2	0.5	105	104	5/8	5/8	3/4	4	1		viio		Bb	III		viio		vii	o						o	0	0	5, 2, -1		5	5
379	1.0	106	105	0	0	3/4	4	1		V65		Bb	III		V65		V		65					Mm7	0	0	5, 2, -1, 1		1	5
380	1.5	106	105	1/4	1/4	3/4	4	1		I		Bb	III		I		I							M	0	0	0, 4, 1		0	0
763/2	0.5	106	105	5/8	5/8	3/4	4	1		viio		Bb	III		viio		vii	o						o	0	0	5, 2, -1		5	5
382	1.0	107	106	0	0	4/4	4	1		V65		Bb	III		V65		V		65					Mm7	0	0	5, 2, -1, 1		1	5
383	1.0	107	106	1/4	1/4	4/4	4	1		I		Bb	III		I		I							M	0	0	0, 4, 1		0	0
384	1.0	107	106	1/2	1/2	4/4	4	1		V65		Bb	III		V65		V		65					Mm7	0	0	5, 2, -1, 1		1	5
385	1.0	107	106	3/4	3/4	4/4	4	1		I		Bb	III		I		I							M	0	0	0, 4, 1		0	0
386	1.0	108	107	0	0	4/4	4	1		V65		Bb	III		V65		V		65					Mm7	0	0	5, 2, -1, 1		1	5
387	1.0	108	107	1/4	1/4	4/4	4	1		I		Bb	III		I		I							M	0	0	0, 4, 1		0	0
388	1.0	108	107	1/2	1/2	4/4	4	1		V65		Bb	III		V65		V		65					Mm7	0	0	5, 2, -1, 1		1	5
389	1.0	108	107	3/4	3/4	4/4	4	1		I		Bb	III		I		I							M	0	0	0, 4, 1		0	0
390	1.0	109	108	0	0	4/4	4	1		I64		Bb	III		I64		I		64					M	0	0	1, 0, 4		0	1
391	1.0	109	108	1/4	1/4	4/4	4	1		I6		Bb	III		I6		I		6					M	0	0	4, 1, 0		0	4
392	1.0	109	108	1/2	1/2	4/4	4	1		I		Bb	III		I		I							M	0	0	0, 4, 1		0	0
393	2.0	109	108	3/4	3/4	4/4	4	1		I6		Bb	III		I6		I		6					M	0	0	4, 1, 0		0	4
395	1.0	110	109	1/4	1/4	4/4	4	1		I		Bb	III		I		I							M	0	0	0, 4, 1		0	0
396	1.0	110	109	1/2	1/2	4/4	4	1		I64		Bb	III		I64		I		64					M	0	0	1, 0, 4		0	1
397	1.0	110	109	3/4	3/4	4/4	4	1		I		Bb	III		I		I							M	0	0	0, 4, 1		0	0
398	1.0	111	110	0	0	4/4	4	1		IV6		Bb	III		IV6		IV		6					M	0	0	3, 0, -1		-1	3
399	1.0	111	110	1/4	1/4	4/4	4	1		V2/IV		Bb	III		V2/IV		V		2		IV			Mm7	0	0	-2, 0, 4, 1		0	-2
400	1.0	111	110	1/2	1/2	4/4	4	1		IV6		Bb	III		IV6		IV		6					M	0	0	3, 0, -1		-1	3
401	1.0	111	110	3/4	3/4	4/4	4	1		V2/IV		Bb	III		V2/IV		V		2		IV			Mm7	0	0	-2, 0, 4, 1		0	-2
402	1.0	112	111	0	0	4/4	4	1		IV6		Bb	III		IV6		IV		6					M	0	0	3, 0, -1		-1	3
403	1.0	112	111	1/4	1/4	4/4	4	1		V2/IV		Bb	III		V2/IV		V		2		IV			Mm7	0	0	-2, 0, 4, 1		0	-2
404	1.0	112	111	1/2	1/2	4/4	4	1		IV6		Bb	III		IV6		IV		6					M	0	0	3, 0, -1		-1	3
405	1.0	112	111	3/4	3/4	4/4	4	1		V2/IV		Bb	III		V2/IV		V		2		IV			Mm7	0	0	-2, 0, 4, 1		0	-2
406	1.0	113	112	0	0	4/4	4	1		VI.V2(4)		Bb	VI		V2(4)		V		2	4				Mm7	0	0	-1, 1, 0, 2		1	-1
407	1.0	113	112	1/4	1/4	4/4	4	1		V		Bb	VI		V		V							M	0	0	1, 5, 2		1	1
408	1.0	113	112	1/2	1/2	4/4	4	1		V2(4)		Bb	VI		V2(4)		V		2	4				Mm7	0	0	-1, 1, 0, 2		1	-1
409	1.0	113	112	3/4	3/4	4/4	4	1		V		Bb	VI		V		V							M	0	0	1, 5, 2		1	1
410	1.0	114	113	0	0	4/4	4	1		ii6		Bb	VI		ii6		ii		6					m	0	0	-1, 3, 2		2	-1
411	1.0	114	113	1/4	1/4	4/4	4	1		V7		Bb	VI		V7		V		7					Mm7	0	0	1, 5, 2, -1		1	1
412	1.0	114	113	1/2	1/2	4/4	4	1		ii6		Bb	VI		ii6		ii		6					m	0	0	-1, 3, 2		2	-1
413	2.0	114	113	3/4	3/4	4/4	4	1		V7		Bb	VI		V7		V		7					Mm7	0	0	1, 5, 2, -1		1	1
415	1.0	115	114	1/4	1/4	4/4	4	1		I\\		Bb	VI		I		I						\\	M	0	0	0, 4, 1		0	0
416	1.0	115	114	1/2	1/2	4/4	4	1		V7		Bb	VI		V7		V		7					Mm7	0	0	1, 5, 2, -1		1	1
417	1.0	115	114	3/4	3/4	4/4	4	1		I		Bb	VI		I		I							M	0	0	0, 4, 1		0	0
418	1.0	116	115	0	0	4/4	4	1		I6(+4)		Bb	VI		I6(+4)		I		6	+4				M	0	0	4, 1, 0	-1	0	4
419	1.0	116	115	1/4	1/4	4/4	4	1		V7		Bb	VI		V7		V		7					Mm7	0	0	1, 5, 2, -1		1	1
420	1.0	116	115	1/2	1/2	4/4	4	1		V(64)		Bb	VI		V(64)		V			64				M	0	0	1, 0, 4		1	1
421	1.0	116	115	3/4	3/4	4/4	4	1		V7		Bb	VI		V7		V		7					Mm7	0	0	1, 5, 2, -1		1	1
422	1.0	117	116	0	0	4/4	4	1		V65		Bb	VI		V65		V		65					Mm7	0	0	5, 2, -1, 1		1	5
423	1.0	117	116	1/4	1/4	4/4	4	1		I		Bb	VI		I		I							M	0	0	0, 4, 1		0	0
424	1.0	117	116	1/2	1/2	4/4	4	1		V65		Bb	VI		V65		V		65					Mm7	0	0	5, 2, -1, 1		1	5
425	1.0	117	116	3/4	3/4	4/4	4	1		I		Bb	VI		I		I							M	0	0	0, 4, 1		0	0
426	1.0	118	117	0	0	4/4	4	1		V65		Bb	VI		V65		V		65					Mm7	0	0	5, 2, -1, 1		1	5
427	1.0	118	117	1/4	1/4	4/4	4	1		I		Bb	VI		I		I							M	0	0	0, 4, 1		0	0
428	1.0	118	117	1/2	1/2	4/4	4	1		V65		Bb	VI		V65		V		65					Mm7	0	0	5, 2, -1, 1		1	5
429	1.0	118	117	3/4	3/4	4/4	4	1		I		Bb	VI		I		I							M	0	0	0, 4, 1		0	0
430	1.0	119	118	0	0	4/4	4	1		V7		Bb	VI		V7		V		7					Mm7	0	0	1, 5, 2, -1		1	1
431	1.0	119	118	1/4	1/4	4/4	4	1		I64		Bb	VI		I64		I		64					M	0	0	1, 0, 4		0	1
432	1.0	119	118	1/2	1/2	4/4	4	1		I6		Bb	VI		I6		I		6					M	0	0	4, 1, 0		0	4
433	1.0	119	118	3/4	3/4	4/4	4	1		I		Bb	VI		I		I							M	0	0	0, 4, 1		0	0
434	1.0	120	119	0	0	4/4	4	1		I6		Bb	VI		I6		I		6					M	0	0	4, 1, 0		0	4
435	3.0	120	119	1/4	1/4	4/4	4	1		I		Bb	VI		I		I							M	0	0	0, 4, 1		0	0
438	1.0	121	120	0	0	4/4	4	1		viio(2)		Bb	VI		viio(2)		vii	o		2				o	0	0	0, 2, -1		5	0
439	1.0	121	120	1/4	1/4	4/4	4	1		V65		Bb	VI		V65		V		65					Mm7	0	0	5, 2, -1, 1		1	5
440	1.0	121	120	1/2	1/2	4/4	4	1		V65(4)		Bb	VI		V65(4)		V		65	4				Mm7	0	0	0, 2, -1, 1		1	0
441	1.0	121	120	3/4	3/4	4/4	4	1		V65		Bb	VI		V65		V		65					Mm7	0	0	5, 2, -1, 1		1	5
442	4.0	122	121	0	0	4/4	4	1		V7		Bb	VI		V7		V		7					Mm7	0	0	1, 5, 2, -1		1	1
446	1.0	123	122	0	0	4/4	4	1		I(74)		Bb	VI		I(74)		I			74				M	0	0	0, -1, 1	5	0	0
447	1.0	123	122	1/4	1/4	4/4	4	1		I		Bb	VI		I		I							M	0	0	0, 4, 1		0	0
448	1.0	123	122	1/2	1/2	4/4	4	1		vi7		Bb	VI		vi7		vi		7					mm7	0	0	3, 0, 4, 1		3	3
449	1.0	123	122	3/4	3/4	4/4	4	1		V7		Bb	VI		V7		V		7					Mm7	0	0	1, 5, 2, -1		1	1
450	1.0	124	123	0	0	4/4	4	1		I(74)		Bb	VI		I(74)		I			74				M	0	0	0, -1, 1	5	0	0
451	1.0	124	123	1/4	1/4	4/4	4	1		I		Bb	VI		I		I							M	0	0	0, 4, 1		0	0
452	1.0	124	123	1/2	1/2	4/4	4	1		vi7		Bb	VI		vi7		vi		7					mm7	0	0	3, 0, 4, 1		3	3
453	1.0	124	123	3/4	3/4	4/4	4	1		V7		Bb	VI		V7		V		7					Mm7	0	0	1, 5, 2, -1		1	1
454	1.0	125	124	0	0	4/4	4	1		ii.#viio64(2)		Bb	ii		#viio64(2)		#vii	o	64	2				o	0	1	-1, 0, 2		5	-1
455	1.0	125	124	1/4	1/4	4/4	4	1		#viio6		Bb	ii		#viio6		#vii	o	6					o	0	1	2, -1, 5		5	2
456	1.0	125	124	1/2	1/2	4/4	4	1		#viio64(2)		Bb	ii		#viio64(2)		#vii	o	64	2				o	0	1	-1, 0, 2		5	-1
457	1.0	125	124	3/4	3/4	4/4	4	1		V43		Bb	ii		V43		V		43					Mm7	0	1	2, -1, 1, 5		1	2
458	1.0	126	125	0	0	4/4	4	1		i(9)		Bb	ii		i(9)		i			9				m	0	1	0, -3, 1	2	0	0
459	1.0	126	125	1/4	1/4	4/4	4	1		V(4)		Bb	ii		V(4)		V			4				M	0	1	1, 0, 2		1	1
460	1.0	126	125	1/2	1/2	4/4	4	1		V(+6)		Bb	ii		V(+6)		V			+6				M	0	1	1, 5, 2	-3	1	1
461	1.0	126	125	3/4	3/4	4/4	4	1		V(4)		Bb	ii		V(4)		V			4				M	0	1	1, 0, 2		1	1
462	1.0	127	126	0	0	4/4	4	1		i(9)		Bb	ii		i(9)		i			9				m	0	1	0, -3, 1	2	0	0
463	1.0	127	126	1/4	1/4	4/4	4	1		V7(4)		Bb	ii		V7(4)		V		7	4				Mm7	0	1	1, 0, 2, -1		1	1
464	1.0	127	126	1/2	1/2	4/4	4	1		V(+6)		Bb	ii		V(+6)		V			+6				M	0	1	1, 5, 2	-3	1	1
465	1.0	127	126	3/4	3/4	4/4	4	1		V(64)		Bb	ii		V(64)		V			64				M	0	1	1, 0, -3		1	1
466	1.0	128	127	0	0	4/4	4	1		i6(2)		Bb	ii		i6(2)		i		6	2				m	0	1	-3, 1, 2		0	-3
467	1.0	128	127	1/4	1/4	4/4	4	1		i64		Bb	ii		i64		i		64					m	0	1	1, 0, -3		0	1
468	1.0	128	127	1/2	1/2	4/4	4	1		i6(2)		Bb	ii		i6(2)		i		6	2				m	0	1	-3, 1, 2		0	-3
469	1.0	128	127	3/4	3/4	4/4	4	1		i64		Bb	ii		i64		i		64					m	0	1	1, 0, -3		0	1
470	1.0	129	128	0	0	4/4	4	1		i6(2)		Bb	ii		i6(2)		i		6	2				m	0	1	-3, 1, 2		0	-3
471	1.0	129	128	1/4	1/4	4/4	4	1		V7(4)		Bb	ii		V7(4)		V		7	4				Mm7	0	1	1, 0, 2, -1		1	1
472	1.0	129	128	1/2	1/2	4/4	4	1		i6		Bb	ii		i6		i		6					m	0	1	-3, 1, 0		0	-3
473	1.0	129	128	3/4	3/4	4/4	4	1		i64		Bb	ii		i64		i		64					m	0	1	1, 0, -3		0	1
474	1.0	130	129	0	0	4/4	4	1		V.V6(9)		Bb	V		V6(9)		V		6	9				M	0	0	5, 2, 1	3	1	5
475	1.0	130	129	1/4	1/4	4/4	4	1		V6		Bb	V		V6		V		6					M	0	0	5, 2, 1		1	5
476	1.0	130	129	1/2	1/2	4/4	4	1		V6(2)		Bb	V		V6(2)		V		6	2				M	0	0	5, 2, 3		1	5
477	1.0	130	129	3/4	3/4	4/4	4	1		V6		Bb	V		V6		V		6					M	0	0	5, 2, 1		1	5
478	1.0	131	130	0	0	4/4	4	1		V(9)		Bb	V		V(9)		V			9				M	0	0	1, 5, 2	3	1	1
479	1.0	131	130	1/4	1/4	4/4	4	1		V		Bb	V		V		V							M	0	0	1, 5, 2		1	1
480	1.0	131	130	1/2	1/2	4/4	4	1		V6(9)		Bb	V		V6(9)		V		6	9				M	0	0	5, 2, 1	3	1	5
481	1.0	131	130	3/4	3/4	4/4	4	1		V		Bb	V		V		V							M	0	0	1, 5, 2		1	1
482	1.0	132	131	0	0	4/4	4	1		V		Bb	V		V		V							M	0	0	1, 5, 2		1	1
483	1.0	132	131	1/4	1/4	4/4	4	1		V6		Bb	V		V6		V		6					M	0	0	5, 2, 1		1	5
484	1.0	132	131	1/2	1/2	4/4	4	1		I.ii		Bb	I		ii		ii							m	0	0	2, -1, 3		2	2
485	1.0	132	131	3/4	3/4	4/4	4	1		ii6		Bb	I		ii6		ii		6					m	0	0	-1, 3, 2		2	-1
486	3.0	133	132	0	0	4/4	4	1		ii		Bb	I		ii		ii							m	0	0	2, -1, 3		2	2
489	2.0	133	132	3/4	3/4	4/4	4	1		V7		Bb	I		V7		V		7					Mm7	0	0	1, 5, 2, -1		1	1
491	1.0	134	133	1/4	1/4	4/4	4	1		V43		Bb	I		V43		V		43					Mm7	0	0	2, -1, 1, 5		1	2
492	0.5	134	133	1/2	1/2	4/4	4	1		V7(6)		Bb	I		V7(6)		V		7	6				Mm7	0	0	1, 5, 4, -1		1	1
985/2	0.5	134	133	5/8	5/8	4/4	4	1		V2		Bb	I		V2		V		2					Mm7	0	0	-1, 1, 5, 2		1	-1
493	0.5	134	133	3/4	3/4	4/4	4	1		I6		Bb	I		I6		I		6					M	0	0	4, 1, 0		0	4
987/2	0.5	134	133	7/8	7/8	4/4	4	1		I6(+62)		Bb	I		I6(+62)		I		6	+62				M	0	0	4, 1, 2	3	0	4
494	1.0	135	134	0	0	4/4	4	1		I		Bb	I		I		I							M	0	0	0, 4, 1		0	0
495	1.0	135	134	1/4	1/4	4/4	4	1		vi		Bb	I		vi		vi							m	0	0	3, 0, 4		3	3
496	1.0	135	134	1/2	1/2	4/4	4	1		IV		Bb	I		IV		IV							M	0	0	-1, 3, 0		-1	-1
497	1.0	135	134	3/4	3/4	4/4	4	1		ii7		Bb	I		ii7		ii		7					mm7	0	0	2, -1, 3, 0		2	2
498	1.0	136	135	0	0	4/4	4	1		V65		Bb	I		V65		V		65					Mm7	0	0	5, 2, -1, 1		1	5
499	1.0	136	135	1/4	1/4	4/4	4	1		V7		Bb	I		V7		V		7					Mm7	0	0	1, 5, 2, -1		1	1
500	1.0	136	135	1/2	1/2	4/4	4	1		V43		Bb	I		V43		V		43					Mm7	0	0	2, -1, 1, 5		1	2
501	1.0	136	135	3/4	3/4	4/4	4	1		V2		Bb	I		V2		V		2					Mm7	0	0	-1, 1, 5, 2		1	-1
502	1.0	137	136	0	0	4/4	4	1		V43		Bb	I		V43		V		43					Mm7	0	0	2, -1, 1, 5		1	2
503	1.0	137	136	1/4	1/4	4/4	4	1		V65		Bb	I		V65		V		65					Mm7	0	0	5, 2, -1, 1		1	5
504	1.0	137	136	1/2	1/2	4/4	4	1		V7		Bb	I		V7		V		7					Mm7	0	0	1, 5, 2, -1		1	1
505	1.0	137	136	3/4	3/4	4/4	4	1		I6(+2)		Bb	I		I6(+2)		I		6	+2				M	0	0	4, 1, 0	2	0	4
506	1.0	138	137	0	0	4/4	4	1		I		Bb	I		I		I							M	0	0	0, 4, 1		0	0
507	3.0	138	137	1/4	1/4	4/4	4	1		I6		Bb	I		I6		I		6					M	0	0	4, 1, 0		0	4
510	3.0	139	138	0	0	4/4	4	1		I		Bb	I		I		I							M	0	0	0, 4, 1		0	0
513	0.5	139	138	3/4	3/4	4/4	4	1		V2		Bb	I		V2		V		2					Mm7	0	0	-1, 1, 5, 2		1	-1
1027/2	0.5	139	138	7/8	7/8	4/4	4	1		I6		Bb	I		I6		I		6					M	0	0	4, 1, 0		0	4
514	1.0	140	139	0	0	4/4	4	1		V		Bb	I		V		V							M	0	0	1, 5, 2		1	1
515	0.5	140	139	1/4	1/4	4/4	4	1		v		Bb	I		v		v							m	0	0	1, -2, 2		1	1
1031/2	0.5	140	139	3/8	3/8	4/4	4	1		ii6		Bb	I		ii6		ii		6					m	0	0	-1, 3, 2		2	-1
516	0.5	140	139	1/2	1/2	4/4	4	1		V/ii		Bb	I		V/ii		V				ii			M	0	0	3, 7, 4		3	3
1033/2	0.5	140	139	5/8	5/8	4/4	4	1		vi		Bb	I		vi		vi							m	0	0	3, 0, 4		3	3
517	0.5	140	139	3/4	3/4	4/4	4	1		viio7/bVII		Bb	I		viio7/bVII		vii	o	7		bVII			o7	0	0	3, 0, -3, -6		3	3
1035/2	0.5	140	139	7/8	7/8	4/4	4	1		bVII(4)		Bb	I		bVII(4)		bVII			4				M	0	0	-2, 4, -1		-2	-2
518	0.5	141	140	0	0	4/4	4	1		bVII64(64)		Bb	I		bVII64(64)		bVII		64	64				M	0	0	1, -2, 4		-2	1
1037/2	0.5	141	140	1/8	1/8	4/4	4	1		bVII64		Bb	I		bVII64		bVII		64					M	0	0	-1, -2, 2		-2	-1
519	0.5	141	140	1/4	1/4	4/4	4	1		viio7		Bb	I		viio7		vii	o	7					o7	0	0	5, 2, -1, -4		5	5
1039/2	1.5	141	140	3/8	3/8	4/4	4	1		I6		Bb	I		I6		I		6					M	0	0	4, 1, 0		0	4
521	1.0	141	140	3/4	3/4	4/4	4	1		IV		Bb	I		IV		IV							M	0	0	-1, 3, 0		-1	-1
522	4.0	142	141	0	0	4/4	4	1		IV.I		Bb	IV		I		I							M	0	0	0, 4, 1		0	0
526	4.0	143	142	0	0	4/4	4	1		III+64/vi		Bb	IV		III+64/vi		III	+	64		vi			+	0	0	8, 0, 4		0	8
530	4.0	144	143	0	0	4/4	4	1		I		Bb	IV		I		I							M	0	0	0, 4, 1		0	0
534	3.0	145	144	0	0	4/4	4	1		viio7/V		Bb	IV		viio7/V		vii	o	7		V			o7	0	0	6, 3, 0, -3		6	6
537	0.5	145	144	3/4	3/4	4/4	4	1		V2(4b2)		Bb	IV		V2(4b2)		V		2	4b2				Mm7	0	0	-1, -4, 0, 2		1	-1
1075/2	2.5	145	144	7/8	7/8	4/4	4	1		V2		Bb	IV		V2		V		2					Mm7	0	0	-1, 1, 5, 2		1	-1
540	1.0	146	145	1/2	1/2	4/4	4	1		I6		Bb	IV		I6		I		6					M	0	0	4, 1, 0		0	4
541	0.5	146	145	3/4	3/4	4/4	4	1		ii7(+4)		Bb	IV		ii7(+4)		ii		7	+4				mm7	0	0	2, -1, 3, 0	1	2	2
1083/2	0.5	146	145	7/8	7/8	4/4	4	1		I+		Bb	IV		I+		I	+						+	0	0	0, 4, 8		0	0
542	1.0	147	146	0	0	4/4	4	1		IV		Bb	IV		IV		IV							M	0	0	-1, 3, 0		-1	-1
543	0.5	147	146	1/4	1/4	4/4	4	1		I6		Bb	IV		I6		I		6					M	0	0	4, 1, 0		0	4
1087/2	0.5	147	146	3/8	3/8	4/4	4	1		ii7		Bb	IV		ii7		ii		7					mm7	0	0	2, -1, 3, 0		2	2
544	1.0	147	146	1/2	1/2	4/4	4	1		V[viio6		Bb	IV	V	viio6		vii	o	6					o	0	0	2, -1, 5		5	2
545	0.5	147	146	3/4	3/4	4/4	4	1		viio64/V		Bb	IV	V	viio64/V		vii	o	64		V			o	0	0	0, 6, 3		6	0
1091/2	0.5	147	146	7/8	7/8	4/4	4	1		viio6]		Bb	IV	V	viio6		vii	o	6					o	0	0	2, -1, 5		5	2
546	2.0	148	147	0	0	4/4	4	1		I		Bb	IV		I		I							M	0	0	0, 4, 1		0	0
548	1.0	148	147	1/2	1/2	4/4	4	1		V6		Bb	IV		V6		V		6					M	0	0	5, 2, 1		1	5
549	0.5	148	147	3/4	3/4	4/4	4	1		V		Bb	IV		V		V							M	0	0	1, 5, 2		1	1
1099/2	2.5	148	147	7/8	7/8	4/4	4	1		I		Bb	IV		I		I							M	0	0	0, 4, 1		0	0
552	1.0	149	148	1/2	1/2	4/4	4	1		V6		Bb	IV		V6		V		6					M	0	0	5, 2, 1		1	5
553	0.5	149	148	3/4	3/4	4/4	4	1		V		Bb	IV		V		V							M	0	0	1, 5, 2		1	1
1107/2	1.0	149	148	7/8	7/8	4/4	4	1		I		Bb	IV		I		I							M	0	0	0, 4, 1		0	0
1109/2	0.5	150	149	1/8	1/8	4/4	4	1		viio6		Bb	IV		viio6		vii	o	6					o	0	0	2, -1, 5		5	2
555	0.5	150	149	1/4	1/4	4/4	4	1		I6		Bb	IV		I6		I		6					M	0	0	4, 1, 0		0	4
1111/2	0.5	150	149	3/8	3/8	4/4	4	1		#viio7/iii		Bb	IV		#viio7/iii		#vii	o	7		iii			o7	0	0	9, 6, 3, 0		9	9
556	0.5	150	149	1/2	1/2	4/4	4	1		I6		Bb	IV		I6		I		6					M	0	0	4, 1, 0		0	4
1113/2	0.5	150	149	5/8	5/8	4/4	4	1		viio		Bb	IV		viio		vii	o						o	0	0	5, 2, -1		5	5
557	0.5	150	149	3/4	3/4	4/4	4	1		I		Bb	IV		I		I							M	0	0	0, 4, 1		0	0
1115/2	0.5	150	149	7/8	7/8	4/4	4	1		V65		Bb	IV		V65		V		65					Mm7	0	0	5, 2, -1, 1		1	5
558	2.0	151	150	0	0	4/4	4	1		iv.i		Bb	iv		i		i							m	0	1	0, -3, 1		0	0
560	1.0	151	150	1/2	1/2	4/4	4	1		V6		Bb	iv		V6		V		6					M	0	1	5, 2, 1		1	5
561	1.0	151	150	3/4	3/4	4/4	4	1		V7		Bb	iv		V7		V		7					Mm7	0	1	1, 5, 2, -1		1	1
562	2.0	152	151	0	0	4/4	4	1		i		Bb	iv		i		i							m	0	1	0, -3, 1		0	0
564	1.0	152	151	1/2	1/2	4/4	4	1		V6		Bb	iv		V6		V		6					M	0	1	5, 2, 1		1	5
565	1.0	152	151	3/4	3/4	4/4	4	1		V65		Bb	iv		V65		V		65					Mm7	0	1	5, 2, -1, 1		1	5
566	0.5	153	152	0	0	4/4	4	1		i		Bb	iv		i		i							m	0	1	0, -3, 1		0	0
1133/2	0.5	153	152	1/8	1/8	4/4	4	1		#viio6		Bb	iv		#viio6		#vii	o	6					o	0	1	2, -1, 5		5	2
567	0.5	153	152	1/4	1/4	4/4	4	1		i6		Bb	iv		i6		i		6					m	0	1	-3, 1, 0		0	-3
1135/2	0.5	153	152	3/8	3/8	4/4	4	1		V65/IV		Bb	iv		V65/IV		V		65		IV			Mm7	0	1	4, 1, -2, 0		0	4
568	0.5	153	152	1/2	1/2	4/4	4	1		IV		Bb	iv		IV		IV							M	0	1	-1, 3, 0		-1	-1
1137/2	0.5	153	152	5/8	5/8	4/4	4	1		V43/IV		Bb	iv		V43/IV		V		43		IV			Mm7	0	1	1, -2, 0, 4		0	1
569	0.75	153	152	3/4	3/4	4/4	4	1		IV		Bb	iv		IV		IV							M	0	1	-1, 3, 0		-1	-1
2279/4	0.25	153	152	15/16	15/16	4/4	4	1		V2/bVII		Bb	iv		V2/bVII		V		2		bVII			Mm7	0	1	-10, -8, -4, -7		-8	-10
570	1.0	154	153	0	0	4/4	4	1		bIII.I6		Bb	bIII		I6		I		6					M	0	0	4, 1, 0		0	4
571	1.0	154	153	1/4	1/4	4/4	4	1		I		Bb	bIII		I		I							M	0	0	0, 4, 1		0	0
572	0.75	154	153	1/2	1/2	4/4	4	1		V		Bb	bIII		V		V							M	0	0	1, 5, 2		1	1
2291/4	0.25	154	153	11/16	11/16	4/4	4	1		viio/V		Bb	bIII		viio/V		vii	o			V			o	0	0	6, 3, 0		6	6
573	0.25	154	153	3/4	3/4	4/4	4	1		V		Bb	bIII		V		V							M	0	0	1, 5, 2		1	1
2293/4	0.25	154	153	13/16	13/16	4/4	4	1		IV		Bb	bIII		IV		IV							M	0	0	-1, 3, 0		-1	-1
1147/2	0.25	154	153	7/8	7/8	4/4	4	1		iii65		Bb	bIII		iii65		iii		65					mm7	0	0	1, 5, 2, 4		4	1
2295/4	0.25	154	153	15/16	15/16	4/4	4	1		V65(+2)/V		Bb	bIII		V65(+2)/V		V		65	+2	V			Mm7	0	0	6, 3, 0, 2	4	2	6
574	2.0	155	154	0	0	4/4	4	1		I6		Bb	bIII		I6		I		6					M	0	0	4, 1, 0		0	4
576	2.0	155	154	1/2	1/2	4/4	4	1		V7		Bb	bIII		V7		V		7					Mm7	0	0	1, 5, 2, -1		1	1
578	1.75	156	155	0	0	4/4	4	1		I6		Bb	bIII		I6		I		6					M	0	0	4, 1, 0		0	4
2319/4	0.25	156	155	7/16	7/16	4/4	4	1		iii43		Bb	bIII		iii43		iii		43					mm7	0	0	5, 2, 4, 1		4	5
580	1.0	156	155	1/2	1/2	4/4	4	1		V64/V		Bb	bIII		V64/V		V		64		V			M	0	0	3, 2, 6		2	3
581	1.0	156	155	3/4	3/4	4/4	4	1		V/V		Bb	bIII		V/V		V				V			M	0	0	2, 6, 3		2	2
582	2.0	157	156	0	0	4/4	4	1		V		Bb	bIII		V		V							M	0	0	1, 5, 2		1	1
584	2.0	157	156	1/2	1/2	4/4	4	1		V7		Bb	bIII		V7		V		7					Mm7	0	0	1, 5, 2, -1		1	1
586	3.0	158	157	0	0	4/4	4	1		I6		Bb	bIII		I6		I		6					M	0	0	4, 1, 0		0	4
589	1.0	158	157	3/4	3/4	4/4	4	1		viio/V		Bb	bIII		viio/V		vii	o			V			o	0	0	6, 3, 0		6	6
590	2.0	159	158	0	0	4/4	4	1		V		Bb	bIII		V		V							M	0	0	1, 5, 2		1	1
592	2.0	159	158	1/2	1/2	4/4	4	1		V7		Bb	bIII		V7		V		7					Mm7	0	0	1, 5, 2, -1		1	1
594	4.0	160	159	0	0	4/4	4	1		I6		Bb	bIII		I6		I		6					M	0	0	4, 1, 0		0	4
598	1.0	161	160	0	0	4/4	4	1		V		Bb	bIII		V		V							M	0	0	1, 5, 2		1	1
599	1.0	161	160	1/4	1/4	4/4	4	1		viio/V		Bb	bIII		viio/V		vii	o			V			o	0	0	6, 3, 0		6	6
600	1.0	161	160	1/2	1/2	4/4	4	1		V2		Bb	bIII		V2		V		2					Mm7	0	0	-1, 1, 5, 2		1	-1
601	1.0	161	160	3/4	3/4	4/4	4	1		I6(+6)		Bb	bIII		I6(+6)		I		6	+6				M	0	0	4, 1, 0	3	0	4
602	1.0	162	161	0	0	4/4	4	1		bVII.Ger6		Bb	bVII		Ger6	Ger	vii	o	65	b3	V			Ger	0	0	-4, 0, -3, 6		6	-4
603	1.0	162	161	1/4	1/4	4/4	4	1		V(64)		Bb	bVII		V(64)		V			64				M	0	0	1, 0, 4		1	1
604	1.0	162	161	1/2	1/2	4/4	4	1		viio/V		Bb	bVII		viio/V		vii	o			V			o	0	0	6, 3, 0		6	6
605	1.0	162	161	3/4	3/4	4/4	4	1		ii%2		Bb	bVII		ii%2		ii	%	2					%7	0	0	0, 2, -1, -4		2	0
606	4.0	163	162	0	0	4/4	4	1		viio7		Bb	bVII		viio7		vii	o	7					o7	0	0	5, 2, -1, -4		5	5
610	4.0	164	163	0	0	4/4	4	1		I6		Bb	bVII		I6		I		6					M	0	0	4, 1, 0		0	4
614	2.0	165	164	0	0	4/4	4	1		I[I64		Bb	bVII	I	I64		I		64					M	0	0	1, 0, 4		0	1
616	2.0	165	164	1/2	1/2	4/4	4	1		I+6		Bb	bVII	I	I+6		I	+	6					+	0	0	4, 8, 0		0	4
618	2.0	166	165	0	0	4/4	4	1		IV64		Bb	bVII	I	IV64		IV		64					M	0	0	0, -1, 3		-1	0
620	1.0	166	165	1/2	1/2	4/4	4	1		v6		Bb	bVII	I	v6		v		6					m	0	0	-2, 2, 1		1	-2
621	1.0	166	165	3/4	3/4	4/4	4	1		V7		Bb	bVII	I	V7		V		7					Mm7	0	0	1, 5, 2, -1		1	1
622	2.5	167	166	0	0	4/4	4	1		I64]		Bb	bVII	I	I64		I		64					M	0	0	1, 0, 4		0	1
1249/2	1.5	167	166	5/8	5/8	4/4	4	1		V7		Bb	bVII		V7		V		7					Mm7	0	0	1, 5, 2, -1		1	1
626	4.0	168	167	0	0	4/4	4	1		I6		Bb	bVII		I6		I		6					M	0	0	4, 1, 0		0	4
630	2.0	169	168	0	0	4/4	4	1		I		Bb	bVII		I		I							M	0	0	0, 4, 1		0	0
632	2.0	169	168	1/2	1/2	4/4	4	1		I+		Bb	bVII		I+		I	+						+	0	0	0, 4, 8		0	0
634	2.0	170	169	0	0	4/4	4	1		vi6	ii6/V	Bb	bVII		vi6		vi		6					m	0	0	0, 4, 3		3	0
636	1.0	170	169	1/2	1/2	4/4	4	1		V(64)/V		Bb	bVII		V(64)/V		V			64	V			M	0	0	2, 1, 5		2	2
637	1.0	170	169	3/4	3/4	4/4	4	1		V/V		Bb	bVII		V/V		V				V			M	0	0	2, 6, 3		2	2
638	2.0	171	170	0	0	4/4	4	1		viio65		Bb	bVII		viio65		vii	o	65					o7	0	0	2, -1, -4, 5		5	2
640	2.0	171	170	1/2	1/2	4/4	4	1		I6		Bb	bVII		I6		I		6					M	0	0	4, 1, 0		0	4
642	2.0	172	171	0	0	4/4	4	1		ii65		Bb	bVII		ii65		ii		65					mm7	0	0	-1, 3, 0, 2		2	-1
644	2.0	172	171	1/2	1/2	4/4	4	1		V65/V		Bb	bVII		V65/V		V		65		V			Mm7	0	0	6, 3, 0, 2		2	6
646	1.0	173	172	0	0	4/4	4	1		V		Bb	bVII		V		V							M	0	0	1, 5, 2		1	1
647	1.0	173	172	1/4	1/4	4/4	4	1		#viio7/vi		Bb	bVII		#viio7/vi		#vii	o	7		vi			o7	0	0	8, 5, 2, -1		8	8
648	2.0	173	172	1/2	1/2	4/4	4	1		vi		Bb	bVII		vi		vi							m	0	0	3, 0, 4		3	3
650	3.0	174	173	0	0	4/4	4	1		vi	I.i64	Bb	bVII		vi		vi							m	0	0	3, 0, 4		3	3
653	1.0	174	173	3/4	3/4	4/4	4	1		viio7/V		Bb	bVII		viio7/V		vii	o	7		V			o7	0	0	6, 3, 0, -3		6	6
654	3.0	175	174	0	0	4/4	4	1		V		Bb	bVII		V		V							M	0	0	1, 5, 2		1	1
657	1.0	175	174	3/4	3/4	4/4	4	1		V2		Bb	bVII		V2		V		2					Mm7	0	0	-1, 1, 5, 2		1	-1
658	4.0	176	175	0	0	4/4	4	1		I6		Bb	bVII		I6		I		6					M	0	0	4, 1, 0		0	4
662	4.0	177	176	0	0	4/4	4	1		I[I6		Bb	bVII	I	I6		I		6					M	0	0	4, 1, 0		0	4
666	2.0	178	177	0	0	4/4	4	1		V6		Bb	bVII	I	V6		V		6					M	0	0	5, 2, 1		1	5
668	2.0	178	177	1/2	1/2	4/4	4	1		V		Bb	bVII	I	V		V							M	0	0	1, 5, 2		1	1
670	2.0	179	178	0	0	4/4	4	1		I6		Bb	bVII	I	I6		I		6					M	0	0	4, 1, 0		0	4
672	1.0	179	178	1/2	1/2	4/4	4	1		I64]		Bb	bVII	I	I64		I		64					M	0	0	1, 0, 4		0	1
673	1.0	179	178	3/4	3/4	4/4	4	1		I64		Bb	bVII		I64		I		64					M	0	0	1, 0, 4		0	1
674	4.0	180	179	0	0	4/4	4	1		I6		Bb	bVII		I6		I		6					M	0	0	4, 1, 0		0	4
678	4.0	181	180	0	0	4/4	4	1		I		Bb	bVII		I		I							M	0	0	0, 4, 1		0	0
682	1.0	182	181	0	0	4/4	4	1		V(64)/V		Bb	bVII		V(64)/V		V			64	V			M	0	0	2, 1, 5		2	2
683	3.0	182	181	1/4	1/4	4/4	4	1		V/V		Bb	bVII		V/V		V				V			M	0	0	2, 6, 3		2	2
686	2.0	183	182	0	0	4/4	4	1		V43		Bb	bVII		V43		V		43					Mm7	0	0	2, -1, 1, 5		1	2
688	2.0	183	182	1/2	1/2	4/4	4	1		I6		Bb	bVII		I6		I		6					M	0	0	4, 1, 0		0	4
690	2.0	184	183	0	0	4/4	4	1		ii65		Bb	bVII		ii65		ii		65					mm7	0	0	-1, 3, 0, 2		2	-1
692	2.0	184	183	1/2	1/2	4/4	4	1		V65/V		Bb	bVII		V65/V		V		65		V			Mm7	0	0	6, 3, 0, 2		2	6
694	2.0	185	184	0	0	4/4	4	1		V		Bb	bVII		V		V							M	0	0	1, 5, 2		1	1
696	1.0	185	184	1/2	1/2	4/4	4	1		V7		Bb	bVII		V7		V		7					Mm7	0	0	1, 5, 2, -1		1	1
697	1.0	185	184	3/4	3/4	4/4	4	1		V65		Bb	bVII		V65		V		65					Mm7	0	0	5, 2, -1, 1		1	5
698	2.0	186	185	0	0	4/4	4	1		I6		Bb	bVII		I6		I		6					M	0	0	4, 1, 0		0	4
700	2.0	186	185	1/2	1/2	4/4	4	1		I		Bb	bVII		I		I							M	0	0	0, 4, 1		0	0
702	2.0	187	186	0	0	4/4	4	1		V6		Bb	bVII		V6		V		6					M	0	0	5, 2, 1		1	5
704	2.0	187	186	1/2	1/2	4/4	4	1		V7		Bb	bVII		V7		V		7					Mm7	0	0	1, 5, 2, -1		1	1
706	4.0	188	187	0	0	4/4	4	1		I		Bb	bVII		I		I							M	0	0	0, 4, 1		0	0
710	4.0	189	188	0	0	4/4	4	1		V7/vi		Bb	bVII		V7/vi		V		7		vi			Mm7	0	0	4, 8, 5, 2		4	4
714	2.0	190	189	0	0	4/4	4	1		vi		Bb	bVII		vi		vi							m	0	0	3, 0, 4		3	3
716	2.0	190	189	1/2	1/2	4/4	4	1		V7/V		Bb	bVII		V7/V		V		7		V			Mm7	0	0	2, 6, 3, 0		2	2
718	1.75	191	190	0	0	4/4	4	1		V		Bb	bVII		V		V							M	0	0	1, 5, 2		1	1
2879/4	0.25	191	190	7/16	7/16	4/4	4	1		V7		Bb	bVII		V7		V		7					Mm7	0	0	1, 5, 2, -1		1	1
720	2.0	191	190	1/2	1/2	4/4	4	1		vi		Bb	bVII		vi		vi							m	0	0	3, 0, 4		3	3
722	2.0	192	191	0	0	4/4	4	1		ii65		Bb	bVII		ii65		ii		65					mm7	0	0	-1, 3, 0, 2		2	-1
724	1.0	192	191	1/2	1/2	4/4	4	1		V		Bb	bVII		V		V							M	0	0	1, 5, 2		1	1
725	2.0	192	191	3/4	3/4	4/4	4	1		I64		Bb	bVII		I64		I		64					M	0	0	1, 0, 4		0	1
727	1.0	193	192	1/4	1/4	4/4	4	1		vi6		Bb	bVII		vi6		vi		6					m	0	0	0, 4, 3		3	0
728	1.0	193	192	1/2	1/2	4/4	4	1		V43/V		Bb	bVII		V43/V		V		43		V			Mm7	0	0	3, 0, 2, 6		2	3
729	0.5	193	192	3/4	3/4	4/4	4	1		V64		Bb	bVII		V64		V		64					M	0	0	2, 1, 5		1	2
1459/2	0.5	193	192	7/8	7/8	4/4	4	1		V6		Bb	bVII		V6		V		6					M	0	0	5, 2, 1		1	5
730	0.5	194	193	0	0	4/4	4	1		viio(+4)		Bb	bVII		viio(+4)		vii	o		+4				o	0	0	5, 2, -1	4	5	5
1461/2	0.5	194	193	1/8	1/8	4/4	4	1		V7(+6)		Bb	bVII		V7(+6)		V		7	+6				Mm7	0	0	1, 5, 2, -1	4	1	1
731	0.5	194	193	1/4	1/4	4/4	4	1		I6		Bb	bVII		I6		I		6					M	0	0	4, 1, 0		0	4
1463/2	0.5	194	193	3/8	3/8	4/4	4	1		I		Bb	bVII		I		I							M	0	0	0, 4, 1		0	0
732	0.5	194	193	1/2	1/2	4/4	4	1		vi6		Bb	bVII		vi6		vi		6					m	0	0	0, 4, 3		3	0
1465/2	0.5	194	193	5/8	5/8	4/4	4	1		ii65		Bb	bVII		ii65		ii		65					mm7	0	0	-1, 3, 0, 2		2	-1
733	0.5	194	193	3/4	3/4	4/4	4	1		V6/V		Bb	bVII		V6/V		V		6		V			M	0	0	6, 3, 2		2	6
1467/2	0.5	194	193	7/8	7/8	4/4	4	1		V		Bb	bVII		V		V							M	0	0	1, 5, 2		1	1
734	1.0	195	194	0	0	4/4	4	1		I\\		Bb	bVII		I		I						\\	M	0	0	0, 4, 1		0	0
735	1.0	195	194	1/4	1/4	4/4	4	1		I		Bb	bVII		I		I							M	0	0	0, 4, 1		0	0
736	2.0	195	194	1/2	1/2	4/4	4	1		V6		Bb	bVII		V6		V		6					M	0	0	5, 2, 1		1	5
738	1.0	196	195	0	0	4/4	4	1		V43/V		Bb	bVII		V43/V		V		43		V			Mm7	0	0	3, 0, 2, 6		2	3
739	1.0	196	195	1/4	1/4	4/4	4	1		iii6		Bb	bVII		iii6		iii		6					m	0	0	1, 5, 4		4	1
740	1.0	196	195	1/2	1/2	4/4	4	1		V65/V		Bb	bVII		V65/V		V		65		V			Mm7	0	0	6, 3, 0, 2		2	6
741	1.0	196	195	3/4	3/4	4/4	4	1		ii6		Bb	bVII		ii6		ii		6					m	0	0	-1, 3, 2		2	-1
742	1.0	197	196	0	0	4/4	4	1		I6		Bb	bVII		I6		I		6					M	0	0	4, 1, 0		0	4
743	1.0	197	196	1/4	1/4	4/4	4	1		ii6		Bb	bVII		ii6		ii		6					m	0	0	-1, 3, 2		2	-1
744	1.0	197	196	1/2	1/2	4/4	4	1		V(64)		Bb	bVII		V(64)		V			64				M	0	0	1, 0, 4		1	1
745	1.0	197	196	3/4	3/4	4/4	4	1		V7		Bb	bVII		V7		V		7					Mm7	0	0	1, 5, 2, -1		1	1
746	2.0	198	197	0	0	4/4	4	1		I\\		Bb	bVII		I		I						\\	M	0	0	0, 4, 1		0	0
748	1.0	198	197	1/2	1/2	4/4	4	1		V7		Bb	bVII		V7		V		7					Mm7	0	0	1, 5, 2, -1		1	1
749	1.0	198	197	3/4	3/4	4/4	4	1		V6		Bb	bVII		V6		V		6					M	0	0	5, 2, 1		1	5
750	1.0	199	198	0	0	4/4	4	1		I6		Bb	bVII		I6		I		6					M	0	0	4, 1, 0		0	4
751	1.0	199	198	1/4	1/4	4/4	4	1		I6(9)		Bb	bVII		I6(9)		I		6	9				M	0	0	4, 1, 0	2	0	4
752	1.0	199	198	1/2	1/2	4/4	4	1		V(64)		Bb	bVII		V(64)		V			64				M	0	0	1, 0, 4		1	1
753	1.0	199	198	3/4	3/4	4/4	4	1		V7		Bb	bVII		V7		V		7					Mm7	0	0	1, 5, 2, -1		1	1
754	1.0	200	199	0	0	4/4	4	1		vi		Bb	bVII		vi		vi							m	0	0	3, 0, 4		3	3
755	1.0	200	199	1/4	1/4	4/4	4	1		V6(+6)		Bb	bVII		V6(+6)		V		6	+6				M	0	0	5, 2, 1	4	1	5
756	1.0	200	199	1/2	1/2	4/4	4	1		I		Bb	bVII		I		I							M	0	0	0, 4, 1		0	0
757	1.0	200	199	3/4	3/4	4/4	4	1		V43		Bb	bVII		V43		V		43					Mm7	0	0	2, -1, 1, 5		1	2
758	1.0	201	200	0	0	4/4	4	1		V.ii65		Bb	V		ii65		ii		65					mm7	0	0	-1, 3, 0, 2		2	-1
759	1.0	201	200	1/4	1/4	4/4	4	1		V7		Bb	V		V7		V		7					Mm7	0	0	1, 5, 2, -1		1	1
760	1.0	201	200	1/2	1/2	4/4	4	1		I		Bb	V		I		I							M	0	0	0, 4, 1		0	0
761	1.0	201	200	3/4	3/4	4/4	4	1		I.V6		Bb	I		V6		V		6					M	0	0	5, 2, 1		1	5
762	1.0	202	201	0	0	4/4	4	1		vi7		Bb	I		vi7		vi		7					mm7	0	0	3, 0, 4, 1		3	3
763	1.0	202	201	1/4	1/4	4/4	4	1		V7		Bb	I		V7		V		7					Mm7	0	0	1, 5, 2, -1		1	1
764	1.0	202	201	1/2	1/2	4/4	4	1		V2		Bb	I		V2		V		2					Mm7	0	0	-1, 1, 5, 2		1	-1
765	1.0	202	201	3/4	3/4	4/4	4	1		I6		Bb	I		I6		I		6					M	0	0	4, 1, 0		0	4
766	1.0	203	202	0	0	4/4	4	1		V2		Bb	I		V2		V		2					Mm7	0	0	-1, 1, 5, 2		1	-1
767	1.0	203	202	1/4	1/4	4/4	4	1		iii6		Bb	I		iii6		iii		6					m	0	0	1, 5, 4		4	1
768	1.0	203	202	1/2	1/2	4/4	4	1		vi		Bb	I		vi		vi							m	0	0	3, 0, 4		3	3
769	1.0	203	202	3/4	3/4	4/4	4	1		ii		Bb	I		ii		ii							m	0	0	2, -1, 3		2	2
770	1.0	204	203	0	0	4/4	4	1		viio7	iio/vi	Bb	I		viio7		vii	o	7					o7	0	0	5, 2, -1, -4		5	5
771	1.0	204	203	1/4	1/4	4/4	4	1		V6/vi		Bb	I		V6/vi		V		6		vi			M	0	0	8, 5, 4		4	8
772	1.0	204	203	1/2	1/2	4/4	4	1		vi		Bb	I		vi		vi							m	0	0	3, 0, 4		3	3
773	1.0	204	203	3/4	3/4	4/4	4	1		V6/V		Bb	I		V6/V		V		6		V			M	0	0	6, 3, 2		2	6
774	0.5	205	204	0	0	4/4	4	1		V7		Bb	I		V7		V		7					Mm7	0	0	1, 5, 2, -1		1	1
1549/2	0.5	205	204	1/8	1/8	4/4	4	1		V(6)		Bb	I		V(6)		V			6				M	0	0	1, 5, 4		1	1
775	1.0	205	204	1/4	1/4	4/4	4	1		I		Bb	I		I		I							M	0	0	0, 4, 1		0	0
776	1.0	205	204	1/2	1/2	4/4	4	1		IV6		Bb	I		IV6		IV		6					M	0	0	3, 0, -1		-1	3
777	1.0	205	204	3/4	3/4	4/4	4	1		viio	iio/vi	Bb	I		viio		vii	o						o	0	0	5, 2, -1		5	5
778	1.0	206	205	0	0	4/4	4	1		V6/vi		Bb	I		V6/vi		V		6		vi			M	0	0	8, 5, 4		4	8
779	0.5	206	205	1/4	1/4	4/4	4	1		vi		Bb	I		vi		vi							m	0	0	3, 0, 4		3	3
1559/2	0.5	206	205	3/8	3/8	4/4	4	1		vi2		Bb	I		vi2		vi		2					mm7	0	0	1, 3, 0, 4		3	1
780	0.5	206	205	1/2	1/2	4/4	4	1		IV		Bb	I		IV		IV							M	0	0	-1, 3, 0		-1	-1
1561/2	0.5	206	205	5/8	5/8	4/4	4	1		vi64		Bb	I		vi64		vi		64					m	0	0	4, 3, 0		3	4
781	0.5	206	205	3/4	3/4	4/4	4	1		viio6		Bb	I		viio6		vii	o	6					o	0	0	2, -1, 5		5	2
1563/2	0.5	206	205	7/8	7/8	4/4	4	1		I		Bb	I		I		I							M	0	0	0, 4, 1		0	0
782	0.5	207	206	0	0	4/4	4	1		viio		Bb	I		viio		vii	o						o	0	0	5, 2, -1		5	5
1565/2	0.5	207	206	1/8	1/8	4/4	4	1		V43/V		Bb	I		V43/V		V		43		V			Mm7	0	0	3, 0, 2, 6		2	3
783	0.5	207	206	1/4	1/4	4/4	4	1		V		Bb	I		V		V							M	0	0	1, 5, 2		1	1
1567/2	0.5	207	206	3/8	3/8	4/4	4	1		viio(+2)/V		Bb	I		viio(+2)/V		vii	o		+2	V			o	0	0	6, 3, 0	1	6	6
784	0.5	207	206	1/2	1/2	4/4	4	1		V2		Bb	I		V2		V		2					Mm7	0	0	-1, 1, 5, 2		1	-1
1569/2	0.5	207	206	5/8	5/8	4/4	4	1		I6		Bb	I		I6		I		6					M	0	0	4, 1, 0		0	4
785	0.5	207	206	3/4	3/4	4/4	4	1		viio6		Bb	I		viio6		vii	o	6					o	0	0	2, -1, 5		5	2
1571/2	0.5	207	206	7/8	7/8	4/4	4	1		I		Bb	I		I		I							M	0	0	0, 4, 1		0	0
786	0.5	208	207	0	0	4/4	4	1		V6		Bb	I		V6		V		6					M	0	0	5, 2, 1		1	5
1573/2	0.5	208	207	1/8	1/8	4/4	4	1		vi		Bb	I		vi		vi							m	0	0	3, 0, 4		3	3
787	0.5	208	207	1/4	1/4	4/4	4	1		V7		Bb	I		V7		V		7					Mm7	0	0	1, 5, 2, -1		1	1
1575/2	0.5	208	207	3/8	3/8	4/4	4	1		vii64		Bb	I		vii64		vii		64					m	0	0	6, 5, 2		5	6
788	0.5	208	207	1/2	1/2	4/4	4	1		V2		Bb	I		V2		V		2					Mm7	0	0	-1, 1, 5, 2		1	-1
1577/2	0.5	208	207	5/8	5/8	4/4	4	1		V64		Bb	I		V64		V		64					M	0	0	2, 1, 5		1	2
789	0.5	208	207	3/4	3/4	4/4	4	1		I		Bb	I		I		I							M	0	0	0, 4, 1		0	0
1579/2	0.5	208	207	7/8	7/8	4/4	4	1		V6		Bb	I		V6		V		6					M	0	0	5, 2, 1		1	5
790	2.0	209	208	0	0	4/4	4	1		I		Bb	I		I		I							M	0	0	0, 4, 1		0	0
792	2.0	209	208	1/2	1/2	4/4	4	1		IV		Bb	I		IV		IV							M	0	0	-1, 3, 0		-1	-1
794	2.0	210	209	0	0	4/4	4	1		I6		Bb	I		I6		I		6					M	0	0	4, 1, 0		0	4
796	2.0	210	209	1/2	1/2	4/4	4	1		V43		Bb	I		V43		V		43					Mm7	0	0	2, -1, 1, 5		1	2
798	2.0	211	210	0	0	4/4	4	1		I		Bb	I		I		I							M	0	0	0, 4, 1		0	0
800	2.0	211	210	1/2	1/2	4/4	4	1		V		Bb	I		V		V							M	0	0	1, 5, 2		1	1
802	0.5	212	211	0	0	4/4	4	1		I\\		Bb	I		I		I						\\	M	0	0	0, 4, 1		0	0
1605/2	1.0	212	211	1/8	1/8	4/4	4	1		I		Bb	I		I		I							M	0	0	0, 4, 1		0	0
1607/2	1.0	212	211	3/8	3/8	4/4	4	1		V2/IV		Bb	I		V2/IV		V		2		IV			Mm7	0	0	-2, 0, 4, 1		0	-2
1609/2	2.0	212	211	5/8	5/8	4/4	4	1		IV6		Bb	I		IV6		IV		6					M	0	0	3, 0, -1		-1	3
1613/2	2.0	213	212	1/8	1/8	4/4	4	1		V43/IV		Bb	I		V43/IV		V		43		IV			Mm7	0	0	1, -2, 0, 4		0	1
1617/2	3.0	213	212	5/8	5/8	4/4	4	1		IV6		Bb	I		IV6		IV		6					M	0	0	3, 0, -1		-1	3
1623/2	1.0	214	213	3/8	3/8	4/4	4	1		IV		Bb	I		IV		IV							M	0	0	-1, 3, 0		-1	-1
1625/2	2.5	214	213	5/8	5/8	4/4	4	1		I6		Bb	I		I6		I		6					M	0	0	4, 1, 0		0	4
815	6.0	215	214	1/4	1/4	4/4	4	1		@none		Bb	I		@none		@none							m	0	0				
821	1.0	216	215	3/4	3/4	4/4	4	1		viio6/V		Bb	I		viio6/V		vii	o	6		V			o	0	0	3, 0, 6		6	3
822	1.5	217	216	0	0	3/4	4	1		V		Bb	I		V		V							M	0	0	1, 5, 2		1	1
1647/2	0.5	217	216	3/8	3/8	3/4	4	1		#viio65/ii		Bb	I		#viio65/ii		#vii	o	65		ii			o7	0	0	4, 1, -2, 7		7	4
824	0.5	217	216	1/2	1/2	3/4	4	1		ii6		Bb	I		ii6		ii		6					m	0	0	-1, 3, 2		2	-1
1649/2	0.5	217	216	5/8	5/8	3/4	4	1		ii		Bb	I		ii		ii							m	0	0	2, -1, 3		2	2
825	1.0	218	217	0	0	3/4	4	1		I6		Bb	I		I6		I		6					M	0	0	4, 1, 0		0	4
826	1.0	218	217	1/4	1/4	3/4	4	1		V		Bb	I		V		V							M	0	0	1, 5, 2		1	1
827	0.5	218	217	1/2	1/2	3/4	4	1		I6		Bb	I		I6		I		6					M	0	0	4, 1, 0		0	4
1655/2	0.5	218	217	5/8	5/8	3/4	4	1		I		Bb	I		I		I							M	0	0	0, 4, 1		0	0
828	1.5	219	218	0	0	3/4	4	1		V43		Bb	I		V43		V		43					Mm7	0	0	2, -1, 1, 5		1	2
1659/2	0.5	219	218	3/8	3/8	3/4	4	1		#viio65/ii		Bb	I		#viio65/ii		#vii	o	65		ii			o7	0	0	4, 1, -2, 7		7	4
830	0.5	219	218	1/2	1/2	3/4	4	1		ii6		Bb	I		ii6		ii		6					m	0	0	-1, 3, 2		2	-1
1661/2	0.5	219	218	5/8	5/8	3/4	4	1		V7		Bb	I		V7		V		7					Mm7	0	0	1, 5, 2, -1		1	1
831	1.0	220	219	0	0	3/4	4	1		#viio7/vi		Bb	I		#viio7/vi		#vii	o	7		vi			o7	0	0	8, 5, 2, -1		8	8
832	1.0	220	219	1/4	1/4	3/4	4	1		vi		Bb	I		vi		vi							m	0	0	3, 0, 4		3	3
833	1.0	220	219	1/2	1/2	3/4	4	1		#viio7/vi		Bb	I		#viio7/vi		#vii	o	7		vi			o7	0	0	8, 5, 2, -1		8	8
834	3.0	221	220	0	0	4/4	4	1		vi		Bb	I		vi		vi							m	0	0	3, 0, 4		3	3
837	1.0	221	220	3/4	3/4	4/4	4	1		IV6		Bb	I		IV6		IV		6					M	0	0	3, 0, -1		-1	3
838	1.0	222	221	0	0	3/4	4	1		IV+6		Bb	I		IV+6		IV	+	6					+	0	0	3, 7, -1		-1	3
839	1.0	222	221	1/4	1/4	3/4	4	1		viio		Bb	I		viio		vii	o						o	0	0	5, 2, -1		5	5
840	1.0	222	221	1/2	1/2	3/4	4	1		IV+6		Bb	I		IV+6		IV	+	6					+	0	0	3, 7, -1		-1	3
841	1.0	223	222	0	0	4/4	4	1		V6		Bb	I		V6		V		6					M	0	0	5, 2, 1		1	5
842	3.0	223	222	1/4	1/4	4/4	4	1		V		Bb	I		V		V							M	0	0	1, 5, 2		1	1
845	1.0	224	223	0	0	3/4	4	1		V+		Bb	I		V+		V	+						+	0	0	1, 5, 9		1	1
846	1.0	224	223	1/4	1/4	3/4	4	1		I		Bb	I		I		I							M	0	0	0, 4, 1		0	0
847	1.0	224	223	1/2	1/2	3/4	4	1		V+		Bb	I		V+		V	+						+	0	0	1, 5, 9		1	1
848	4.0	225	224	0	0	4/4	4	1		V(64)		Bb	I		V(64)		V			64				M	0	0	1, 0, 4		1	1
852	1.0	226	225	0	0	4/4	4	1		V[I		Bb	I	V	I		I							M	0	0	0, 4, 1		0	0
853	0.5	226	225	1/4	1/4	4/4	4	1		i		Bb	I	V	i		i							m	0	0	0, -3, 1		0	0
1707/2	1.5	226	225	3/8	3/8	4/4	4	1		viio43/V		Bb	I	V	viio43/V		vii	o	43		V			o7	0	0	0, -3, 6, 3		6	0
855	0.5	226	225	3/4	3/4	4/4	4	1		V6		Bb	I	V	V6		V		6					M	0	0	5, 2, 1		1	5
1711/2	1.5	226	225	7/8	7/8	4/4	4	1		#viio6/vi		Bb	I	V	#viio6/vi		#vii	o	6		vi			o	0	0	5, 2, 8		8	5
857	2.0	227	226	1/4	1/4	4/4	4	1		V7/ii		Bb	I	V	V7/ii		V		7		ii			Mm7	0	0	3, 7, 4, 1		3	3
859	0.5	227	226	3/4	3/4	4/4	4	1		ii		Bb	I	V	ii		ii							m	0	0	2, -1, 3		2	2
1719/2	1.5	227	226	7/8	7/8	4/4	4	1		viio43/V		Bb	I	V	viio43/V		vii	o	43		V			o7	0	0	0, -3, 6, 3		6	0
861	0.5	228	227	1/4	1/4	4/4	4	1		viio(6)		Bb	I	V	viio(6)		vii	o		6				o	0	0	5, 2, 1		5	5
1723/2	1.5	228	227	3/8	3/8	4/4	4	1		viio		Bb	I	V	viio		vii	o						o	0	0	5, 2, -1		5	5
863	1.0	228	227	3/4	3/4	4/4	4	1		V2/IV		Bb	I	V	V2/IV		V		2		IV			Mm7	0	0	-2, 0, 4, 1		0	-2
864	1.0	229	228	0	0	4/4	4	1		V2/IV]		Bb	I	V	V2/IV		V		2		IV			Mm7	0	0	-2, 0, 4, 1		0	-2
865	2.0	229	228	1/4	1/4	4/4	4	1		IV		Bb	I		IV		IV							M	0	0	-1, 3, 0		-1	-1
867	1.0	229	228	3/4	3/4	4/4	4	1		iv		Bb	I		iv		iv							m	0	0	-1, -4, 0		-1	-1
868	1.0	230	229	0	0	4/4	4	1		I6		Bb	I		I6		I		6					M	0	0	4, 1, 0		0	4
869	1.0	230	229	1/4	1/4	4/4	4	1		V43		Bb	I		V43		V		43					Mm7	0	0	2, -1, 1, 5		1	2
870	1.0	230	229	1/2	1/2	4/4	4	1		I		Bb	I		I		I							M	0	0	0, 4, 1		0	0
871	1.0	230	229	3/4	3/4	4/4	4	1		ii6		Bb	I		ii6		ii		6					m	0	0	-1, 3, 2		2	-1
872	1.0	231	230	0	0	4/4	4	1		viio/V		Bb	I		viio/V		vii	o			V			o	0	0	6, 3, 0		6	6
873	1.0	231	230	1/4	1/4	4/4	4	1		V		Bb	I		V		V							M	0	0	1, 5, 2		1	1
874	2.0	231	230	1/2	1/2	4/4	4	1		V7		Bb	I		V7		V		7					Mm7	0	0	1, 5, 2, -1		1	1
876	1.0	232	231	0	0	4/4	4	1		I\\		Bb	I		I		I						\\	M	0	0	0, 4, 1		0	0
877	3.0	232	231	1/4	1/4	4/4	4	1		I		Bb	I		I		I							M	0	0	0, 4, 1		0	0
880	4.0	233	232	0	0	4/4	4	1		V7		Bb	I		V7		V		7					Mm7	0	0	1, 5, 2, -1		1	1
884	4.0	234	233	0	0	4/4	4	1		I		Bb	I		I		I							M	0	0	0, 4, 1		0	0
888	4.0	235	234	0	0	4/4	4	1		V7		Bb	I		V7		V		7					Mm7	0	0	1, 5, 2, -1		1	1
892	1.0	236	235	0	0	4/4	4	1		I		Bb	I		I		I							M	0	0	0, 4, 1		0	0
893	1.0	236	235	1/4	1/4	4/4	4	1		V7		Bb	I		V7		V		7					Mm7	0	0	1, 5, 2, -1		1	1
894	1.0	236	235	1/2	1/2	4/4	4	1		I		Bb	I		I		I							M	0	0	0, 4, 1		0	0
895	1.0	236	235	3/4	3/4	4/4	4	1		V7		Bb	I		V7		V		7					Mm7	0	0	1, 5, 2, -1		1	1
896	4.0	237	236	0	0	4/4	4	1		I\\		Bb	I		I		I						\\	M	0	0	0, 4, 1		0	0
