"chord"	"altchord"	"measure"	"beat"	"totbeat"	"timesig"	"op"	"no"	"mov"	"length"	"global_key"	"local_key"	"pedal"	"numeral"	"form"	"figbass"	"changes"	"relativeroot"	"phraseend"
".F.I"	""	"1"	"1.0"	"1.0"	"2/4"	"59"	"7"	"4"	1.0	"F"	"I"	""	"I"	""	""	""	""	false
"V"	""	"1"	"2.0"	"2.0"	"2/4"	"59"	"7"	"4"	1.0	"F"	"I"	""	"V"	""	""	""	""	false
"I"	""	"2"	"1.0"	"3.0"	"2/4"	"59"	"7"	"4"	1.0	"F"	"I"	""	"I"	""	""	""	""	false
"V43"	""	"2"	"2.0"	"4.0"	"2/4"	"59"	"7"	"4"	1.0	"F"	"I"	""	"V"	""	"43"	""	""	false
"I6"	""	"3"	"1.0"	"5.0"	"2/4"	"59"	"7"	"4"	1.0	"F"	"I"	""	"I"	""	"6"	""	""	false
"V"	""	"3"	"2.0"	"6.0"	"2/4"	"59"	"7"	"4"	1.0	"F"	"I"	""	"V"	""	""	""	""	false
"I6"	""	"4"	"1.0"	"7.0"	"2/4"	"59"	"7"	"4"	1.0	"F"	"I"	""	"I"	""	"6"	""	""	false
"V"	""	"4"	"2.0"	"8.0"	"2/4"	"59"	"7"	"4"	1.0	"F"	"I"	""	"V"	""	""	""	""	false
"I6"	""	"5"	"1.0"	"9.0"	"2/4"	"59"	"7"	"4"	1.0	"F"	"I"	""	"I"	""	"6"	""	""	false
"V2/vi"	""	"5"	"2.0"	"10.0"	"2/4"	"59"	"7"	"4"	1.0	"F"	"I"	""	"V"	""	"2"	""	"vi"	false
"vi6"	""	"6"	"1.0"	"11.0"	"2/4"	"59"	"7"	"4"	1.0	"F"	"I"	""	"vi"	""	"6"	""	""	false
"V6/vi"	""	"6"	"2.0"	"12.0"	"2/4"	"59"	"7"	"4"	1.0	"F"	"I"	""	"V"	""	"6"	""	"vi"	false
"vi"	""	"7"	"1.0"	"13.0"	"2/4"	"59"	"7"	"4"	1.0	"F"	"I"	""	"vi"	""	""	""	""	false
"V64/vi"	""	"7"	"2.0"	"14.0"	"2/4"	"59"	"7"	"4"	1.0	"F"	"I"	""	"V"	""	"64"	""	"vi"	false
"vi"	""	"8"	"1.0"	"15.0"	"2/4"	"59"	"7"	"4"	1.0	"F"	"I"	""	"vi"	""	""	""	""	false
"I64"	""	"8"	"2.0"	"16.0"	"2/4"	"59"	"7"	"4"	1.0	"F"	"I"	""	"I"	""	"64"	""	""	false
"V[V43(2)"	""	"9"	"1.0"	"17.0"	"2/4"	"59"	"7"	"4"	1.0	"F"	"I"	"V"	"V"	""	"43"	"2"	""	false
"V43"	""	"9"	"2.0"	"18.0"	"2/4"	"59"	"7"	"4"	1.0	"F"	"I"	"V"	"V"	""	"43"	""	""	false
"I"	""	"10"	"1.0"	"19.0"	"2/4"	"59"	"7"	"4"	1.0	"F"	"I"	"V"	"I"	""	""	""	""	false
"V"	""	"10"	"2.0"	"20.0"	"2/4"	"59"	"7"	"4"	1.0	"F"	"I"	"V"	"V"	""	""	""	""	false
"I6"	""	"11"	"1.0"	"21.0"	"2/4"	"59"	"7"	"4"	1.0	"F"	"I"	"V"	"I"	""	"6"	""	""	false
"V6"	""	"11"	"2.0"	"22.0"	"2/4"	"59"	"7"	"4"	1.0	"F"	"I"	"V"	"V"	""	"6"	""	""	false
"I"	""	"12"	"1.0"	"23.0"	"2/4"	"59"	"7"	"4"	1.0	"F"	"I"	"V"	"I"	""	""	""	""	false
"V6"	""	"12"	"2.0"	"24.0"	"2/4"	"59"	"7"	"4"	1.0	"F"	"I"	"V"	"V"	""	"6"	""	""	false
"I]"	""	"13"	"1.0"	"25.0"	"2/4"	"59"	"7"	"4"	1.0	"F"	"I"	"V"	"I"	""	""	""	""	false
"V65/vi"	""	"13"	"2.0"	"26.0"	"2/4"	"59"	"7"	"4"	1.0	"F"	"I"	""	"V"	""	"65"	""	"vi"	false
"vi"	""	"14"	"1.0"	"27.0"	"2/4"	"59"	"7"	"4"	1.0	"F"	"I"	""	"vi"	""	""	""	""	false
"V43/vi"	""	"14"	"2.0"	"28.0"	"2/4"	"59"	"7"	"4"	1.0	"F"	"I"	""	"V"	""	"43"	""	"vi"	false
"vi6"	""	"15"	"1.0"	"29.0"	"2/4"	"59"	"7"	"4"	1.0	"F"	"I"	""	"vi"	""	"6"	""	""	false
"V65/vi"	""	"15"	"2.0"	"30.0"	"2/4"	"59"	"7"	"4"	1.0	"F"	"I"	""	"V"	""	"65"	""	"vi"	false
"IV"	""	"16"	"1.0"	"31.0"	"2/4"	"59"	"7"	"4"	1.0	"F"	"I"	""	"IV"	""	""	""	""	false
"V2"	""	"16"	"2.0"	"32.0"	"2/4"	"59"	"7"	"4"	1.0	"F"	"I"	""	"V"	""	"2"	""	""	false
"I6"	""	"17"	"1.0"	"33.0"	"2/4"	"59"	"7"	"4"	1.0	"F"	"I"	""	"I"	""	"6"	""	""	false
"V43"	""	"17"	"2.0"	"34.0"	"2/4"	"59"	"7"	"4"	1.0	"F"	"I"	""	"V"	""	"43"	""	""	false
"I\\\\"	""	"18"	"1.0"	"35.0"	"2/4"	"59"	"7"	"4"	1.0	"F"	"I"	""	"I"	""	""	""	""	true
"V6"	""	"18"	"2.0"	"36.0"	"2/4"	"59"	"7"	"4"	1.0	"F"	"I"	""	"V"	""	"6"	""	""	false
"I"	""	"19"	"1.0"	"37.0"	"2/4"	"59"	"7"	"4"	1.0	"F"	"I"	""	"I"	""	""	""	""	false
"V"	""	"19"	"2.0"	"38.0"	"2/4"	"59"	"7"	"4"	1.0	"F"	"I"	""	"V"	""	""	""	""	false
"I"	""	"20"	"1.0"	"39.0"	"2/4"	"59"	"7"	"4"	1.0	"F"	"I"	""	"I"	""	""	""	""	false
"V65"	""	"20"	"2.0"	"40.0"	"2/4"	"59"	"7"	"4"	1.0	"F"	"I"	""	"V"	""	"65"	""	""	false
"I"	""	"21"	"1.0"	"41.0"	"2/4"	"59"	"7"	"4"	1.0	"F"	"I"	""	"I"	""	""	""	""	false
"V"	""	"21"	"2.0"	"42.0"	"2/4"	"59"	"7"	"4"	1.0	"F"	"I"	""	"V"	""	""	""	""	false
"I"	""	"22"	"1.0"	"43.0"	"2/4"	"59"	"7"	"4"	1.5	"F"	"I"	""	"I"	""	""	""	""	false
"I6"	""	"22"	"2.5"	"44.5"	"2/4"	"59"	"7"	"4"	1.0	"F"	"I"	""	"I"	""	"6"	""	""	false
"IV"	""	"23"	"1.5"	"45.5"	"2/4"	"59"	"7"	"4"	2.0	"F"	"I"	""	"IV"	""	""	""	""	false
"ii"	""	"24"	"1.5"	"47.5"	"2/4"	"59"	"7"	"4"	1.0	"F"	"I"	""	"ii"	""	""	""	""	false
"IV"	""	"24"	"2.5"	"48.5"	"2/4"	"59"	"7"	"4"	1.0	"F"	"I"	""	"IV"	""	""	""	""	false
"V"	""	"25"	"1.5"	"49.5"	"2/4"	"59"	"7"	"4"	3.5	"F"	"I"	""	"V"	""	""	""	""	false
"IV6(+2)"	""	"27"	"1.0"	"53.0"	"2/4"	"59"	"7"	"4"	1.0	"F"	"I"	""	"IV"	""	"6"	"+2"	""	false
"V65"	""	"27"	"2.0"	"54.0"	"2/4"	"59"	"7"	"4"	0.5	"F"	"I"	""	"V"	""	"65"	""	""	false
"I"	""	"27"	"2.5"	"54.5"	"2/4"	"59"	"7"	"4"	0.5	"F"	"I"	""	"I"	""	""	""	""	false
"IV6(+2)"	""	"28"	"1.0"	"55.0"	"2/4"	"59"	"7"	"4"	1.0	"F"	"I"	""	"IV"	""	"6"	"+2"	""	false
"V65"	""	"28"	"2.0"	"56.0"	"2/4"	"59"	"7"	"4"	0.5	"F"	"I"	""	"V"	""	"65"	""	""	false
"I"	""	"28"	"2.5"	"56.5"	"2/4"	"59"	"7"	"4"	0.5	"F"	"I"	""	"I"	""	""	""	""	false
"ii6"	""	"29"	"1.0"	"57.0"	"2/4"	"59"	"7"	"4"	1.0	"F"	"I"	""	"ii"	""	"6"	""	""	false
"V"	""	"29"	"2.0"	"58.0"	"2/4"	"59"	"7"	"4"	1.5	"F"	"I"	""	"V"	""	""	""	""	false
"IV6"	""	"30"	"1.5"	"59.5"	"2/4"	"59"	"7"	"4"	0.5	"F"	"I"	""	"IV"	""	"6"	""	""	false
"V7"	""	"30"	"2.0"	"60.0"	"2/4"	"59"	"7"	"4"	0.5	"F"	"I"	""	"V"	""	"7"	""	""	false
"I\\\\"	""	"30"	"2.5"	"60.5"	"2/4"	"59"	"7"	"4"	1.0	"F"	"I"	""	"I"	""	""	""	""	true
"iv6"	""	"31"	"1.5"	"61.5"	"2/4"	"59"	"7"	"4"	0.5	"F"	"I"	""	"iv"	""	"6"	""	""	false
"V7"	""	"31"	"2.0"	"62.0"	"2/4"	"59"	"7"	"4"	0.5	"F"	"I"	""	"V"	""	"7"	""	""	false
"I\\\\"	""	"31"	"2.5"	"62.5"	"2/4"	"59"	"7"	"4"	0.5	"F"	"I"	""	"I"	""	""	""	""	true
"ii6"	""	"32"	"1.0"	"63.0"	"2/4"	"59"	"7"	"4"	1.0	"F"	"I"	""	"ii"	""	"6"	""	""	false
"V"	""	"32"	"2.0"	"64.0"	"2/4"	"59"	"7"	"4"	1.0	"F"	"I"	""	"V"	""	""	""	""	false
"I6"	""	"33"	"1.0"	"65.0"	"2/4"	"59"	"7"	"4"	1.0	"F"	"I"	""	"I"	""	"6"	""	""	false
"vi"	""	"33"	"2.0"	"66.0"	"2/4"	"59"	"7"	"4"	1.0	"F"	"I"	""	"vi"	""	""	""	""	false
"ii6"	""	"34"	"1.0"	"67.0"	"2/4"	"59"	"7"	"4"	1.0	"F"	"I"	""	"ii"	""	"6"	""	""	false
"V"	""	"34"	"2.0"	"68.0"	"2/4"	"59"	"7"	"4"	1.0	"F"	"I"	""	"V"	""	""	""	""	false
"I\\\\"	""	"35"	"1.0"	"69.0"	"2/4"	"59"	"7"	"4"	1.0	"F"	"I"	""	"I"	""	""	""	""	true
"V7"	""	"35"	"2.0"	"70.0"	"2/4"	"59"	"7"	"4"	1.0	"F"	"I"	""	"V"	""	"7"	""	""	false
"I"	""	"36"	"1.0"	"71.0"	"2/4"	"59"	"7"	"4"	1.0	"F"	"I"	""	"I"	""	""	""	""	false
"viio6"	""	"36"	"2.0"	"72.0"	"2/4"	"59"	"7"	"4"	1.0	"F"	"I"	""	"vii"	"o"	"6"	""	""	false
"I6"	""	"37"	"1.0"	"73.0"	"2/4"	"59"	"7"	"4"	1.0	"F"	"I"	""	"I"	""	"6"	""	""	false
"viio6"	""	"37"	"2.0"	"74.0"	"2/4"	"59"	"7"	"4"	1.0	"F"	"I"	""	"vii"	"o"	"6"	""	""	false
"I"	""	"38"	"1.0"	"75.0"	"2/4"	"59"	"7"	"4"	1.0	"F"	"I"	""	"I"	""	""	""	""	false
"V"	""	"38"	"2.0"	"76.0"	"2/4"	"59"	"7"	"4"	1.0	"F"	"I"	""	"V"	""	""	""	""	false
"I6"	""	"39"	"1.0"	"77.0"	"2/4"	"59"	"7"	"4"	1.0	"F"	"I"	""	"I"	""	"6"	""	""	false
"V7"	""	"39"	"2.0"	"78.0"	"2/4"	"59"	"7"	"4"	1.0	"F"	"I"	""	"V"	""	"7"	""	""	false
"I"	""	"40"	"1.0"	"79.0"	"2/4"	"59"	"7"	"4"	1.0	"F"	"I"	""	"I"	""	""	""	""	false
"V/iii"	""	"40"	"2.0"	"80.0"	"2/4"	"59"	"7"	"4"	1.0	"F"	"I"	""	"V"	""	""	""	"iii"	false
"iii"	""	"41"	"1.0"	"81.0"	"2/4"	"59"	"7"	"4"	1.0	"F"	"I"	""	"iii"	""	""	""	""	false
"V7/iii"	""	"41"	"2.0"	"82.0"	"2/4"	"59"	"7"	"4"	1.0	"F"	"I"	""	"V"	""	"7"	""	"iii"	false
"iii"	""	"42"	"1.0"	"83.0"	"2/4"	"59"	"7"	"4"	1.0	"F"	"I"	""	"iii"	""	""	""	""	false
"vi"	""	"42"	"2.0"	"84.0"	"2/4"	"59"	"7"	"4"	1.0	"F"	"I"	""	"vi"	""	""	""	""	false
"V7/V"	""	"43"	"1.0"	"85.0"	"2/4"	"59"	"7"	"4"	4.0	"F"	"I"	""	"V"	""	"7"	""	"V"	false
"V"	""	"45"	"1.0"	"89.0"	"2/4"	"59"	"7"	"4"	1.0	"F"	"I"	""	"V"	""	""	""	""	false
"V43/V"	""	"45"	"2.0"	"90.0"	"2/4"	"59"	"7"	"4"	1.0	"F"	"I"	""	"V"	""	"43"	""	"V"	false
"V6"	""	"46"	"1.0"	"91.0"	"2/4"	"59"	"7"	"4"	1.0	"F"	"I"	""	"V"	""	"6"	""	""	false
"viio7"	""	"46"	"2.0"	"92.0"	"2/4"	"59"	"7"	"4"	1.0	"F"	"I"	""	"vii"	"o"	"7"	""	""	false
"V2/V"	""	"47"	"1.0"	"93.0"	"2/4"	"59"	"7"	"4"	1.0	"F"	"I"	""	"V"	""	"2"	""	"V"	false
"V65"	""	"47"	"2.0"	"94.0"	"2/4"	"59"	"7"	"4"	1.0	"F"	"I"	""	"V"	""	"65"	""	""	false
"V.V43"	""	"48"	"1.0"	"95.0"	"2/4"	"59"	"7"	"4"	2.0	"F"	"V"	""	"V"	""	"43"	""	""	false
"V65"	""	"49"	"1.0"	"97.0"	"2/4"	"59"	"7"	"4"	2.0	"F"	"V"	""	"V"	""	"65"	""	""	false
"V7"	""	"50"	"1.0"	"99.0"	"2/4"	"59"	"7"	"4"	1.0	"F"	"V"	""	"V"	""	"7"	""	""	false
"V2"	""	"50"	"2.0"	"100.0"	"2/4"	"59"	"7"	"4"	1.0	"F"	"V"	""	"V"	""	"2"	""	""	false
"I6"	""	"51"	"1.0"	"101.0"	"2/4"	"59"	"7"	"4"	1.0	"F"	"V"	""	"I"	""	"6"	""	""	false
"V43"	""	"51"	"2.0"	"102.0"	"2/4"	"59"	"7"	"4"	1.0	"F"	"V"	""	"V"	""	"43"	""	""	false
"I"	""	"52"	"1.0"	"103.0"	"2/4"	"59"	"7"	"4"	1.0	"F"	"V"	""	"I"	""	""	""	""	false
"V7"	""	"52"	"2.0"	"104.0"	"2/4"	"59"	"7"	"4"	1.0	"F"	"V"	""	"V"	""	"7"	""	""	false
"v.i6"	""	"53"	"1.0"	"105.0"	"2/4"	"59"	"7"	"4"	1.0	"F"	"v"	""	"i"	""	"6"	""	""	false
"V65"	""	"53"	"2.0"	"106.0"	"2/4"	"59"	"7"	"4"	1.0	"F"	"v"	""	"V"	""	"65"	""	""	false
"i"	""	"54"	"1.0"	"107.0"	"2/4"	"59"	"7"	"4"	1.0	"F"	"v"	""	"i"	""	""	""	""	false
"V64"	""	"54"	"2.0"	"108.0"	"2/4"	"59"	"7"	"4"	1.0	"F"	"v"	""	"V"	""	"64"	""	""	false
"i6"	""	"55"	"1.0"	"109.0"	"2/4"	"59"	"7"	"4"	1.0	"F"	"v"	""	"i"	""	"6"	""	""	false
"#viio7/iv"	""	"55"	"2.0"	"110.0"	"2/4"	"59"	"7"	"4"	1.0	"F"	"v"	""	"#vii"	"o"	"7"	""	"iv"	false
"V2"	""	"56"	"1.0"	"111.0"	"2/4"	"59"	"7"	"4"	3.0	"F"	"v"	""	"V"	""	"2"	""	""	false
"V7"	""	"57"	"2.0"	"114.0"	"2/4"	"59"	"7"	"4"	1.0	"F"	"v"	""	"V"	""	"7"	""	""	false
"V7(+2)"	""	"58"	"1.0"	"115.0"	"2/4"	"59"	"7"	"4"	1.0	"F"	"v"	""	"V"	""	"7"	"+2"	""	false
"V65"	""	"58"	"2.0"	"116.0"	"2/4"	"59"	"7"	"4"	1.0	"F"	"v"	""	"V"	""	"65"	""	""	false
"i"	""	"59"	"1.0"	"117.0"	"2/4"	"59"	"7"	"4"	1.0	"F"	"v"	""	"i"	""	""	""	""	false
"V64"	""	"59"	"2.0"	"118.0"	"2/4"	"59"	"7"	"4"	1.0	"F"	"v"	""	"V"	""	"64"	""	""	false
"i6"	""	"60"	"1.0"	"119.0"	"2/4"	"59"	"7"	"4"	1.0	"F"	"v"	""	"i"	""	"6"	""	""	false
"V64"	""	"60"	"2.0"	"120.0"	"2/4"	"59"	"7"	"4"	1.0	"F"	"v"	""	"V"	""	"64"	""	""	false
"i"	""	"61"	"1.0"	"121.0"	"2/4"	"59"	"7"	"4"	1.0	"F"	"v"	""	"i"	""	""	""	""	false
"V43/VI"	""	"61"	"2.0"	"122.0"	"2/4"	"59"	"7"	"4"	1.0	"F"	"v"	""	"V"	""	"43"	""	"VI"	false
"VI"	""	"62"	"1.0"	"123.0"	"2/4"	"59"	"7"	"4"	2.0	"F"	"v"	""	"VI"	""	""	""	""	false
".Ger6"	""	"63"	"1.0"	"125.0"	"2/4"	"59"	"7"	"4"	4.0	"F"	"v"	""	"Ger"	""	"6"	""	""	false
"V.V(64)"	""	"65"	"1.0"	"129.0"	"2/4"	"59"	"7"	"4"	2.0	"F"	"V"	""	"V"	""	""	"64"	""	false
"IV"	""	"66"	"1.0"	"131.0"	"2/4"	"59"	"7"	"4"	2.0	"F"	"V"	""	"IV"	""	""	""	""	false
"V43"	""	"67"	"1.0"	"133.0"	"2/4"	"59"	"7"	"4"	2.0	"F"	"V"	""	"V"	""	"43"	""	""	false
"I"	""	"68"	"1.0"	"135.0"	"2/4"	"59"	"7"	"4"	2.0	"F"	"V"	""	"I"	""	""	""	""	false
"IV"	""	"69"	"1.0"	"137.0"	"2/4"	"59"	"7"	"4"	2.0	"F"	"V"	""	"IV"	""	""	""	""	false
"V(64)"	""	"70"	"1.0"	"139.0"	"2/4"	"59"	"7"	"4"	1.0	"F"	"V"	""	"V"	""	""	"64"	""	false
"V7\\\\"	""	"70"	"2.0"	"140.0"	"2/4"	"59"	"7"	"4"	1.0	"F"	"V"	""	"V"	""	"7"	""	""	true
"V6"	""	"71"	"1.0"	"141.0"	"2/4"	"59"	"7"	"4"	2.0	"F"	"V"	""	"V"	""	"6"	""	""	false
"#viio2/V"	""	"72"	"1.0"	"143.0"	"2/4"	"59"	"7"	"4"	2.0	"F"	"V"	""	"#vii"	"o"	"2"	""	"V"	false
"I6"	""	"73"	"1.0"	"145.0"	"2/4"	"59"	"7"	"4"	2.0	"F"	"V"	""	"I"	""	"6"	""	""	false
"I"	""	"74"	"1.0"	"147.0"	"2/4"	"59"	"7"	"4"	2.0	"F"	"V"	""	"I"	""	""	""	""	false
"V43"	""	"75"	"1.0"	"149.0"	"2/4"	"59"	"7"	"4"	2.0	"F"	"V"	""	"V"	""	"43"	""	""	false
"V65"	""	"76"	"1.0"	"151.0"	"2/4"	"59"	"7"	"4"	2.0	"F"	"V"	""	"V"	""	"65"	""	""	false
"I"	""	"77"	"1.0"	"153.0"	"2/4"	"59"	"7"	"4"	4.0	"F"	"V"	""	"I"	""	""	""	""	false
"V7"	""	"79"	"1.0"	"157.0"	"2/4"	"59"	"7"	"4"	4.0	"F"	"V"	""	"V"	""	"7"	""	""	false
"I"	""	"81"	"1.0"	"161.0"	"2/4"	"59"	"7"	"4"	1.0	"F"	"V"	""	"I"	""	""	""	""	false
"I64"	""	"81"	"2.0"	"162.0"	"2/4"	"59"	"7"	"4"	0.75	"F"	"V"	""	"I"	""	"64"	""	""	false
"V7/ii"	""	"81"	"2.75"	"162.75"	"2/4"	"59"	"7"	"4"	0.25	"F"	"V"	""	"V"	""	"7"	""	"ii"	false
"ii64"	""	"82"	"1.0"	"163.0"	"2/4"	"59"	"7"	"4"	1.75	"F"	"V"	""	"ii"	""	"64"	""	""	false
"V7"	""	"82"	"2.75"	"164.75"	"2/4"	"59"	"7"	"4"	0.25	"F"	"V"	""	"V"	""	"7"	""	""	false
"I\\\\"	""	"83"	"1.0"	"165.0"	"2/4"	"59"	"7"	"4"	0.75	"F"	"V"	""	"I"	""	""	""	""	true
"V7"	""	"83"	"1.75"	"165.75"	"2/4"	"59"	"7"	"4"	0.25	"F"	"V"	""	"V"	""	"7"	""	""	false
"I"	""	"83"	"2.0"	"166.0"	"2/4"	"59"	"7"	"4"	0.75	"F"	"V"	""	"I"	""	""	""	""	false
"V7/ii"	""	"83"	"2.75"	"166.75"	"2/4"	"59"	"7"	"4"	0.25	"F"	"V"	""	"V"	""	"7"	""	"ii"	false
"ii64"	""	"84"	"1.0"	"167.0"	"2/4"	"59"	"7"	"4"	0.75	"F"	"V"	""	"ii"	""	"64"	""	""	false
"V7/ii"	""	"84"	"1.75"	"167.75"	"2/4"	"59"	"7"	"4"	0.25	"F"	"V"	""	"V"	""	"7"	""	"ii"	false
"ii64"	""	"84"	"2.0"	"168.0"	"2/4"	"59"	"7"	"4"	0.75	"F"	"V"	""	"ii"	""	"64"	""	""	false
"V7"	""	"84"	"2.75"	"168.75"	"2/4"	"59"	"7"	"4"	0.25	"F"	"V"	""	"V"	""	"7"	""	""	false
"I64"	""	"85"	"1.0"	"169.0"	"2/4"	"59"	"7"	"4"	1.0	"F"	"V"	""	"I"	""	"64"	""	""	false
"vi"	""	"85"	"2.0"	"170.0"	"2/4"	"59"	"7"	"4"	1.0	"F"	"V"	""	"vi"	""	""	""	""	false
"ii6"	""	"86"	"1.0"	"171.0"	"2/4"	"59"	"7"	"4"	1.0	"F"	"V"	""	"ii"	""	"6"	""	""	false
"V(4)"	""	"86"	"2.0"	"172.0"	"2/4"	"59"	"7"	"4"	0.75	"F"	"V"	""	"V"	""	""	"4"	""	false
"V"	""	"86"	"2.75"	"172.75"	"2/4"	"59"	"7"	"4"	0.25	"F"	"V"	""	"V"	""	""	""	""	false
"I64"	""	"87"	"1.0"	"173.0"	"2/4"	"59"	"7"	"4"	1.0	"F"	"V"	""	"I"	""	"64"	""	""	false
"vi"	""	"87"	"2.0"	"174.0"	"2/4"	"59"	"7"	"4"	1.0	"F"	"V"	""	"vi"	""	""	""	""	false
"ii6"	""	"88"	"1.0"	"175.0"	"2/4"	"59"	"7"	"4"	1.0	"F"	"V"	""	"ii"	""	"6"	""	""	false
"V(4)"	""	"88"	"2.0"	"176.0"	"2/4"	"59"	"7"	"4"	0.25	"F"	"V"	""	"V"	""	""	"4"	""	false
"V"	""	"88"	"2.25"	"176.25"	"2/4"	"59"	"7"	"4"	0.75	"F"	"V"	""	"V"	""	""	""	""	false
"I\\\\"	""	"89"	"1.0"	"177.0"	"2/4"	"59"	"7"	"4"	2.0	"F"	"V"	""	"I"	""	""	""	""	true
"I"	""	"90"	"1.0"	"179.0"	"2/4"	"59"	"7"	"4"	2.0	"F"	"V"	""	"I"	""	""	""	""	false
"ii6"	""	"91"	"1.0"	"181.0"	"2/4"	"59"	"7"	"4"	0.25	"F"	"V"	""	"ii"	""	"6"	""	""	false
"I6"	""	"91"	"1.25"	"181.25"	"2/4"	"59"	"7"	"4"	0.25	"F"	"V"	""	"I"	""	"6"	""	""	false
"IV"	""	"91"	"1.5"	"181.5"	"2/4"	"59"	"7"	"4"	0.25	"F"	"V"	""	"IV"	""	""	""	""	false
"I6"	""	"91"	"1.75"	"181.75"	"2/4"	"59"	"7"	"4"	0.25	"F"	"V"	""	"I"	""	"6"	""	""	false
"IV"	""	"91"	"2.0"	"182.0"	"2/4"	"59"	"7"	"4"	0.5	"F"	"V"	""	"IV"	""	""	""	""	false
"V7"	""	"91"	"2.5"	"182.5"	"2/4"	"59"	"7"	"4"	0.5	"F"	"V"	""	"V"	""	"7"	""	""	false
"I\\\\"	""	"92"	"1.0"	"183.0"	"2/4"	"59"	"7"	"4"	12.0	"F"	"V"	""	"I"	""	""	""	""	true
"I\\\\"	""	"98"	"1.0"	"195.0"	"2/4"	"59"	"7"	"4"	4.0	"F"	"V"	""	"I"	""	""	""	""	true
"ii.V65"	""	"100"	"1.0"	"199.0"	"2/4"	"59"	"7"	"4"	2.0	"F"	"ii"	""	"V"	""	"65"	""	""	false
"V43"	""	"101"	"1.0"	"201.0"	"2/4"	"59"	"7"	"4"	1.0	"F"	"ii"	""	"V"	""	"43"	""	""	false
"IV64"	""	"101"	"2.0"	"202.0"	"2/4"	"59"	"7"	"4"	1.0	"F"	"ii"	""	"IV"	""	"64"	""	""	false
"V65"	""	"102"	"1.0"	"203.0"	"2/4"	"59"	"7"	"4"	1.0	"F"	"ii"	""	"V"	""	"65"	""	""	false
"IV64"	""	"102"	"2.0"	"204.0"	"2/4"	"59"	"7"	"4"	1.0	"F"	"ii"	""	"IV"	""	"64"	""	""	false
"V2"	""	"103"	"1.0"	"205.0"	"2/4"	"59"	"7"	"4"	1.0	"F"	"ii"	""	"V"	""	"2"	""	""	false
"i6"	""	"103"	"2.0"	"206.0"	"2/4"	"59"	"7"	"4"	1.0	"F"	"ii"	""	"i"	""	"6"	""	""	false
"V43"	""	"104"	"1.0"	"207.0"	"2/4"	"59"	"7"	"4"	2.0	"F"	"ii"	""	"V"	""	"43"	""	""	false
"V7"	""	"105"	"1.0"	"209.0"	"2/4"	"59"	"7"	"4"	1.0	"F"	"ii"	""	"V"	""	"7"	""	""	false
"V2"	""	"105"	"2.0"	"210.0"	"2/4"	"59"	"7"	"4"	0.75	"F"	"ii"	""	"V"	""	"2"	""	""	false
"#viio6"	""	"105"	"2.75"	"210.75"	"2/4"	"59"	"7"	"4"	0.25	"F"	"ii"	""	"#vii"	"o"	"6"	""	""	false
"i"	""	"106"	"1.0"	"211.0"	"2/4"	"59"	"7"	"4"	1.0	"F"	"ii"	""	"i"	""	""	""	""	false
"V6"	""	"106"	"2.0"	"212.0"	"2/4"	"59"	"7"	"4"	1.0	"F"	"ii"	""	"V"	""	"6"	""	""	false
"i"	""	"107"	"1.0"	"213.0"	"2/4"	"59"	"7"	"4"	1.0	"F"	"ii"	""	"i"	""	""	""	""	false
"V6"	""	"107"	"2.0"	"214.0"	"2/4"	"59"	"7"	"4"	1.0	"F"	"ii"	""	"V"	""	"6"	""	""	false
"i"	""	"108"	"1.0"	"215.0"	"2/4"	"59"	"7"	"4"	1.0	"F"	"ii"	""	"i"	""	""	""	""	false
"V6"	""	"108"	"2.0"	"216.0"	"2/4"	"59"	"7"	"4"	1.0	"F"	"ii"	""	"V"	""	"6"	""	""	false
"i"	""	"109"	"1.0"	"217.0"	"2/4"	"59"	"7"	"4"	1.0	"F"	"ii"	""	"i"	""	""	""	""	false
"V6"	""	"109"	"2.0"	"218.0"	"2/4"	"59"	"7"	"4"	1.0	"F"	"ii"	""	"V"	""	"6"	""	""	false
"i"	""	"110"	"1.0"	"219.0"	"2/4"	"59"	"7"	"4"	1.75	"F"	"ii"	""	"i"	""	""	""	""	false
"#viio43"	""	"110"	"2.75"	"220.75"	"2/4"	"59"	"7"	"4"	0.5	"F"	"ii"	""	"#vii"	"o"	"43"	""	""	false
"i6"	""	"111"	"1.25"	"221.25"	"2/4"	"59"	"7"	"4"	0.5	"F"	"ii"	""	"i"	""	"6"	""	""	false
"#viio/iv"	""	"111"	"1.75"	"221.75"	"2/4"	"59"	"7"	"4"	0.5	"F"	"ii"	""	"#vii"	"o"	""	""	"iv"	false
"iv"	""	"111"	"2.25"	"222.25"	"2/4"	"59"	"7"	"4"	0.5	"F"	"ii"	""	"iv"	""	""	""	""	false
"#viio6/iv"	""	"111"	"2.75"	"222.75"	"2/4"	"59"	"7"	"4"	0.5	"F"	"ii"	""	"#vii"	"o"	"6"	""	"iv"	false
"iv6"	""	"112"	"1.25"	"223.25"	"2/4"	"59"	"7"	"4"	0.5	"F"	"ii"	""	"iv"	""	"6"	""	""	false
"#viio43/iv"	""	"112"	"1.75"	"223.75"	"2/4"	"59"	"7"	"4"	0.5	"F"	"ii"	""	"#vii"	"o"	"43"	""	"iv"	false
"iv6"	""	"112"	"2.25"	"224.25"	"2/4"	"59"	"7"	"4"	0.75	"F"	"ii"	""	"iv"	""	"6"	""	""	false
"@none"	""	"113"	"1.0"	"225.0"	"2/4"	"59"	"7"	"4"	2.0	"F"	"ii"	""	""	""	""	""	""	false
".bIII.I"	""	"114"	"1.0"	"227.0"	"2/4"	"59"	"7"	"4"	1.0	"F"	"bIII"	""	"I"	""	""	""	""	false
"V7"	""	"114"	"2.0"	"228.0"	"2/4"	"59"	"7"	"4"	0.75	"F"	"bIII"	""	"V"	""	"7"	""	""	false
"V2"	""	"114"	"2.75"	"228.75"	"2/4"	"59"	"7"	"4"	0.25	"F"	"bIII"	""	"V"	""	"2"	""	""	false
"I6"	""	"115"	"1.0"	"229.0"	"2/4"	"59"	"7"	"4"	1.0	"F"	"bIII"	""	"I"	""	"6"	""	""	false
"V65"	""	"115"	"2.0"	"230.0"	"2/4"	"59"	"7"	"4"	1.0	"F"	"bIII"	""	"V"	""	"65"	""	""	false
"I"	""	"116"	"1.0"	"231.0"	"2/4"	"59"	"7"	"4"	1.0	"F"	"bIII"	""	"I"	""	""	""	""	false
"V2"	""	"116"	"2.0"	"232.0"	"2/4"	"59"	"7"	"4"	1.0	"F"	"bIII"	""	"V"	""	"2"	""	""	false
"I6"	""	"117"	"1.0"	"233.0"	"2/4"	"59"	"7"	"4"	1.0	"F"	"bIII"	""	"I"	""	"6"	""	""	false
"V65"	""	"117"	"2.0"	"234.0"	"2/4"	"59"	"7"	"4"	1.0	"F"	"bIII"	""	"V"	""	"65"	""	""	false
"I"	""	"118"	"1.0"	"235.0"	"2/4"	"59"	"7"	"4"	0.75	"F"	"bIII"	""	"I"	""	""	""	""	false
"V2"	""	"118"	"1.75"	"235.75"	"2/4"	"59"	"7"	"4"	0.5	"F"	"bIII"	""	"V"	""	"2"	""	""	false
"I6"	""	"118"	"2.25"	"236.25"	"2/4"	"59"	"7"	"4"	0.5	"F"	"bIII"	""	"I"	""	"6"	""	""	false
"iv.iv6"	""	"118"	"2.75"	"236.75"	"2/4"	"59"	"7"	"4"	0.5	"F"	"iv"	""	"iv"	""	"6"	""	""	false
"V6"	""	"119"	"1.25"	"237.25"	"2/4"	"59"	"7"	"4"	0.5	"F"	"iv"	""	"V"	""	"6"	""	""	false
".It6"	""	"119"	"1.75"	"237.75"	"2/4"	"59"	"7"	"4"	0.5	"F"	"iv"	""	"It"	""	"6"	""	""	false
"V"	""	"119"	"2.25"	"238.25"	"2/4"	"59"	"7"	"4"	1.0	"F"	"iv"	""	"V"	""	""	""	""	false
"i"	""	"120"	"1.25"	"239.25"	"2/4"	"59"	"7"	"4"	0.5	"F"	"iv"	""	"i"	""	""	""	""	false
"V2"	""	"120"	"1.75"	"239.75"	"2/4"	"59"	"7"	"4"	0.5	"F"	"iv"	""	"V"	""	"2"	""	""	false
"i6"	""	"120"	"2.25"	"240.25"	"2/4"	"59"	"7"	"4"	0.5	"F"	"iv"	""	"i"	""	"6"	""	""	false
"v.VI6"	""	"120"	"2.75"	"240.75"	"2/4"	"59"	"7"	"4"	0.5	"F"	"v"	""	"VI"	""	"6"	""	""	false
"V6"	""	"121"	"1.25"	"241.25"	"2/4"	"59"	"7"	"4"	0.5	"F"	"v"	""	"V"	""	"6"	""	""	false
".It6"	""	"121"	"1.75"	"241.75"	"2/4"	"59"	"7"	"4"	0.5	"F"	"v"	""	"It"	""	"6"	""	""	false
"V"	""	"121"	"2.25"	"242.25"	"2/4"	"59"	"7"	"4"	0.5	"F"	"v"	""	"V"	""	""	""	""	false
"V43"	""	"121"	"2.75"	"242.75"	"2/4"	"59"	"7"	"4"	0.5	"F"	"v"	""	"V"	""	"43"	""	""	false
"i"	""	"122"	"1.25"	"243.25"	"2/4"	"59"	"7"	"4"	0.5	"F"	"v"	""	"i"	""	""	""	""	false
"V2"	""	"122"	"1.75"	"243.75"	"2/4"	"59"	"7"	"4"	0.5	"F"	"v"	""	"V"	""	"2"	""	""	false
"#viio7/iv"	""	"122"	"2.25"	"244.25"	"2/4"	"59"	"7"	"4"	0.5	"F"	"v"	""	"#vii"	"o"	"7"	""	"iv"	false
"#viio6"	""	"122"	"2.75"	"244.75"	"2/4"	"59"	"7"	"4"	0.5	"F"	"v"	""	"#vii"	"o"	"6"	""	""	false
"vi.V65"	""	"123"	"1.25"	"245.25"	"2/4"	"59"	"7"	"4"	0.5	"F"	"vi"	""	"V"	""	"65"	""	""	false
"V7"	""	"123"	"1.75"	"245.75"	"2/4"	"59"	"7"	"4"	0.5	"F"	"vi"	""	"V"	""	"7"	""	""	false
"i"	""	"123"	"2.25"	"246.25"	"2/4"	"59"	"7"	"4"	0.5	"F"	"vi"	""	"i"	""	""	""	""	false
"V43"	""	"123"	"2.75"	"246.75"	"2/4"	"59"	"7"	"4"	0.5	"F"	"vi"	""	"V"	""	"43"	""	""	false
"i6"	""	"124"	"1.25"	"247.25"	"2/4"	"59"	"7"	"4"	0.5	"F"	"vi"	""	"i"	""	"6"	""	""	false
"#viio7/iv"	""	"124"	"1.75"	"247.75"	"2/4"	"59"	"7"	"4"	0.5	"F"	"vi"	""	"#vii"	"o"	"7"	""	"iv"	false
"iv"	""	"124"	"2.25"	"248.25"	"2/4"	"59"	"7"	"4"	0.5	"F"	"vi"	""	"iv"	""	""	""	""	false
"i64"	""	"124"	"2.75"	"248.75"	"2/4"	"59"	"7"	"4"	0.25	"F"	"vi"	""	"i"	""	"64"	""	""	false
"i64"	""	"125"	"1.0"	"249.0"	"2/4"	"59"	"7"	"4"	0.25	"F"	"vi"	""	"i"	""	"64"	""	""	false
".Fr6"	""	"125"	"1.25"	"249.25"	"2/4"	"59"	"7"	"4"	0.75	"F"	"vi"	""	"Fr"	""	"6"	""	""	false
"V"	""	"125"	"2.0"	"250.0"	"2/4"	"59"	"7"	"4"	0.25	"F"	"vi"	""	"V"	""	""	""	""	false
".Fr6"	""	"125"	"2.25"	"250.25"	"2/4"	"59"	"7"	"4"	0.5	"F"	"vi"	""	"Fr"	""	"6"	""	""	false
"V"	""	"125"	"2.75"	"250.75"	"2/4"	"59"	"7"	"4"	0.5	"F"	"vi"	""	"V"	""	""	""	""	false
".Fr6"	""	"126"	"1.25"	"251.25"	"2/4"	"59"	"7"	"4"	0.75	"F"	"vi"	""	"Fr"	""	"6"	""	""	false
"V"	""	"126"	"2.0"	"252.0"	"2/4"	"59"	"7"	"4"	0.25	"F"	"vi"	""	"V"	""	""	""	""	false
".Fr6"	""	"126"	"2.25"	"252.25"	"2/4"	"59"	"7"	"4"	0.75	"F"	"vi"	""	"Fr"	""	"6"	""	""	false
".It6"	""	"127"	"1.0"	"253.0"	"2/4"	"59"	"7"	"4"	0.25	"F"	"vi"	""	"It"	""	"6"	""	""	false
"V"	""	"127"	"1.25"	"253.25"	"2/4"	"59"	"7"	"4"	0.5	"F"	"vi"	""	"V"	""	""	""	""	false
".It6"	""	"127"	"1.75"	"253.75"	"2/4"	"59"	"7"	"4"	0.5	"F"	"vi"	""	"It"	""	"6"	""	""	false
"V"	""	"127"	"2.25"	"254.25"	"2/4"	"59"	"7"	"4"	0.5	"F"	"vi"	""	"V"	""	""	""	""	false
".It6"	""	"127"	"2.75"	"254.75"	"2/4"	"59"	"7"	"4"	0.5	"F"	"vi"	""	"It"	""	"6"	""	""	false
"V"	""	"128"	"1.25"	"255.25"	"2/4"	"59"	"7"	"4"	0.5	"F"	"vi"	""	"V"	""	""	""	""	false
".It6"	""	"128"	"1.75"	"255.75"	"2/4"	"59"	"7"	"4"	0.5	"F"	"vi"	""	"It"	""	"6"	""	""	false
"V"	""	"128"	"2.25"	"256.25"	"2/4"	"59"	"7"	"4"	0.5	"F"	"vi"	""	"V"	""	""	""	""	false
".It6"	""	"128"	"2.75"	"256.75"	"2/4"	"59"	"7"	"4"	0.25	"F"	"vi"	""	"It"	""	"6"	""	""	false
"V[V64"	""	"129"	"1.0"	"257.0"	"2/4"	"59"	"7"	"4"	6.0	"F"	"vi"	"V"	"V"	""	"64"	""	""	false
"i6"	""	"132"	"1.0"	"263.0"	"2/4"	"59"	"7"	"4"	1.0	"F"	"vi"	"V"	"i"	""	"6"	""	""	false
"V6"	""	"132"	"2.0"	"264.0"	"2/4"	"59"	"7"	"4"	0.5	"F"	"vi"	"V"	"V"	""	"6"	""	""	false
"i"	""	"132"	"2.5"	"264.5"	"2/4"	"59"	"7"	"4"	1.5	"F"	"vi"	"V"	"i"	""	""	""	""	false
"V"	""	"133"	"2.0"	"266.0"	"2/4"	"59"	"7"	"4"	1.0	"F"	"vi"	"V"	"V"	""	""	""	""	false
"i6"	""	"134"	"1.0"	"267.0"	"2/4"	"59"	"7"	"4"	0.75	"F"	"vi"	"V"	"i"	""	"6"	""	""	false
"i"	""	"134"	"1.75"	"267.75"	"2/4"	"59"	"7"	"4"	0.25	"F"	"vi"	"V"	"i"	""	""	""	""	false
"V6]"	""	"134"	"2.0"	"268.0"	"2/4"	"59"	"7"	"4"	1.0	"F"	"vi"	"V"	"V"	""	"6"	""	""	false
"VI"	""	"135"	"1.0"	"269.0"	"2/4"	"59"	"7"	"4"	1.0	"F"	"vi"	""	"VI"	""	""	""	""	false
".bVII.V"	""	"135"	"2.0"	"270.0"	"2/4"	"59"	"7"	"4"	1.0	"F"	"bVII"	""	"V"	""	""	""	""	false
"I64"	""	"136"	"1.0"	"271.0"	"2/4"	"59"	"7"	"4"	1.5	"F"	"bVII"	""	"I"	""	"64"	""	""	false
"V7"	""	"136"	"2.5"	"272.5"	"2/4"	"59"	"7"	"4"	0.5	"F"	"bVII"	""	"V"	""	"7"	""	""	false
"I64"	""	"137"	"1.0"	"273.0"	"2/4"	"59"	"7"	"4"	1.0	"F"	"bVII"	""	"I"	""	"64"	""	""	false
"V7"	""	"137"	"2.0"	"274.0"	"2/4"	"59"	"7"	"4"	1.0	"F"	"bVII"	""	"V"	""	"7"	""	""	false
"I64"	""	"138"	"1.0"	"275.0"	"2/4"	"59"	"7"	"4"	1.0	"F"	"bVII"	""	"I"	""	"64"	""	""	false
"V"	""	"138"	"2.0"	"276.0"	"2/4"	"59"	"7"	"4"	0.75	"F"	"bVII"	""	"V"	""	""	""	""	false
"#viio7/vi"	""	"138"	"2.75"	"276.75"	"2/4"	"59"	"7"	"4"	0.25	"F"	"bVII"	""	"#vii"	"o"	"7"	""	"vi"	false
"V/ii"	""	"139"	"1.0"	"277.0"	"2/4"	"59"	"7"	"4"	1.0	"F"	"bVII"	""	"V"	""	""	""	"ii"	false
"V7/ii"	""	"139"	"2.0"	"278.0"	"2/4"	"59"	"7"	"4"	3.0	"F"	"bVII"	""	"V"	""	"7"	""	"ii"	false
"vi.V65"	""	"141"	"1.0"	"281.0"	"2/4"	"59"	"7"	"4"	1.0	"F"	"vi"	""	"V"	""	"65"	""	""	false
"V7"	""	"141"	"2.0"	"282.0"	"2/4"	"59"	"7"	"4"	3.0	"F"	"vi"	""	"V"	""	"7"	""	""	false
"i"	""	"143"	"1.0"	"285.0"	"2/4"	"59"	"7"	"4"	4.0	"F"	"vi"	""	"i"	""	""	""	""	false
".bII6"	""	"145"	"1.0"	"289.0"	"2/4"	"59"	"7"	"4"	2.0	"F"	"vi"	""	"bII"	""	"6"	""	""	false
"V7"	""	"146"	"1.0"	"291.0"	"2/4"	"59"	"7"	"4"	2.0	"F"	"vi"	""	"V"	""	"7"	""	""	false
"V43"	""	"147"	"1.0"	"293.0"	"2/4"	"59"	"7"	"4"	2.0	"F"	"vi"	""	"V"	""	"43"	""	""	false
"V65"	""	"148"	"1.0"	"295.0"	"2/4"	"59"	"7"	"4"	2.0	"F"	"vi"	""	"V"	""	"65"	""	""	false
"i"	""	"149"	"1.0"	"297.0"	"2/4"	"59"	"7"	"4"	4.0	"F"	"vi"	""	"i"	""	""	""	""	false
"ii%65"	""	"151"	"1.0"	"301.0"	"2/4"	"59"	"7"	"4"	2.0	"F"	"vi"	""	"ii"	"%"	"65"	""	""	false
"V7"	""	"152"	"1.0"	"303.0"	"2/4"	"59"	"7"	"4"	2.0	"F"	"vi"	""	"V"	""	"7"	""	""	false
"i\\\\"	""	"153"	"1.0"	"305.0"	"2/4"	"59"	"7"	"4"	1.0	"F"	"vi"	""	"i"	""	""	""	""	true
"VI"	""	"153"	"2.0"	"306.0"	"2/4"	"59"	"7"	"4"	1.0	"F"	"vi"	""	"VI"	""	""	""	""	false
".bII6"	""	"154"	"1.0"	"307.0"	"2/4"	"59"	"7"	"4"	1.0	"F"	"vi"	""	"bII"	""	"6"	""	""	false
"V7(4)"	""	"154"	"2.0"	"308.0"	"2/4"	"59"	"7"	"4"	0.5	"F"	"vi"	""	"V"	""	"7"	"4"	""	false
"V7"	""	"154"	"2.5"	"308.5"	"2/4"	"59"	"7"	"4"	0.5	"F"	"vi"	""	"V"	""	"7"	""	""	false
"i\\\\"	""	"155"	"1.0"	"309.0"	"2/4"	"59"	"7"	"4"	0.25	"F"	"vi"	""	"i"	""	""	""	""	true
"III43"	""	"155"	"1.25"	"309.25"	"2/4"	"59"	"7"	"4"	0.75	"F"	"vi"	""	"III"	""	"43"	""	""	false
"VI"	""	"155"	"2.0"	"310.0"	"2/4"	"59"	"7"	"4"	1.0	"F"	"vi"	""	"VI"	""	""	""	""	false
".bII6"	""	"156"	"1.0"	"311.0"	"2/4"	"59"	"7"	"4"	1.0	"F"	"vi"	""	"bII"	""	"6"	""	""	false
"V7"	""	"156"	"2.0"	"312.0"	"2/4"	"59"	"7"	"4"	1.0	"F"	"vi"	""	"V"	""	"7"	""	""	false
"i\\\\"	""	"157"	"1.0"	"313.0"	"2/4"	"59"	"7"	"4"	2.0	"F"	"vi"	""	"i"	""	""	""	""	true
"i"	""	"158"	"1.0"	"315.0"	"2/4"	"59"	"7"	"4"	0.5	"F"	"vi"	""	"i"	""	""	""	""	false
"#viio"	""	"158"	"1.5"	"315.5"	"2/4"	"59"	"7"	"4"	0.5	"F"	"vi"	""	"#vii"	"o"	""	""	""	false
"i"	""	"158"	"2.0"	"316.0"	"2/4"	"59"	"7"	"4"	0.5	"F"	"vi"	""	"i"	""	""	""	""	false
"#viio"	""	"158"	"2.5"	"316.5"	"2/4"	"59"	"7"	"4"	0.5	"F"	"vi"	""	"#vii"	"o"	""	""	""	false
"i"	""	"159"	"1.0"	"317.0"	"2/4"	"59"	"7"	"4"	0.5	"F"	"vi"	""	"i"	""	""	""	""	false
"iio"	""	"159"	"1.5"	"317.5"	"2/4"	"59"	"7"	"4"	0.5	"F"	"vi"	""	"ii"	"o"	""	""	""	false
"i6"	""	"159"	"2.0"	"318.0"	"2/4"	"59"	"7"	"4"	0.5	"F"	"vi"	""	"i"	""	"6"	""	""	false
"V65"	""	"159"	"2.5"	"318.5"	"2/4"	"59"	"7"	"4"	0.5	"F"	"vi"	""	"V"	""	"65"	""	""	false
"i"	""	"160"	"1.0"	"319.0"	"2/4"	"59"	"7"	"4"	0.5	"F"	"vi"	""	"i"	""	""	""	""	false
"#viio6"	""	"160"	"1.5"	"319.5"	"2/4"	"59"	"7"	"4"	0.5	"F"	"vi"	""	"#vii"	"o"	"6"	""	""	false
"i6"	""	"160"	"2.0"	"320.0"	"2/4"	"59"	"7"	"4"	0.25	"F"	"vi"	""	"i"	""	"6"	""	""	false
"i[#viio43"	""	"160"	"2.25"	"320.25"	"2/4"	"59"	"7"	"4"	0.75	"F"	"vi"	"i"	"#vii"	"o"	"43"	""	""	false
"i64"	""	"161"	"1.0"	"321.0"	"2/4"	"59"	"7"	"4"	0.25	"F"	"vi"	"i"	"i"	""	"64"	""	""	false
"#viio43"	""	"161"	"1.25"	"321.25"	"2/4"	"59"	"7"	"4"	0.75	"F"	"vi"	"i"	"#vii"	"o"	"43"	""	""	false
"i6"	""	"161"	"2.0"	"322.0"	"2/4"	"59"	"7"	"4"	0.25	"F"	"vi"	"i"	"i"	""	"6"	""	""	false
"#viio43"	""	"161"	"2.25"	"322.25"	"2/4"	"59"	"7"	"4"	0.75	"F"	"vi"	"i"	"#vii"	"o"	"43"	""	""	false
"i6"	""	"162"	"1.0"	"323.0"	"2/4"	"59"	"7"	"4"	0.25	"F"	"vi"	"i"	"i"	""	"6"	""	""	false
"#viio43"	""	"162"	"1.25"	"323.25"	"2/4"	"59"	"7"	"4"	0.75	"F"	"vi"	"i"	"#vii"	"o"	"43"	""	""	false
"i6"	""	"162"	"2.0"	"324.0"	"2/4"	"59"	"7"	"4"	0.25	"F"	"vi"	"i"	"i"	""	"6"	""	""	false
"#viio43"	""	"162"	"2.25"	"324.25"	"2/4"	"59"	"7"	"4"	0.75	"F"	"vi"	"i"	"#vii"	"o"	"43"	""	""	false
"i6"	""	"163"	"1.0"	"325.0"	"2/4"	"59"	"7"	"4"	4.0	"F"	"vi"	"i"	"i"	""	"6"	""	""	false
"i]"	""	"165"	"1.0"	"329.0"	"2/4"	"59"	"7"	"4"	0.75	"F"	"vi"	"i"	"i"	""	""	""	""	false
"V65"	""	"165"	"1.75"	"329.75"	"2/4"	"59"	"7"	"4"	0.25	"F"	"vi"	""	"V"	""	"65"	""	""	false
"i"	""	"165"	"2.0"	"330.0"	"2/4"	"59"	"7"	"4"	0.75	"F"	"vi"	""	"i"	""	""	""	""	false
"V"	""	"165"	"2.75"	"330.75"	"2/4"	"59"	"7"	"4"	0.25	"F"	"vi"	""	"V"	""	""	""	""	false
"i"	""	"166"	"1.0"	"331.0"	"2/4"	"59"	"7"	"4"	0.75	"F"	"vi"	""	"i"	""	""	""	""	false
"V65"	""	"166"	"1.75"	"331.75"	"2/4"	"59"	"7"	"4"	0.25	"F"	"vi"	""	"V"	""	"65"	""	""	false
"i"	""	"166"	"2.0"	"332.0"	"2/4"	"59"	"7"	"4"	0.75	"F"	"vi"	""	"i"	""	""	""	""	false
"V"	""	"166"	"2.75"	"332.75"	"2/4"	"59"	"7"	"4"	0.25	"F"	"vi"	""	"V"	""	""	""	""	false
"i"	""	"167"	"1.0"	"333.0"	"2/4"	"59"	"7"	"4"	2.0	"F"	"vi"	""	"i"	""	""	""	""	false
"#viio6(2)"	""	"168"	"1.0"	"335.0"	"2/4"	"59"	"7"	"4"	1.0	"F"	"vi"	""	"#vii"	"o"	"6"	"2"	""	false
"v.V65"	""	"168"	"2.0"	"336.0"	"2/4"	"59"	"7"	"4"	1.0	"F"	"v"	""	"V"	""	"65"	""	""	false
"i"	""	"169"	"1.0"	"337.0"	"2/4"	"59"	"7"	"4"	0.75	"F"	"v"	""	"i"	""	""	""	""	false
"V65"	""	"169"	"1.75"	"337.75"	"2/4"	"59"	"7"	"4"	0.25	"F"	"v"	""	"V"	""	"65"	""	""	false
"i"	""	"169"	"2.0"	"338.0"	"2/4"	"59"	"7"	"4"	0.75	"F"	"v"	""	"i"	""	""	""	""	false
"V"	""	"169"	"2.75"	"338.75"	"2/4"	"59"	"7"	"4"	0.25	"F"	"v"	""	"V"	""	""	""	""	false
"i"	""	"170"	"1.0"	"339.0"	"2/4"	"59"	"7"	"4"	0.75	"F"	"v"	""	"i"	""	""	""	""	false
"V65"	""	"170"	"1.75"	"339.75"	"2/4"	"59"	"7"	"4"	0.25	"F"	"v"	""	"V"	""	"65"	""	""	false
"i"	""	"170"	"2.0"	"340.0"	"2/4"	"59"	"7"	"4"	0.75	"F"	"v"	""	"i"	""	""	""	""	false
"V"	""	"170"	"2.75"	"340.75"	"2/4"	"59"	"7"	"4"	0.25	"F"	"v"	""	"V"	""	""	""	""	false
"i"	""	"171"	"1.0"	"341.0"	"2/4"	"59"	"7"	"4"	2.0	"F"	"v"	""	"i"	""	""	""	""	false
"#viio6(2)"	""	"172"	"1.0"	"343.0"	"2/4"	"59"	"7"	"4"	1.0	"F"	"v"	""	"#vii"	"o"	"6"	"2"	""	false
"IV.V65"	""	"172"	"2.0"	"344.0"	"2/4"	"59"	"7"	"4"	1.0	"F"	"IV"	""	"V"	""	"65"	""	""	false
"I"	""	"173"	"1.0"	"345.0"	"2/4"	"59"	"7"	"4"	0.5	"F"	"IV"	""	"I"	""	""	""	""	false
"V65"	""	"173"	"1.5"	"345.5"	"2/4"	"59"	"7"	"4"	0.5	"F"	"IV"	""	"V"	""	"65"	""	""	false
"I"	""	"173"	"2.0"	"346.0"	"2/4"	"59"	"7"	"4"	0.5	"F"	"IV"	""	"I"	""	""	""	""	false
"V"	""	"173"	"2.5"	"346.5"	"2/4"	"59"	"7"	"4"	0.5	"F"	"IV"	""	"V"	""	""	""	""	false
"I"	""	"174"	"1.0"	"347.0"	"2/4"	"59"	"7"	"4"	0.5	"F"	"IV"	""	"I"	""	""	""	""	false
"V65"	""	"174"	"1.5"	"347.5"	"2/4"	"59"	"7"	"4"	0.5	"F"	"IV"	""	"V"	""	"65"	""	""	false
"I"	""	"174"	"2.0"	"348.0"	"2/4"	"59"	"7"	"4"	0.5	"F"	"IV"	""	"I"	""	""	""	""	false
"V+"	""	"174"	"2.5"	"348.5"	"2/4"	"59"	"7"	"4"	0.5	"F"	"IV"	""	"V"	"+"	""	""	""	false
"I"	""	"175"	"1.0"	"349.0"	"2/4"	"59"	"7"	"4"	0.5	"F"	"IV"	""	"I"	""	""	""	""	false
"V+"	""	"175"	"1.5"	"349.5"	"2/4"	"59"	"7"	"4"	0.5	"F"	"IV"	""	"V"	"+"	""	""	""	false
"I"	""	"175"	"2.0"	"350.0"	"2/4"	"59"	"7"	"4"	0.5	"F"	"IV"	""	"I"	""	""	""	""	false
"V+"	""	"175"	"2.5"	"350.5"	"2/4"	"59"	"7"	"4"	0.5	"F"	"IV"	""	"V"	"+"	""	""	""	false
"I"	""	"176"	"1.0"	"351.0"	"2/4"	"59"	"7"	"4"	0.5	"F"	"IV"	""	"I"	""	""	""	""	false
"V+"	""	"176"	"1.5"	"351.5"	"2/4"	"59"	"7"	"4"	0.5	"F"	"IV"	""	"V"	"+"	""	""	""	false
"I"	""	"176"	"2.0"	"352.0"	"2/4"	"59"	"7"	"4"	0.5	"F"	"IV"	""	"I"	""	""	""	""	false
"V+"	""	"176"	"2.5"	"352.5"	"2/4"	"59"	"7"	"4"	0.5	"F"	"IV"	""	"V"	"+"	""	""	""	false
"I[I"	""	"177"	"1.0"	"353.0"	"2/4"	"59"	"7"	"4"	1.0	"F"	"IV"	"I"	"I"	""	""	""	""	false
"V6"	""	"177"	"2.0"	"354.0"	"2/4"	"59"	"7"	"4"	1.0	"F"	"IV"	"I"	"V"	""	"6"	""	""	false
"I6"	""	"178"	"1.0"	"355.0"	"2/4"	"59"	"7"	"4"	1.0	"F"	"IV"	"I"	"I"	""	"6"	""	""	false
"viio43"	""	"178"	"2.0"	"356.0"	"2/4"	"59"	"7"	"4"	1.0	"F"	"IV"	"I"	"vii"	"o"	"43"	""	""	false
"I]"	""	"179"	"1.0"	"357.0"	"2/4"	"59"	"7"	"4"	1.0	"F"	"IV"	"I"	"I"	""	""	""	""	false
"viio43"	""	"179"	"2.0"	"358.0"	"2/4"	"59"	"7"	"4"	0.5	"F"	"IV"	""	"vii"	"o"	"43"	""	""	false
"I6"	""	"179"	"2.5"	"358.5"	"2/4"	"59"	"7"	"4"	0.5	"F"	"IV"	""	"I"	""	"6"	""	""	false
"I"	""	"180"	"1.0"	"359.0"	"2/4"	"59"	"7"	"4"	1.0	"F"	"IV"	""	"I"	""	""	""	""	false
"I.V2"	""	"180"	"2.0"	"360.0"	"2/4"	"59"	"7"	"4"	1.0	"F"	"I"	""	"V"	""	"2"	""	""	false
"I"	""	"181"	"1.0"	"361.0"	"2/4"	"59"	"7"	"4"	1.0	"F"	"I"	""	"I"	""	""	""	""	false
"V7"	""	"181"	"2.0"	"362.0"	"2/4"	"59"	"7"	"4"	0.75	"F"	"I"	""	"V"	""	"7"	""	""	false
"V65"	""	"181"	"2.75"	"362.75"	"2/4"	"59"	"7"	"4"	0.25	"F"	"I"	""	"V"	""	"65"	""	""	false
"I"	""	"182"	"1.0"	"363.0"	"2/4"	"59"	"7"	"4"	1.0	"F"	"I"	""	"I"	""	""	""	""	false
"V64"	""	"182"	"2.0"	"364.0"	"2/4"	"59"	"7"	"4"	1.0	"F"	"I"	""	"V"	""	"64"	""	""	false
"I6"	""	"183"	"1.0"	"365.0"	"2/4"	"59"	"7"	"4"	1.0	"F"	"I"	""	"I"	""	"6"	""	""	false
"vi.V6(+2)"	""	"183"	"2.0"	"366.0"	"2/4"	"59"	"7"	"4"	0.5	"F"	"vi"	""	"V"	""	"6"	"+2"	""	false
"V6"	""	"183"	"2.5"	"366.5"	"2/4"	"59"	"7"	"4"	0.5	"F"	"vi"	""	"V"	""	"6"	""	""	false
"i"	""	"184"	"1.0"	"367.0"	"2/4"	"59"	"7"	"4"	0.5	"F"	"vi"	""	"i"	""	""	""	""	false
"i6"	""	"184"	"1.5"	"367.5"	"2/4"	"59"	"7"	"4"	0.5	"F"	"vi"	""	"i"	""	"6"	""	""	false
"V2"	""	"184"	"2.0"	"368.0"	"2/4"	"59"	"7"	"4"	1.0	"F"	"vi"	""	"V"	""	"2"	""	""	false
"i6"	""	"185"	"1.0"	"369.0"	"2/4"	"59"	"7"	"4"	0.5	"F"	"vi"	""	"i"	""	"6"	""	""	false
"i"	""	"185"	"1.5"	"369.5"	"2/4"	"59"	"7"	"4"	0.5	"F"	"vi"	""	"i"	""	""	""	""	false
"ii%65"	""	"185"	"2.0"	"370.0"	"2/4"	"59"	"7"	"4"	0.5	"F"	"vi"	""	"ii"	"%"	"65"	""	""	false
"V"	""	"185"	"2.5"	"370.5"	"2/4"	"59"	"7"	"4"	0.5	"F"	"vi"	""	"V"	""	""	""	""	false
"VI\\\\"	""	"186"	"1.0"	"371.0"	"2/4"	"59"	"7"	"4"	2.0	"F"	"vi"	""	"VI"	""	""	""	""	true
"I.IV"	""	"187"	"1.0"	"373.0"	"2/4"	"59"	"7"	"4"	1.0	"F"	"I"	""	"IV"	""	""	""	""	false
"V2"	""	"187"	"2.0"	"374.0"	"2/4"	"59"	"7"	"4"	1.0	"F"	"I"	""	"V"	""	"2"	""	""	false
"I6"	""	"188"	"1.0"	"375.0"	"2/4"	"59"	"7"	"4"	1.0	"F"	"I"	""	"I"	""	"6"	""	""	false
"V6"	""	"188"	"2.0"	"376.0"	"2/4"	"59"	"7"	"4"	0.5	"F"	"I"	""	"V"	""	"6"	""	""	false
"V"	""	"188"	"2.5"	"376.5"	"2/4"	"59"	"7"	"4"	0.5	"F"	"I"	""	"V"	""	""	""	""	false
"I6"	""	"189"	"1.0"	"377.0"	"2/4"	"59"	"7"	"4"	1.0	"F"	"I"	""	"I"	""	"6"	""	""	false
"V"	""	"189"	"2.0"	"378.0"	"2/4"	"59"	"7"	"4"	0.5	"F"	"I"	""	"V"	""	""	""	""	false
"V65"	""	"189"	"2.5"	"378.5"	"2/4"	"59"	"7"	"4"	0.5	"F"	"I"	""	"V"	""	"65"	""	""	false
"I\\\\"	""	"190"	"1.0"	"379.0"	"2/4"	"59"	"7"	"4"	1.0	"F"	"I"	""	"I"	""	""	""	""	true
"V65"	""	"190"	"2.0"	"380.0"	"2/4"	"59"	"7"	"4"	1.0	"F"	"I"	""	"V"	""	"65"	""	""	false
"I"	""	"191"	"1.0"	"381.0"	"2/4"	"59"	"7"	"4"	1.0	"F"	"I"	""	"I"	""	""	""	""	false
"V7"	""	"191"	"2.0"	"382.0"	"2/4"	"59"	"7"	"4"	1.0	"F"	"I"	""	"V"	""	"7"	""	""	false
"I"	""	"192"	"1.0"	"383.0"	"2/4"	"59"	"7"	"4"	1.0	"F"	"I"	""	"I"	""	""	""	""	false
"V6"	""	"192"	"2.0"	"384.0"	"2/4"	"59"	"7"	"4"	1.0	"F"	"I"	""	"V"	""	"6"	""	""	false
"I"	""	"193"	"1.0"	"385.0"	"2/4"	"59"	"7"	"4"	1.0	"F"	"I"	""	"I"	""	""	""	""	false
"I6"	""	"193"	"2.0"	"386.0"	"2/4"	"59"	"7"	"4"	1.0	"F"	"I"	""	"I"	""	"6"	""	""	false
"IV"	""	"194"	"1.0"	"387.0"	"2/4"	"59"	"7"	"4"	2.0	"F"	"I"	""	"IV"	""	""	""	""	false
"ii"	""	"195"	"1.0"	"389.0"	"2/4"	"59"	"7"	"4"	1.0	"F"	"I"	""	"ii"	""	""	""	""	false
"V7/V"	""	"195"	"2.0"	"390.0"	"2/4"	"59"	"7"	"4"	1.0	"F"	"I"	""	"V"	""	"7"	""	"V"	false
"V"	""	"196"	"1.0"	"391.0"	"2/4"	"59"	"7"	"4"	4.0	"F"	"I"	""	"V"	""	""	""	""	false
"IV6"	""	"198"	"1.0"	"395.0"	"2/4"	"59"	"7"	"4"	1.0	"F"	"I"	""	"IV"	""	"6"	""	""	false
"V65"	""	"198"	"2.0"	"396.0"	"2/4"	"59"	"7"	"4"	0.5	"F"	"I"	""	"V"	""	"65"	""	""	false
"I"	""	"198"	"2.5"	"396.5"	"2/4"	"59"	"7"	"4"	0.5	"F"	"I"	""	"I"	""	""	""	""	false
"IV6"	""	"199"	"1.0"	"397.0"	"2/4"	"59"	"7"	"4"	1.0	"F"	"I"	""	"IV"	""	"6"	""	""	false
"V65"	""	"199"	"2.0"	"398.0"	"2/4"	"59"	"7"	"4"	0.5	"F"	"I"	""	"V"	""	"65"	""	""	false
"I"	""	"199"	"2.5"	"398.5"	"2/4"	"59"	"7"	"4"	0.5	"F"	"I"	""	"I"	""	""	""	""	false
"ii6"	""	"200"	"1.0"	"399.0"	"2/4"	"59"	"7"	"4"	1.0	"F"	"I"	""	"ii"	""	"6"	""	""	false
"i.V"	""	"200"	"2.0"	"400.0"	"2/4"	"59"	"7"	"4"	1.5	"F"	"i"	""	"V"	""	""	""	""	false
"iv6"	""	"201"	"1.5"	"401.5"	"2/4"	"59"	"7"	"4"	0.5	"F"	"i"	""	"iv"	""	"6"	""	""	false
"V7"	""	"201"	"2.0"	"402.0"	"2/4"	"59"	"7"	"4"	0.5	"F"	"i"	""	"V"	""	"7"	""	""	false
"i"	""	"201"	"2.5"	"402.5"	"2/4"	"59"	"7"	"4"	1.0	"F"	"i"	""	"i"	""	""	""	""	false
"iv6"	""	"202"	"1.5"	"403.5"	"2/4"	"59"	"7"	"4"	0.5	"F"	"i"	""	"iv"	""	"6"	""	""	false
"V7"	""	"202"	"2.0"	"404.0"	"2/4"	"59"	"7"	"4"	0.5	"F"	"i"	""	"V"	""	"7"	""	""	false
"i"	""	"202"	"2.5"	"404.5"	"2/4"	"59"	"7"	"4"	0.5	"F"	"i"	""	"i"	""	""	""	""	false
"iio"	""	"203"	"1.0"	"405.0"	"2/4"	"59"	"7"	"4"	0.5	"F"	"i"	""	"ii"	"o"	""	""	""	false
"iio6"	""	"203"	"1.5"	"405.5"	"2/4"	"59"	"7"	"4"	1.0	"F"	"i"	""	"ii"	"o"	"6"	""	""	false
"V(64)"	""	"203"	"2.5"	"406.5"	"2/4"	"59"	"7"	"4"	0.5	"F"	"i"	""	"V"	""	""	"64"	""	false
"i\\\\"	""	"204"	"1.0"	"407.0"	"2/4"	"59"	"7"	"4"	1.5	"F"	"i"	""	"i"	""	""	""	""	true
"VI"	""	"204"	"2.5"	"408.5"	"2/4"	"59"	"7"	"4"	0.5	"F"	"i"	""	"VI"	""	""	""	""	false
"iio"	""	"205"	"1.0"	"409.0"	"2/4"	"59"	"7"	"4"	0.5	"F"	"i"	""	"ii"	"o"	""	""	""	false
"iio6"	""	"205"	"1.5"	"409.5"	"2/4"	"59"	"7"	"4"	0.5	"F"	"i"	""	"ii"	"o"	"6"	""	""	false
"V7"	""	"205"	"2.0"	"410.0"	"2/4"	"59"	"7"	"4"	1.0	"F"	"i"	""	"V"	""	"7"	""	""	false
"i\\\\"	""	"206"	"1.0"	"411.0"	"2/4"	"59"	"7"	"4"	1.0	"F"	"i"	""	"i"	""	""	""	""	true
"V7"	""	"206"	"2.0"	"412.0"	"2/4"	"59"	"7"	"4"	0.75	"F"	"i"	""	"V"	""	"7"	""	""	false
"V6"	""	"206"	"2.75"	"412.75"	"2/4"	"59"	"7"	"4"	0.25	"F"	"i"	""	"V"	""	"6"	""	""	false
"i"	""	"207"	"1.0"	"413.0"	"2/4"	"59"	"7"	"4"	1.0	"F"	"i"	""	"i"	""	""	""	""	false
"#viio6"	""	"207"	"2.0"	"414.0"	"2/4"	"59"	"7"	"4"	1.0	"F"	"i"	""	"#vii"	"o"	"6"	""	""	false
"i6"	""	"208"	"1.0"	"415.0"	"2/4"	"59"	"7"	"4"	1.0	"F"	"i"	""	"i"	""	"6"	""	""	false
"V43"	""	"208"	"2.0"	"416.0"	"2/4"	"59"	"7"	"4"	1.0	"F"	"i"	""	"V"	""	"43"	""	""	false
"i"	""	"209"	"1.0"	"417.0"	"2/4"	"59"	"7"	"4"	1.0	"F"	"i"	""	"i"	""	""	""	""	false
"V"	""	"209"	"2.0"	"418.0"	"2/4"	"59"	"7"	"4"	1.0	"F"	"i"	""	"V"	""	""	""	""	false
"i6"	""	"210"	"1.0"	"419.0"	"2/4"	"59"	"7"	"4"	1.0	"F"	"i"	""	"i"	""	"6"	""	""	false
"V7"	""	"210"	"2.0"	"420.0"	"2/4"	"59"	"7"	"4"	0.75	"F"	"i"	""	"V"	""	"7"	""	""	false
"V65"	""	"210"	"2.75"	"420.75"	"2/4"	"59"	"7"	"4"	0.25	"F"	"i"	""	"V"	""	"65"	""	""	false
"i"	""	"211"	"1.0"	"421.0"	"2/4"	"59"	"7"	"4"	1.0	"F"	"i"	""	"i"	""	""	""	""	false
"V/III"	""	"211"	"2.0"	"422.0"	"2/4"	"59"	"7"	"4"	1.0	"F"	"i"	""	"V"	""	""	""	"III"	false
"III"	""	"212"	"1.0"	"423.0"	"2/4"	"59"	"7"	"4"	1.0	"F"	"i"	""	"III"	""	""	""	""	false
"V7/III"	""	"212"	"2.0"	"424.0"	"2/4"	"59"	"7"	"4"	1.0	"F"	"i"	""	"V"	""	"7"	""	"III"	false
"III"	""	"213"	"1.0"	"425.0"	"2/4"	"59"	"7"	"4"	1.0	"F"	"i"	""	"III"	""	""	""	""	false
"I.V7/ii"	""	"213"	"2.0"	"426.0"	"2/4"	"59"	"7"	"4"	0.75	"F"	"I"	""	"V"	""	"7"	""	"ii"	false
"V6/ii"	""	"213"	"2.75"	"426.75"	"2/4"	"59"	"7"	"4"	0.25	"F"	"I"	""	"V"	""	"6"	""	"ii"	false
"V7/V"	""	"214"	"1.0"	"427.0"	"2/4"	"59"	"7"	"4"	4.0	"F"	"I"	""	"V"	""	"7"	""	"V"	false
"V"	""	"216"	"1.0"	"431.0"	"2/4"	"59"	"7"	"4"	2.0	"F"	"I"	""	"V"	""	""	""	""	false
"V7"	""	"217"	"1.0"	"433.0"	"2/4"	"59"	"7"	"4"	2.0	"F"	"I"	""	"V"	""	"7"	""	""	false
"I"	""	"218"	"1.0"	"435.0"	"2/4"	"59"	"7"	"4"	1.0	"F"	"I"	""	"I"	""	""	""	""	false
"V43"	""	"218"	"2.0"	"436.0"	"2/4"	"59"	"7"	"4"	1.0	"F"	"I"	""	"V"	""	"43"	""	""	false
"I6"	""	"219"	"1.0"	"437.0"	"2/4"	"59"	"7"	"4"	1.0	"F"	"I"	""	"I"	""	"6"	""	""	false
"#viio65/ii"	""	"219"	"2.0"	"438.0"	"2/4"	"59"	"7"	"4"	1.0	"F"	"I"	""	"#vii"	"o"	"65"	""	"ii"	false
"V2"	""	"220"	"1.0"	"439.0"	"2/4"	"59"	"7"	"4"	1.0	"F"	"I"	""	"V"	""	"2"	""	""	false
"#viio6/ii"	""	"220"	"2.0"	"440.0"	"2/4"	"59"	"7"	"4"	1.0	"F"	"I"	""	"#vii"	"o"	"6"	""	"ii"	false
"V43"	""	"221"	"1.0"	"441.0"	"2/4"	"59"	"7"	"4"	1.5	"F"	"I"	""	"V"	""	"43"	""	""	false
"V65"	""	"221"	"2.5"	"442.5"	"2/4"	"59"	"7"	"4"	2.5	"F"	"I"	""	"V"	""	"65"	""	""	false
"V7"	""	"223"	"1.0"	"445.0"	"2/4"	"59"	"7"	"4"	1.0	"F"	"I"	""	"V"	""	"7"	""	""	false
"V43"	""	"223"	"2.0"	"446.0"	"2/4"	"59"	"7"	"4"	1.0	"F"	"I"	""	"V"	""	"43"	""	""	false
"I6"	""	"224"	"1.0"	"447.0"	"2/4"	"59"	"7"	"4"	1.0	"F"	"I"	""	"I"	""	"6"	""	""	false
"V43"	""	"224"	"2.0"	"448.0"	"2/4"	"59"	"7"	"4"	1.0	"F"	"I"	""	"V"	""	"43"	""	""	false
"I"	""	"225"	"1.0"	"449.0"	"2/4"	"59"	"7"	"4"	1.0	"F"	"I"	""	"I"	""	""	""	""	false
"V7"	""	"225"	"2.0"	"450.0"	"2/4"	"59"	"7"	"4"	1.0	"F"	"I"	""	"V"	""	"7"	""	""	false
"i.V[i64"	""	"226"	"1.0"	"451.0"	"2/4"	"59"	"7"	"4"	1.0	"F"	"i"	"V"	"i"	""	"64"	""	""	false
"V"	""	"226"	"2.0"	"452.0"	"2/4"	"59"	"7"	"4"	1.0	"F"	"i"	"V"	"V"	""	""	""	""	false
"i6"	""	"227"	"1.0"	"453.0"	"2/4"	"59"	"7"	"4"	1.0	"F"	"i"	"V"	"i"	""	"6"	""	""	false
"v6"	""	"227"	"2.0"	"454.0"	"2/4"	"59"	"7"	"4"	1.0	"F"	"i"	"V"	"v"	""	"6"	""	""	false
"i"	""	"228"	"1.0"	"455.0"	"2/4"	"59"	"7"	"4"	1.0	"F"	"i"	"V"	"i"	""	""	""	""	false
"#viio2/iv"	""	"228"	"2.0"	"456.0"	"2/4"	"59"	"7"	"4"	1.0	"F"	"i"	"V"	"#vii"	"o"	"2"	""	"iv"	false
"V43"	""	"229"	"1.0"	"457.0"	"2/4"	"59"	"7"	"4"	2.0	"F"	"i"	"V"	"V"	""	"43"	""	""	false
"V2"	""	"230"	"1.0"	"459.0"	"2/4"	"59"	"7"	"4"	2.0	"F"	"i"	"V"	"V"	""	"2"	""	""	false
"iv"	""	"231"	"1.0"	"461.0"	"2/4"	"59"	"7"	"4"	1.0	"F"	"i"	"V"	"iv"	""	""	""	""	false
"V"	""	"231"	"2.0"	"462.0"	"2/4"	"59"	"7"	"4"	1.0	"F"	"i"	"V"	"V"	""	""	""	""	false
"VI"	""	"232"	"1.0"	"463.0"	"2/4"	"59"	"7"	"4"	1.0	"F"	"i"	"V"	"VI"	""	""	""	""	false
"V6"	""	"232"	"2.0"	"464.0"	"2/4"	"59"	"7"	"4"	1.0	"F"	"i"	"V"	"V"	""	"6"	""	""	false
"i]"	""	"233"	"1.0"	"465.0"	"2/4"	"59"	"7"	"4"	1.0	"F"	"i"	"V"	"i"	""	""	""	""	false
"V43/VI"	""	"233"	"2.0"	"466.0"	"2/4"	"59"	"7"	"4"	1.0	"F"	"i"	""	"V"	""	"43"	""	"VI"	false
"VI"	""	"234"	"1.0"	"467.0"	"2/4"	"59"	"7"	"4"	2.0	"F"	"i"	""	"VI"	""	""	""	""	false
".Ger6"	""	"235"	"1.0"	"469.0"	"2/4"	"59"	"7"	"4"	4.0	"F"	"i"	""	"Ger"	""	"6"	""	""	false
"I.V(64)"	""	"237"	"1.0"	"473.0"	"2/4"	"59"	"7"	"4"	2.0	"F"	"I"	""	"V"	""	""	"64"	""	false
"IV"	""	"238"	"1.0"	"475.0"	"2/4"	"59"	"7"	"4"	2.0	"F"	"I"	""	"IV"	""	""	""	""	false
"V43"	""	"239"	"1.0"	"477.0"	"2/4"	"59"	"7"	"4"	2.0	"F"	"I"	""	"V"	""	"43"	""	""	false
"I"	""	"240"	"1.0"	"479.0"	"2/4"	"59"	"7"	"4"	2.0	"F"	"I"	""	"I"	""	""	""	""	false
"IV"	""	"241"	"1.0"	"481.0"	"2/4"	"59"	"7"	"4"	2.0	"F"	"I"	""	"IV"	""	""	""	""	false
"V(64)"	""	"242"	"1.0"	"483.0"	"2/4"	"59"	"7"	"4"	1.0	"F"	"I"	""	"V"	""	""	"64"	""	false
"V7\\\\"	""	"242"	"2.0"	"484.0"	"2/4"	"59"	"7"	"4"	1.0	"F"	"I"	""	"V"	""	"7"	""	""	true
"V6"	""	"243"	"1.0"	"485.0"	"2/4"	"59"	"7"	"4"	2.0	"F"	"I"	""	"V"	""	"6"	""	""	false
"#viio2/V"	""	"244"	"1.0"	"487.0"	"2/4"	"59"	"7"	"4"	2.0	"F"	"I"	""	"#vii"	"o"	"2"	""	"V"	false
"I6"	""	"245"	"1.0"	"489.0"	"2/4"	"59"	"7"	"4"	2.0	"F"	"I"	""	"I"	""	"6"	""	""	false
"I64"	""	"246"	"1.0"	"491.0"	"2/4"	"59"	"7"	"4"	1.0	"F"	"I"	""	"I"	""	"64"	""	""	false
"I"	""	"246"	"2.0"	"492.0"	"2/4"	"59"	"7"	"4"	1.0	"F"	"I"	""	"I"	""	""	""	""	false
"V43"	""	"247"	"1.0"	"493.0"	"2/4"	"59"	"7"	"4"	2.0	"F"	"I"	""	"V"	""	"43"	""	""	false
"V65"	""	"248"	"1.0"	"495.0"	"2/4"	"59"	"7"	"4"	2.0	"F"	"I"	""	"V"	""	"65"	""	""	false
"I"	""	"249"	"1.0"	"497.0"	"2/4"	"59"	"7"	"4"	4.0	"F"	"I"	""	"I"	""	""	""	""	false
"V7"	""	"251"	"1.0"	"501.0"	"2/4"	"59"	"7"	"4"	4.0	"F"	"I"	""	"V"	""	"7"	""	""	false
"I"	""	"253"	"1.0"	"505.0"	"2/4"	"59"	"7"	"4"	0.75	"F"	"I"	""	"I"	""	""	""	""	false
"V"	""	"253"	"1.75"	"505.75"	"2/4"	"59"	"7"	"4"	0.25	"F"	"I"	""	"V"	""	""	""	""	false
"I"	""	"253"	"2.0"	"506.0"	"2/4"	"59"	"7"	"4"	0.75	"F"	"I"	""	"I"	""	""	""	""	false
"V7/ii"	""	"253"	"2.75"	"506.75"	"2/4"	"59"	"7"	"4"	0.25	"F"	"I"	""	"V"	""	"7"	""	"ii"	false
"ii"	""	"254"	"1.0"	"507.0"	"2/4"	"59"	"7"	"4"	0.75	"F"	"I"	""	"ii"	""	""	""	""	false
"V7/ii"	""	"254"	"1.75"	"507.75"	"2/4"	"59"	"7"	"4"	0.25	"F"	"I"	""	"V"	""	"7"	""	"ii"	false
"ii"	""	"254"	"2.0"	"508.0"	"2/4"	"59"	"7"	"4"	0.75	"F"	"I"	""	"ii"	""	""	""	""	false
"V7"	""	"254"	"2.75"	"508.75"	"2/4"	"59"	"7"	"4"	0.25	"F"	"I"	""	"V"	""	"7"	""	""	false
"I"	""	"255"	"1.0"	"509.0"	"2/4"	"59"	"7"	"4"	0.75	"F"	"I"	""	"I"	""	""	""	""	false
"V7"	""	"255"	"1.75"	"509.75"	"2/4"	"59"	"7"	"4"	0.25	"F"	"I"	""	"V"	""	"7"	""	""	false
"I"	""	"255"	"2.0"	"510.0"	"2/4"	"59"	"7"	"4"	0.75	"F"	"I"	""	"I"	""	""	""	""	false
"V7/ii"	""	"255"	"2.75"	"510.75"	"2/4"	"59"	"7"	"4"	0.25	"F"	"I"	""	"V"	""	"7"	""	"ii"	false
"ii"	""	"256"	"1.0"	"511.0"	"2/4"	"59"	"7"	"4"	0.75	"F"	"I"	""	"ii"	""	""	""	""	false
"V7/ii"	""	"256"	"1.75"	"511.75"	"2/4"	"59"	"7"	"4"	0.25	"F"	"I"	""	"V"	""	"7"	""	"ii"	false
"ii"	""	"256"	"2.0"	"512.0"	"2/4"	"59"	"7"	"4"	0.75	"F"	"I"	""	"ii"	""	""	""	""	false
"V7"	""	"256"	"2.75"	"512.75"	"2/4"	"59"	"7"	"4"	0.25	"F"	"I"	""	"V"	""	"7"	""	""	false
"I"	""	"257"	"1.0"	"513.0"	"2/4"	"59"	"7"	"4"	1.0	"F"	"I"	""	"I"	""	""	""	""	false
"vi"	""	"257"	"2.0"	"514.0"	"2/4"	"59"	"7"	"4"	1.0	"F"	"I"	""	"vi"	""	""	""	""	false
"ii"	""	"258"	"1.0"	"515.0"	"2/4"	"59"	"7"	"4"	1.0	"F"	"I"	""	"ii"	""	""	""	""	false
"V"	""	"258"	"2.0"	"516.0"	"2/4"	"59"	"7"	"4"	1.0	"F"	"I"	""	"V"	""	""	""	""	false
"I\\\\"	""	"259"	"1.0"	"517.0"	"2/4"	"59"	"7"	"4"	1.0	"F"	"I"	""	"I"	""	""	""	""	true
"vi"	""	"259"	"2.0"	"518.0"	"2/4"	"59"	"7"	"4"	1.0	"F"	"I"	""	"vi"	""	""	""	""	false
"ii"	""	"260"	"1.0"	"519.0"	"2/4"	"59"	"7"	"4"	1.0	"F"	"I"	""	"ii"	""	""	""	""	false
"V"	""	"260"	"2.0"	"520.0"	"2/4"	"59"	"7"	"4"	1.0	"F"	"I"	""	"V"	""	""	""	""	false
"V43/V"	""	"261"	"1.0"	"521.0"	"2/4"	"59"	"7"	"4"	6.0	"F"	"I"	""	"V"	""	"43"	""	"V"	false
"V7\\\\"	""	"264"	"1.0"	"527.0"	"2/4"	"59"	"7"	"4"	7.0	"F"	"I"	""	"V"	""	"7"	""	""	true
"I"	""	"267"	"2.0"	"534.0"	"2/4"	"59"	"7"	"4"	1.0	"F"	"I"	""	"I"	""	""	""	""	false
"ii"	""	"268"	"1.0"	"535.0"	"2/4"	"59"	"7"	"4"	1.0	"F"	"I"	""	"ii"	""	""	""	""	false
"V/ii"	""	"268"	"2.0"	"536.0"	"2/4"	"59"	"7"	"4"	1.0	"F"	"I"	""	"V"	""	""	""	"ii"	false
"ii"	""	"269"	"1.0"	"537.0"	"2/4"	"59"	"7"	"4"	1.0	"F"	"I"	""	"ii"	""	""	""	""	false
"V7/ii"	""	"269"	"2.0"	"538.0"	"2/4"	"59"	"7"	"4"	1.0	"F"	"I"	""	"V"	""	"7"	""	"ii"	false
"ii"	""	"270"	"1.0"	"539.0"	"2/4"	"59"	"7"	"4"	1.0	"F"	"I"	""	"ii"	""	""	""	""	false
"V64/ii"	""	"270"	"2.0"	"540.0"	"2/4"	"59"	"7"	"4"	1.0	"F"	"I"	""	"V"	""	"64"	""	"ii"	false
"ii6"	""	"271"	"1.0"	"541.0"	"2/4"	"59"	"7"	"4"	1.0	"F"	"I"	""	"ii"	""	"6"	""	""	false
"V43/ii"	""	"271"	"2.0"	"542.0"	"2/4"	"59"	"7"	"4"	1.0	"F"	"I"	""	"V"	""	"43"	""	"ii"	false
"ii6"	""	"272"	"1.0"	"543.0"	"2/4"	"59"	"7"	"4"	0.5	"F"	"I"	""	"ii"	""	"6"	""	""	false
"ii"	""	"272"	"1.5"	"543.5"	"2/4"	"59"	"7"	"4"	0.5	"F"	"I"	""	"ii"	""	""	""	""	false
"V/ii"	""	"272"	"2.0"	"544.0"	"2/4"	"59"	"7"	"4"	1.0	"F"	"I"	""	"V"	""	""	""	"ii"	false
"ii"	""	"273"	"1.0"	"545.0"	"2/4"	"59"	"7"	"4"	1.0	"F"	"I"	""	"ii"	""	""	""	""	false
"viio6"	""	"273"	"2.0"	"546.0"	"2/4"	"59"	"7"	"4"	1.0	"F"	"I"	""	"vii"	"o"	"6"	""	""	false
"I"	""	"274"	"1.0"	"547.0"	"2/4"	"59"	"7"	"4"	1.0	"F"	"I"	""	"I"	""	""	""	""	false
"V"	""	"274"	"2.0"	"548.0"	"2/4"	"59"	"7"	"4"	1.0	"F"	"I"	""	"V"	""	""	""	""	false
"I"	""	"275"	"1.0"	"549.0"	"2/4"	"59"	"7"	"4"	1.0	"F"	"I"	""	"I"	""	""	""	""	false
"V7"	""	"275"	"2.0"	"550.0"	"2/4"	"59"	"7"	"4"	1.0	"F"	"I"	""	"V"	""	"7"	""	""	false
"i.i"	""	"276"	"1.0"	"551.0"	"2/4"	"59"	"7"	"4"	1.0	"F"	"i"	""	"i"	""	""	""	""	false
"V43"	""	"276"	"2.0"	"552.0"	"2/4"	"59"	"7"	"4"	1.0	"F"	"i"	""	"V"	""	"43"	""	""	false
"i6"	""	"277"	"1.0"	"553.0"	"2/4"	"59"	"7"	"4"	1.0	"F"	"i"	""	"i"	""	"6"	""	""	false
"V2"	""	"277"	"2.0"	"554.0"	"2/4"	"59"	"7"	"4"	1.0	"F"	"i"	""	"V"	""	"2"	""	""	false
"i6"	""	"278"	"1.0"	"555.0"	"2/4"	"59"	"7"	"4"	1.0	"F"	"i"	""	"i"	""	"6"	""	""	false
"V7/III"	""	"278"	"2.0"	"556.0"	"2/4"	"59"	"7"	"4"	1.0	"F"	"i"	""	"V"	""	"7"	""	"III"	false
"III"	""	"279"	"1.0"	"557.0"	"2/4"	"59"	"7"	"4"	1.0	"F"	"i"	""	"III"	""	""	""	""	false
"V7/iv"	""	"279"	"2.0"	"558.0"	"2/4"	"59"	"7"	"4"	1.0	"F"	"i"	""	"V"	""	"7"	""	"iv"	false
"iv"	""	"280"	"1.0"	"559.0"	"2/4"	"59"	"7"	"4"	1.0	"F"	"i"	""	"iv"	""	""	""	""	false
"V2/V"	""	"280"	"2.0"	"560.0"	"2/4"	"59"	"7"	"4"	0.5	"F"	"i"	""	"V"	""	"2"	""	"V"	false
"V43/V"	""	"280"	"2.5"	"560.5"	"2/4"	"59"	"7"	"4"	0.5	"F"	"i"	""	"V"	""	"43"	""	"V"	false
"I.V[V6"	""	"281"	"1.0"	"561.0"	"2/4"	"59"	"7"	"4"	1.0	"F"	"I"	"V"	"V"	""	"6"	""	""	false
"I"	""	"281"	"2.0"	"562.0"	"2/4"	"59"	"7"	"4"	0.5	"F"	"I"	"V"	"I"	""	""	""	""	false
"V6/ii"	""	"281"	"2.5"	"562.5"	"2/4"	"59"	"7"	"4"	0.5	"F"	"I"	"V"	"V"	""	"6"	""	"ii"	false
"ii"	""	"282"	"1.0"	"563.0"	"2/4"	"59"	"7"	"4"	1.0	"F"	"I"	"V"	"ii"	""	""	""	""	false
".bVII"	""	"282"	"2.0"	"564.0"	"2/4"	"59"	"7"	"4"	0.5	"F"	"I"	"V"	"bVII"	""	""	""	""	false
"V6"	""	"282"	"2.5"	"564.5"	"2/4"	"59"	"7"	"4"	0.5	"F"	"I"	"V"	"V"	""	"6"	""	""	false
"I"	""	"283"	"1.0"	"565.0"	"2/4"	"59"	"7"	"4"	1.0	"F"	"I"	"V"	"I"	""	""	""	""	false
"IV6"	""	"283"	"2.0"	"566.0"	"2/4"	"59"	"7"	"4"	1.0	"F"	"I"	"V"	"IV"	""	"6"	""	""	false
"viio(4)"	""	"284"	"1.0"	"567.0"	"2/4"	"59"	"7"	"4"	0.5	"F"	"I"	"V"	"vii"	"o"	""	"4"	""	false
"viio"	""	"284"	"1.5"	"567.5"	"2/4"	"59"	"7"	"4"	0.5	"F"	"I"	"V"	"vii"	"o"	""	""	""	false
"I"	""	"284"	"2.0"	"568.0"	"2/4"	"59"	"7"	"4"	1.0	"F"	"I"	"V"	"I"	""	""	""	""	false
"viio6(2)"	""	"285"	"1.0"	"569.0"	"2/4"	"59"	"7"	"4"	0.5	"F"	"I"	"V"	"vii"	"o"	"6"	"2"	""	false
"viio6"	""	"285"	"1.5"	"569.5"	"2/4"	"59"	"7"	"4"	1.0	"F"	"I"	"V"	"vii"	"o"	"6"	""	""	false
"vi64"	""	"285"	"2.5"	"570.5"	"2/4"	"59"	"7"	"4"	0.5	"F"	"I"	"V"	"vi"	""	"64"	""	""	false
"V2"	""	"286"	"1.0"	"571.0"	"2/4"	"59"	"7"	"4"	1.0	"F"	"I"	"V"	"V"	""	"2"	""	""	false
"V65"	""	"286"	"2.0"	"572.0"	"2/4"	"59"	"7"	"4"	3.0	"F"	"I"	"V"	"V"	""	"65"	""	""	false
"I"	""	"288"	"1.0"	"575.0"	"2/4"	"59"	"7"	"4"	4.0	"F"	"I"	"V"	"I"	""	""	""	""	false
"V43"	""	"290"	"1.0"	"579.0"	"2/4"	"59"	"7"	"4"	4.0	"F"	"I"	"V"	"V"	""	"43"	""	""	false
"I6"	""	"292"	"1.0"	"583.0"	"2/4"	"59"	"7"	"4"	4.0	"F"	"I"	"V"	"I"	""	"6"	""	""	false
"V]"	""	"294"	"1.0"	"587.0"	"2/4"	"59"	"7"	"4"	2.0	"F"	"I"	"V"	"V"	""	""	""	""	false
"V6"	""	"295"	"1.0"	"589.0"	"2/4"	"59"	"7"	"4"	2.0	"F"	"I"	""	"V"	""	"6"	""	""	false
"V7"	""	"296"	"1.0"	"591.0"	"2/4"	"59"	"7"	"4"	4.0	"F"	"I"	""	"V"	""	"7"	""	""	false
"I"	""	"298"	"1.0"	"595.0"	"2/4"	"59"	"7"	"4"	1.0	"F"	"I"	""	"I"	""	""	""	""	false
"IV"	""	"298"	"2.0"	"596.0"	"2/4"	"59"	"7"	"4"	1.0	"F"	"I"	""	"IV"	""	""	""	""	false
"V6"	""	"299"	"1.0"	"597.0"	"2/4"	"59"	"7"	"4"	1.0	"F"	"I"	""	"V"	""	"6"	""	""	false
"I6"	""	"299"	"2.0"	"598.0"	"2/4"	"59"	"7"	"4"	1.0	"F"	"I"	""	"I"	""	"6"	""	""	false
"iio6"	""	"300"	"1.0"	"599.0"	"2/4"	"59"	"7"	"4"	1.0	"F"	"I"	""	"ii"	"o"	"6"	""	""	false
"V7"	""	"300"	"2.0"	"600.0"	"2/4"	"59"	"7"	"4"	3.0	"F"	"I"	""	"V"	""	"7"	""	""	false
"I"	""	"302"	"1.0"	"603.0"	"2/4"	"59"	"7"	"4"	1.0	"F"	"I"	""	"I"	""	""	""	""	false
"IV6"	""	"302"	"2.0"	"604.0"	"2/4"	"59"	"7"	"4"	1.0	"F"	"I"	""	"IV"	""	"6"	""	""	false
"V"	""	"303"	"1.0"	"605.0"	"2/4"	"59"	"7"	"4"	1.0	"F"	"I"	""	"V"	""	""	""	""	false
"I6"	""	"303"	"2.0"	"606.0"	"2/4"	"59"	"7"	"4"	1.0	"F"	"I"	""	"I"	""	"6"	""	""	false
"iio"	""	"304"	"1.0"	"607.0"	"2/4"	"59"	"7"	"4"	1.0	"F"	"I"	""	"ii"	"o"	""	""	""	false
"V65"	""	"304"	"2.0"	"608.0"	"2/4"	"59"	"7"	"4"	1.0	"F"	"I"	""	"V"	""	"65"	""	""	false
"V7"	""	"305"	"1.0"	"609.0"	"2/4"	"59"	"7"	"4"	2.0	"F"	"I"	""	"V"	""	"7"	""	""	false
"I"	""	"306"	"1.0"	"611.0"	"2/4"	"59"	"7"	"4"	1.0	"F"	"I"	""	"I"	""	""	""	""	false
"V2"	""	"306"	"2.0"	"612.0"	"2/4"	"59"	"7"	"4"	1.0	"F"	"I"	""	"V"	""	"2"	""	""	false
"I"	""	"307"	"1.0"	"613.0"	"2/4"	"59"	"7"	"4"	0.5	"F"	"I"	""	"I"	""	""	""	""	false
"V6"	""	"307"	"1.5"	"613.5"	"2/4"	"59"	"7"	"4"	0.5	"F"	"I"	""	"V"	""	"6"	""	""	false
"V7"	""	"307"	"2.0"	"614.0"	"2/4"	"59"	"7"	"4"	0.75	"F"	"I"	""	"V"	""	"7"	""	""	false
"V6"	""	"307"	"2.75"	"614.75"	"2/4"	"59"	"7"	"4"	0.25	"F"	"I"	""	"V"	""	"6"	""	""	false
"I"	""	"308"	"1.0"	"615.0"	"2/4"	"59"	"7"	"4"	3.0	"F"	"I"	""	"I"	""	""	""	""	false
"V2"	""	"309"	"2.0"	"618.0"	"2/4"	"59"	"7"	"4"	0.5	"F"	"I"	""	"V"	""	"2"	""	""	false
"V/vi"	""	"309"	"2.5"	"618.5"	"2/4"	"59"	"7"	"4"	0.5	"F"	"I"	""	"V"	""	""	""	"vi"	false
"IV"	""	"310"	"1.0"	"619.0"	"2/4"	"59"	"7"	"4"	2.0	"F"	"I"	""	"IV"	""	""	""	""	false
"I(64)"	""	"311"	"1.0"	"621.0"	"2/4"	"59"	"7"	"4"	1.0	"F"	"I"	""	"I"	""	""	"64"	""	false
"I"	""	"311"	"2.0"	"622.0"	"2/4"	"59"	"7"	"4"	2.0	"F"	"I"	""	"I"	""	""	""	""	false
"V65/V"	""	"312"	"2.0"	"624.0"	"2/4"	"59"	"7"	"4"	0.5	"F"	"I"	""	"V"	""	"65"	""	"V"	false
"ii%43/vi"	""	"312"	"2.5"	"624.5"	"2/4"	"59"	"7"	"4"	0.5	"F"	"I"	""	"ii"	"%"	"43"	""	"vi"	false
"V/vi"	""	"313"	"1.0"	"625.0"	"2/4"	"59"	"7"	"4"	1.0	"F"	"I"	""	"V"	""	""	""	"vi"	false
"V64"	""	"313"	"2.0"	"626.0"	"2/4"	"59"	"7"	"4"	1.0	"F"	"I"	""	"V"	""	"64"	""	""	false
"V/vi"	""	"314"	"1.0"	"627.0"	"2/4"	"59"	"7"	"4"	1.0	"F"	"I"	""	"V"	""	""	""	"vi"	false
"V43"	""	"314"	"2.0"	"628.0"	"2/4"	"59"	"7"	"4"	1.0	"F"	"I"	""	"V"	""	"43"	""	""	false
"I"	""	"315"	"1.0"	"629.0"	"2/4"	"59"	"7"	"4"	1.0	"F"	"I"	""	"I"	""	""	""	""	false
"V7"	""	"315"	"2.0"	"630.0"	"2/4"	"59"	"7"	"4"	1.0	"F"	"I"	""	"V"	""	"7"	""	""	false
"I"	""	"316"	"1.0"	"631.0"	"2/4"	"59"	"7"	"4"	1.0	"F"	"I"	""	"I"	""	""	""	""	false
"V7"	""	"316"	"2.0"	"632.0"	"2/4"	"59"	"7"	"4"	1.0	"F"	"I"	""	"V"	""	"7"	""	""	false
"I"	""	"317"	"1.0"	"633.0"	"2/4"	"59"	"7"	"4"	1.0	"F"	"I"	""	"I"	""	""	""	""	false
"V2"	""	"317"	"2.0"	"634.0"	"2/4"	"59"	"7"	"4"	1.0	"F"	"I"	""	"V"	""	"2"	""	""	false
"I6"	""	"318"	"1.0"	"635.0"	"2/4"	"59"	"7"	"4"	1.0	"F"	"I"	""	"I"	""	"6"	""	""	false
"V7"	""	"318"	"2.0"	"636.0"	"2/4"	"59"	"7"	"4"	1.0	"F"	"I"	""	"V"	""	"7"	""	""	false
"I"	""	"319"	"1.0"	"637.0"	"2/4"	"59"	"7"	"4"	1.0	"F"	"I"	""	"I"	""	""	""	""	false
"V65"	""	"319"	"2.0"	"638.0"	"2/4"	"59"	"7"	"4"	1.0	"F"	"I"	""	"V"	""	"65"	""	""	false
"I"	""	"320"	"1.0"	"639.0"	"2/4"	"59"	"7"	"4"	9.0	"F"	"I"	""	"I"	""	""	""	""	false
"V7"	""	"324"	"2.0"	"648.0"	"2/4"	"59"	"7"	"4"	1.0	"F"	"I"	""	"V"	""	"7"	""	""	false
"I"	""	"325"	"1.0"	"649.0"	"2/4"	"59"	"7"	"4"	1.0	"F"	"I"	""	"I"	""	""	""	""	false
"V7"	""	"325"	"2.0"	"650.0"	"2/4"	"59"	"7"	"4"	1.0	"F"	"I"	""	"V"	""	"7"	""	""	false
"I"	""	"326"	"1.0"	"651.0"	"2/4"	"59"	"7"	"4"	4.0	"F"	"I"	""	"I"	""	""	""	""	false
"I\\\\"	""	"328"	"1.0"	"655.0"	"2/4"	"59"	"7"	"4"	2.0	"F"	"I"	""	"I"	""	""	""	""	true
