mc	mn	quarterbeats	quarterbeats_all_endings	duration_qb	mc_onset	mn_onset	timesig	staff	voice	volta	label	globalkey	localkey	pedal	chord	special	numeral	form	figbass	changes	relativeroot	cadence	phraseend	chord_type	globalkey_is_minor	localkey_is_minor	chord_tones	added_tones	root	bass_note
1	1	0	0	6.0	0	0	3/4	4	1		C.#ivo7	C	I		#ivo7		#iv	o	7					o7	0	0	6, 3, 0, -3		6	6
3	3	6	6	6.0	0	0	3/4	4	1		IV7	C	I		IV7		IV		7					Mm7	0	0	-1, 3, 0, -3		-1	-1
5	5	12	12	3.0	0	0	3/4	4	1		vi64	C	I		vi64		vi		64					m	0	0	4, 3, 0		3	4
6	6	15	15	2.0	0	0	3/4	4	1		V7/V	C	I		V7/V		V		7		V			Mm7	0	0	2, 6, 3, 0		2	2
6	6	17	17	1.0	1/2	1/2	3/4	4	1		V2/V	C	I		V2/V		V		2		V			Mm7	0	0	0, 2, 6, 3		2	0
7	7	18	18	1.0	0	0	3/4	4	1		V6(#7)	C	I		V6(#7)		V		6	#7				M	0	0	5, 2, 6		1	5
7	7	19	19	1.0	1/4	1/4	3/4	4	1		V6	C	I		V6		V		6					M	0	0	5, 2, 1		1	5
7	7	20	20	1.0	1/2	1/2	3/4	4	1		V43/V	C	I		V43/V		V		43		V			Mm7	0	0	3, 0, 2, 6		2	3
8	8	21	21	3.0	0	0	3/4	4	1		ii%43	C	I		ii%43		ii	%	43					%7	0	0	-4, 0, 2, -1		2	-4
9	9	24	24	6.0	0	0	3/4	4	1		viio2	C	I		viio2		vii	o	2					o7	0	0	-4, 5, 2, -1		5	-4
11	11	30	30	3.0	0	0	3/4	4	1		bVII2	C	I		bVII2		bVII		2					Mm7	0	0	-4, -2, 2, -1		-2	-4
12	12	33	33	2.0	0	0	3/4	4	1		bIII6(4)	C	I		bIII6(4)		bIII		6	4				M	0	0	3, -2, -3		-3	3
12	12	35	35	3.0	1/2	1/2	3/4	4	1		bIII6	C	I		bIII6		bIII		6					M	0	0	1, -2, -3		-3	1
13	13	38	38	1.0	1/2	1/2	3/4	4	1		viio43	C	I		viio43		vii	o	43					o7	0	0	-1, -4, 5, 2		5	-1
14	14	39	39	3.0	0	0	3/4	4	1		iiio7(2)	C	I		iiio7(2)		iii	o	7	2				o7	0	0	-1, 1, -2, -5		4	-1
15	15	42	42	3.0	0	0	3/4	4	1		iiio7	C	I		iiio7		iii	o	7					o7	0	0	4, 1, -2, -5		4	4
16	16	45	45	3.0	0	0	3/4	4	1		V65/IV	C	I		V65/IV		V		65		IV			Mm7	0	0	4, 1, -2, 0		0	4
17	17	48	48	3.0	0	0	3/4	4	1		i6	C	I		i6		i		6					m	0	0	-3, 1, 0		0	-3
18	18	51	51	2.0	0	0	3/4	4	1		II7(b5)	C	I		II7(b5)		II		7	b5				Mm7	0	0	2, 6, -4, 0		2	2
18	18	53	53	1.0	1/2	1/2	3/4	4	1		II7(4)	C	I		II7(4)		II		7	4				Mm7	0	0	2, 1, 3, 0		2	2
19	19	54	54	3.0	0	0	3/4	4	1		ii%7	C	I		ii%7		ii	%	7					%7	0	0	2, -1, -4, 0		2	2
20	20	57	57	3.0	0	0	3/4	4	1		viio65	C	I		viio65		vii	o	65					o7	0	0	2, -1, -4, 5		5	2
21	21	60	60	3.0	0	0	3/4	4	1		iv64	C	I		iv64		iv		64					m	0	0	0, -1, -4		-1	0
22	22	63	63	21.0	0	0	3/4	4	1		viio7	C	I		viio7		vii	o	7					o7	0	0	5, 2, -1, -4		5	5
29	29	84	84	2.0	0	0	3/4	4	1		V65	C	I		V65		V		65					Mm7	0	0	5, 2, -1, 1		1	5
30	29	86	86	1.0	0	3/4	4/4	4	1		I	C	I		I		I							M	0	0	0, 4, 1		0	0
31	30	87	87	10.0	0	0	4/4	4	1		V7	C	I		V7		V		7					Mm7	0	0	1, 5, 2, -1		1	1
33	32	97	97	7.0	1/2	1/2	4/4	4	1		V7(+9)	C	I		V7(+9)		V		7	+9				Mm7	0	0	1, 5, 2, -1	3	1	1
35	34	104	104	1.0	1/4	1/4	4/4	4	1		viio	C	I		viio		vii	o						o	0	0	5, 2, -1		5	5
35	34	105	105	1.0	1/2	1/2	4/4	4	1		I	C	I		I		I							M	0	0	0, 4, 1		0	0
35	34	106	106	1.0	3/4	3/4	4/4	4	1		ii	C	I		ii		ii							m	0	0	2, -1, 3		2	2
36	35	107	107	21.0	0	0	4/4	4	1		V7/ii	C	I		V7/ii		V		7		ii			Mm7	0	0	3, 7, 4, 1		3	3
41	40	128	128	1.0	1/4	1/4	4/4	4	1		#viio/ii	C	I		#viio/ii		#vii	o			ii			o	0	0	7, 4, 1		7	7
41	40	129	129	2.0	1/2	1/2	4/4	4	1		ii	C	I		ii		ii							m	0	0	2, -1, 3		2	2
42	41	131	131	4.0	0	0	4/4	4	1		V7/IV	C	I		V7/IV		V		7		IV			Mm7	0	0	0, 4, 1, -2		0	0
43	42	135	135	4.0	0	0	4/4	4	1		V7	C	I		V7		V		7					Mm7	0	0	1, 5, 2, -1		1	1
44	43	139	139	4.0	0	0	4/4	4	1		I[I6	C	I	I	I6		I		6					M	0	0	4, 1, 0		0	4
45	44	143	143	2.0	0	0	4/4	4	1		IV	C	I	I	IV		IV							M	0	0	-1, 3, 0		-1	-1
45	44	145	145	2.0	1/2	1/2	4/4	4	1		viio6	C	I	I	viio6		vii	o	6					o	0	0	2, -1, 5		5	2
46	45	147	147	1.0	0	0	4/4	4	1		I	C	I	I	I		I							M	0	0	0, 4, 1		0	0
46	45	148	148	3.0	1/4	1/4	4/4	4	1		I6	C	I	I	I6		I		6					M	0	0	4, 1, 0		0	4
47	46	151	151	2.0	0	0	4/4	4	1		IV	C	I	I	IV		IV							M	0	0	-1, 3, 0		-1	-1
47	46	153	153	2.0	1/2	1/2	4/4	4	1		viio6	C	I	I	viio6		vii	o	6					o	0	0	2, -1, 5		5	2
48	47	155	155	2.0	0	0	4/4	4	1		I]	C	I	I	I		I							M	0	0	0, 4, 1		0	0
48	47	157	157	2.0	1/2	1/2	4/4	4	1		V7/ii	C	I		V7/ii		V		7		ii			Mm7	0	0	3, 7, 4, 1		3	3
49	48	159	159	2.0	0	0	4/4	4	1		ii	C	I		ii		ii							m	0	0	2, -1, 3		2	2
49	48	161	161	2.0	1/2	1/2	4/4	4	1		V7/ii	C	I		V7/ii		V		7		ii			Mm7	0	0	3, 7, 4, 1		3	3
50	49	163	163	1.0	0	0	4/4	4	1		ii64	C	I		ii64		ii		64					m	0	0	3, 2, -1		2	3
50	49	164	164	1.0	1/4	1/4	4/4	4	1		ii	C	I		ii		ii							m	0	0	2, -1, 3		2	2
50	49	165	165	1.0	1/2	1/2	4/4	4	1		V64	C	I		V64		V		64					M	0	0	2, 1, 5		1	2
50	49	166	166	1.0	3/4	3/4	4/4	4	1		V7	C	I		V7		V		7					Mm7	0	0	1, 5, 2, -1		1	1
51	50	167	167	1.0	0	0	4/4	4	1		I64	C	I		I64		I		64					M	0	0	1, 0, 4		0	1
51	50	168	168	1.0	1/4	1/4	4/4	4	1		I	C	I		I		I							M	0	0	0, 4, 1		0	0
51	50	169	169	2.0	1/2	1/2	4/4	4	1		IV	C	I		IV		IV							M	0	0	-1, 3, 0		-1	-1
52	51	171	171	2.0	0	0	4/4	4	1		V[I64	C	I	V	I64		I		64					M	0	0	1, 0, 4		0	1
52	51	173	173	2.0	1/2	1/2	4/4	4	1		V7	C	I	V	V7		V		7					Mm7	0	0	1, 5, 2, -1		1	1
53	52	175	175	3.0	0	0	4/4	4	1		I64	C	I	V	I64		I		64					M	0	0	1, 0, 4		0	1
53	52	178	178	1.0	3/4	3/4	4/4	4	1		V7]	C	I	V	V7		V		7					Mm7	0	0	1, 5, 2, -1		1	1
54	53	179	179	1.0	0	0	4/4	4	1		I	C	I		I		I							M	0	0	0, 4, 1		0	0
54	53	180	180	1.0	1/4	1/4	4/4	4	1		I6	C	I		I6		I		6					M	0	0	4, 1, 0		0	4
54	53	181	181	1.0	1/2	1/2	4/4	4	1		I64	C	I		I64		I		64					M	0	0	1, 0, 4		0	1
54	53	182	182	1.0	3/4	3/4	4/4	4	1		I	C	I		I		I							M	0	0	0, 4, 1		0	0
55	54	183	183	1.0	0	0	4/4	4	1		IV	C	I		IV		IV							M	0	0	-1, 3, 0		-1	-1
55	54	184	184	2.0	1/4	1/4	4/4	4	1		IV6	C	I		IV6		IV		6					M	0	0	3, 0, -1		-1	3
55	54	186	186	1.0	3/4	3/4	4/4	4	1		IV	C	I		IV		IV							M	0	0	-1, 3, 0		-1	-1
56	55	187	187	2.0	0	0	4/4	4	1		V(64)	C	I		V(64)		V			64				M	0	0	1, 0, 4		1	1
56	55	189	189	2.0	1/2	1/2	4/4	4	1		V7	C	I		V7		V		7					Mm7	0	0	1, 5, 2, -1		1	1
57	56	191	191	5.0	0	0	4/4	4	1		I\\	C	I		I		I						\\	M	0	0	0, 4, 1		0	0
58	57	196	196	1.0	1/4	1/4	4/4	4	1		V7(6#4)	C	I		V7(6#4)		V		7	6#4				Mm7	0	0	1, 5, 7, 4, -1		1	1
58	57	197	197	6.0	1/2	1/2	4/4	4	1		V7	C	I		V7		V		7					Mm7	0	0	1, 5, 2, -1		1	1
60	59	203	203	2.0	0	0	4/4	4	1		I	C	I		I		I							M	0	0	0, 4, 1		0	0
60	59	205	205	2.0	1/2	1/2	4/4	4	1		I6	C	I		I6		I		6					M	0	0	4, 1, 0		0	4
61	60	207	207	2.0	0	0	4/4	4	1		V43	C	I		V43		V		43					Mm7	0	0	2, -1, 1, 5		1	2
61	60	209	209	2.0	1/2	1/2	4/4	4	1		V7	C	I		V7		V		7					Mm7	0	0	1, 5, 2, -1		1	1
62	61	211	211	2.0	0	0	4/4	4	1		I	C	I		I		I							M	0	0	0, 4, 1		0	0
62	61	213	213	2.0	1/2	1/2	4/4	4	1		I6	C	I		I6		I		6					M	0	0	4, 1, 0		0	4
63	62	215	215	2.0	0	0	4/4	4	1		V43	C	I		V43		V		43					Mm7	0	0	2, -1, 1, 5		1	2
63	62	217	217	2.0	1/2	1/2	4/4	4	1		V7	C	I		V7		V		7					Mm7	0	0	1, 5, 2, -1		1	1
64	63	219	219	10.0	0	0	4/4	4	1		I	C	I		I		I							M	0	0	0, 4, 1		0	0
66	65	229	229	1.0	1/2	1/2	4/4	4	1		I6	C	I		I6		I		6					M	0	0	4, 1, 0		0	4
66	65	230	230	1.0	3/4	3/4	4/4	4	1		viio7/V	C	I		viio7/V		vii	o	7		V			o7	0	0	6, 3, 0, -3		6	6
67	66	231	231	2.0	0	0	4/4	4	1		ii(+2)	C	I		ii(+2)		ii			+2				m	0	0	2, -1, 3	4	2	2
67	66	233	233	2.0	1/2	1/2	4/4	4	1		V7	C	I		V7		V		7					Mm7	0	0	1, 5, 2, -1		1	1
68	67	235	235	2.0	0	0	4/4	4	1		I\\	C	I		I		I						\\	M	0	0	0, 4, 1		0	0
68	67	237	237	2.0	1/2	1/2	4/4	4	1		viio7/V	C	I		viio7/V		vii	o	7		V			o7	0	0	6, 3, 0, -3		6	6
69	68	239	239	2.0	0	0	4/4	4	1		ii(+2)	C	I		ii(+2)		ii			+2				m	0	0	2, -1, 3	4	2	2
69	68	241	241	2.0	1/2	1/2	4/4	4	1		V7	C	I		V7		V		7					Mm7	0	0	1, 5, 2, -1		1	1
70	69	243	243	3.0	0	0	4/4	4	1		I\\	C	I		I		I						\\	M	0	0	0, 4, 1		0	0
70	69	246	246	1.0	3/4	3/4	4/4	4	1		V.ii6	C	V		ii6		ii		6					m	0	0	-1, 3, 2		2	-1
71	70	247	247	1.0	0	0	4/4	4	1		V43/ii	C	V		V43/ii		V		43		ii			Mm7	0	0	4, 1, 3, 7		3	4
71	70	248	248	1.0	1/4	1/4	4/4	4	1		#viio/ii	C	V		#viio/ii		#vii	o			ii			o	0	0	7, 4, 1		7	7
71	70	249	249	2.0	1/2	1/2	4/4	4	1		V7/ii	C	V		V7/ii		V		7		ii			Mm7	0	0	3, 7, 4, 1		3	3
72	71	251	251	1.0	0	0	4/4	4	1		ii	C	V		ii		ii							m	0	0	2, -1, 3		2	2
72	71	252	252	1.0	1/4	1/4	4/4	4	1		V7/vi	C	V		V7/vi		V		7		vi			Mm7	0	0	4, 8, 5, 2		4	4
72	71	253	253	1.0	1/2	1/2	4/4	4	1		ii6	C	V		ii6		ii		6					m	0	0	-1, 3, 2		2	-1
72	71	254	254	1.0	3/4	3/4	4/4	4	1		ii%43	C	V		ii%43		ii	%	43					%7	0	0	-4, 0, 2, -1		2	-4
73	72	255	255	3.0	0	0	4/4	4	1		V7	C	V		V7		V		7					Mm7	0	0	1, 5, 2, -1		1	1
73	72	258	258	1.0	3/4	3/4	4/4	4	1		ii%43	C	V		ii%43		ii	%	43					%7	0	0	-4, 0, 2, -1		2	-4
74	73	259	259	1.5	0	0	4/4	4	1		V7	C	V		V7		V		7					Mm7	0	0	1, 5, 2, -1		1	1
74	73	521/2	521/2	0.5	3/8	3/8	4/4	4	1		ii%43	C	V		ii%43		ii	%	43					%7	0	0	-4, 0, 2, -1		2	-4
74	73	261	261	1.5	1/2	1/2	4/4	4	1		V7	C	V		V7		V		7					Mm7	0	0	1, 5, 2, -1		1	1
74	73	525/2	525/2	0.5	7/8	7/8	4/4	4	1		ii%43	C	V		ii%43		ii	%	43					%7	0	0	-4, 0, 2, -1		2	-4
75	74	263	263	1.0	0	0	4/4	4	1		V7	C	V		V7		V		7					Mm7	0	0	1, 5, 2, -1		1	1
75	74	264	264	1.0	1/4	1/4	4/4	4	1		ii%43	C	V		ii%43		ii	%	43					%7	0	0	-4, 0, 2, -1		2	-4
75	74	265	265	1.0	1/2	1/2	4/4	4	1		V7	C	V		V7		V		7					Mm7	0	0	1, 5, 2, -1		1	1
75	74	266	266	1.0	3/4	3/4	4/4	4	1		ii%43	C	V		ii%43		ii	%	43					%7	0	0	-4, 0, 2, -1		2	-4
76	75	267	267	2.0	0	0	4/4	4	1		V7	C	V		V7		V		7					Mm7	0	0	1, 5, 2, -1		1	1
76	75	269	269	1.0	1/2	1/2	4/4	4	1		V7(+9)	C	V		V7(+9)		V		7	+9				Mm7	0	0	1, 5, 2, -1	3	1	1
76	75	270	270	5.0	3/4	3/4	4/4	4	1		V7	C	V		V7		V		7					Mm7	0	0	1, 5, 2, -1		1	1
78	77	275	275	1.0	0	0	4/4	4	1		I	C	V		I		I							M	0	0	0, 4, 1		0	0
78	77	276	276	1.0	1/4	1/4	4/4	4	1		V	C	V		V		V							M	0	0	1, 5, 2		1	1
78	77	277	277	2.0	1/2	1/2	4/4	4	1		I	C	V		I		I							M	0	0	0, 4, 1		0	0
79	78	279	279	1.0	0	0	4/4	4	1		IV(9)	C	V		IV(9)		IV			9				M	0	0	-1, 3, 0	1	-1	-1
79	78	280	280	1.0	1/4	1/4	4/4	4	1		V(6)/ii	C	V		V(6)/ii		V			6	ii			M	0	0	3, 7, -1		3	3
79	78	281	281	2.0	1/2	1/2	4/4	4	1		ii	C	V		ii		ii							m	0	0	2, -1, 3		2	2
80	79	283	283	1.0	0	0	4/4	4	1		ii64	C	V		ii64		ii		64					m	0	0	3, 2, -1		2	3
80	79	284	284	3.0	1/4	1/4	4/4	4	1		V7	C	V		V7		V		7					Mm7	0	0	1, 5, 2, -1		1	1
81	80	287	287	1.0	0	0	4/4	4	1		I6	C	V		I6		I		6					M	0	0	4, 1, 0		0	4
81	80	288	288	1.0	1/4	1/4	4/4	4	1		IV	C	V		IV		IV							M	0	0	-1, 3, 0		-1	-1
81	80	289	289	1.0	1/2	1/2	4/4	4	1		V(64)	C	V		V(64)		V			64				M	0	0	1, 0, 4		1	1
81	80	290	290	1.0	3/4	3/4	4/4	4	1		V7	C	V		V7		V		7					Mm7	0	0	1, 5, 2, -1		1	1
82	81	291	291	1.0	0	0	4/4	4	1		I\\	C	V		I		I						\\	M	0	0	0, 4, 1		0	0
82	81	292	292	1.0	1/4	1/4	4/4	4	1		V	C	V		V		V							M	0	0	1, 5, 2		1	1
82	81	293	293	3.0	1/2	1/2	4/4	4	1		I	C	V		I		I							M	0	0	0, 4, 1		0	0
83	82	296	296	1.0	1/4	1/4	4/4	4	1		V(6)/ii	C	V		V(6)/ii		V			6	ii			M	0	0	3, 7, -1		3	3
83	82	297	297	2.0	1/2	1/2	4/4	4	1		ii6	C	V		ii6		ii		6					m	0	0	-1, 3, 2		2	-1
84	83	299	299	1.0	0	0	4/4	4	1		V2(9)	C	V		V2(9)		V		2	9				Mm7	0	0	-1, 1, 5, 2	3	1	-1
84	83	300	300	1.0	1/4	1/4	4/4	4	1		V2	C	V		V2		V		2					Mm7	0	0	-1, 1, 5, 2		1	-1
84	83	301	301	2.0	1/2	1/2	4/4	4	1		V43/ii	C	V		V43/ii		V		43		ii			Mm7	0	0	4, 1, 3, 7		3	4
85	84	303	303	1.0	0	0	4/4	4	1		ii(4)	C	V		ii(4)		ii			4				m	0	0	2, 1, 3		2	2
85	84	304	304	1.0	1/4	1/4	4/4	4	1		ii	C	V		ii		ii							m	0	0	2, -1, 3		2	2
85	84	305	305	1.0	1/2	1/2	4/4	4	1		V(6)/ii	C	V		V(6)/ii		V			6	ii			M	0	0	3, 7, -1		3	3
85	84	306	306	1.0	3/4	3/4	4/4	4	1		ii64	C	V		ii64		ii		64					m	0	0	3, 2, -1		2	3
86	85	307	307	2.0	0	0	4/4	4	1		V65/vi	C	V		V65/vi		V		65		vi			Mm7	0	0	8, 5, 2, 4		4	8
86	85	309	309	1.0	1/2	1/2	4/4	4	1		vi64	C	V		vi64		vi		64					m	0	0	4, 3, 0		3	4
86	85	310	310	1.0	3/4	3/4	4/4	4	1		vi6	C	V		vi6		vi		6					m	0	0	0, 4, 3		3	0
87	86	311	311	1.0	0	0	4/4	4	1		V43/vi	C	V		V43/vi		V		43		vi			Mm7	0	0	5, 2, 4, 8		4	5
87	86	312	312	1.0	1/4	1/4	4/4	4	1		V7/vi	C	V		V7/vi		V		7		vi			Mm7	0	0	4, 8, 5, 2		4	4
87	86	313	313	2.0	1/2	1/2	4/4	4	1		vi64	C	V		vi64		vi		64					m	0	0	4, 3, 0		3	4
88	87	315	315	3.0	0	0	4/4	4	1		I.V65	C	I		V65		V		65					Mm7	0	0	5, 2, -1, 1		1	5
88	87	318	318	1.0	3/4	3/4	4/4	4	1		V7	C	I		V7		V		7					Mm7	0	0	1, 5, 2, -1		1	1
89	88	319	319	2.0	0	0	4/4	4	1		V43	C	I		V43		V		43					Mm7	0	0	2, -1, 1, 5		1	2
89	88	321	321	2.0	1/2	1/2	4/4	4	1		V7	C	I		V7		V		7					Mm7	0	0	1, 5, 2, -1		1	1
90	89	323	323	2.0	0	0	4/4	4	1		I\\	C	I		I		I						\\	M	0	0	0, 4, 1		0	0
90	89	325	325	2.0	1/2	1/2	4/4	4	1		V.ii	C	V		ii		ii							m	0	0	2, -1, 3		2	2
91	90	327	327	2.0	0	0	4/4	4	1		V(64)	C	V		V(64)		V			64				M	0	0	1, 0, 4		1	1
91	90	329	329	2.0	1/2	1/2	4/4	4	1		V7	C	V		V7		V		7					Mm7	0	0	1, 5, 2, -1		1	1
92	91	331	331	2.0	0	0	4/4	4	1		I\\	C	V		I		I						\\	M	0	0	0, 4, 1		0	0
92	91	333	333	1.0	1/2	1/2	4/4	4	1		I	C	V		I		I							M	0	0	0, 4, 1		0	0
92	91	334	334	1.0	3/4	3/4	4/4	4	1		V65/vi	C	V		V65/vi		V		65		vi			Mm7	0	0	8, 5, 2, 4		4	8
93	92	335	335	1.0	0	0	4/4	4	1		vi	C	V		vi		vi							m	0	0	3, 0, 4		3	3
93	92	336	336	1.0	1/4	1/4	4/4	4	1		#viio43/ii	C	V		#viio43/ii		#vii	o	43		ii			o7	0	0	1, -2, 7, 4		7	1
93	92	337	337	1.0	1/2	1/2	4/4	4	1		ii6	C	V		ii6		ii		6					m	0	0	-1, 3, 2		2	-1
93	92	338	338	0.5	3/4	3/4	4/4	4	1		viio6/ii	C	V		viio6/ii		vii	o	6		ii			o	0	0	-3, -6, 0		0	-3
93	92	677/2	677/2	0.5	7/8	7/8	4/4	4	1		ii	C	V		ii		ii							m	0	0	2, -1, 3		2	2
94	93	339	339	4.0	0	0	4/4	4	1		V(64)	C	V		V(64)		V			64				M	0	0	1, 0, 4		1	1
95	94	343	343	4.0	0	0	4/4	4	1		V7	C	V		V7		V		7					Mm7	0	0	1, 5, 2, -1		1	1
96	95	347	347	4.0	0	0	4/4	4	1		V(64)	C	V		V(64)		V			64				M	0	0	1, 0, 4		1	1
97	96	351	351	4.0	0	0	4/4	4	1		V7	C	V		V7		V		7					Mm7	0	0	1, 5, 2, -1		1	1
98	97	355	355	4.0	0	0	4/4	4	1		V(64)	C	V		V(64)		V			64				M	0	0	1, 0, 4		1	1
99	98	359	359	2.0	0	0	4/4	4	1		V7	C	V		V7		V		7					Mm7	0	0	1, 5, 2, -1		1	1
99	98	361	361	2.0	1/2	1/2	4/4	4	1		V65	C	V		V65		V		65					Mm7	0	0	5, 2, -1, 1		1	5
100	99	363	363	1.0	0	0	4/4	4	1		I\\	C	V		I		I						\\	M	0	0	0, 4, 1		0	0
100	99	364	364	3.0	1/4	1/4	4/4	4	1		V	C	V		V		V							M	0	0	1, 5, 2		1	1
101	100	367	367	2.0	0	0	4/4	4	1		I	C	V		I		I							M	0	0	0, 4, 1		0	0
101	100	369	369	1.0	1/2	1/2	4/4	4	1		V43	C	V		V43		V		43					Mm7	0	0	2, -1, 1, 5		1	2
101	100	370	370	1.0	3/4	3/4	4/4	4	1		V2	C	V		V2		V		2					Mm7	0	0	-1, 1, 5, 2		1	-1
102	101	371	371	0.5	0	0	4/4	4	1		I6	C	V		I6		I		6					M	0	0	4, 1, 0		0	4
102	101	743/2	743/2	0.5	1/8	1/8	4/4	4	1		ii65	C	V		ii65		ii		65					mm7	0	0	-1, 3, 0, 2		2	-1
102	101	372	372	0.5	1/4	1/4	4/4	4	1		I64	C	V		I64		I		64					M	0	0	1, 0, 4		0	1
102	101	745/2	745/2	0.5	3/8	3/8	4/4	4	1		ii6	C	V		ii6		ii		6					m	0	0	-1, 3, 2		2	-1
102	101	373	373	0.5	1/2	1/2	4/4	4	1		V43	C	V		V43		V		43					Mm7	0	0	2, -1, 1, 5		1	2
102	101	747/2	747/2	0.5	5/8	5/8	4/4	4	1		I6	C	V		I6		I		6					M	0	0	4, 1, 0		0	4
102	101	374	374	0.5	3/4	3/4	4/4	4	1		V65	C	V		V65		V		65					Mm7	0	0	5, 2, -1, 1		1	5
102	101	749/2	749/2	0.5	7/8	7/8	4/4	4	1		I	C	V		I		I							M	0	0	0, 4, 1		0	0
103	102	375	375	0.5	0	0	4/4	4	1		V2/ii	C	V		V2/ii		V		2		ii			Mm7	0	0	1, 3, 7, 4		3	1
103	102	751/2	751/2	0.5	1/8	1/8	4/4	4	1		ii6	C	V		ii6		ii		6					m	0	0	-1, 3, 2		2	-1
103	102	376	376	0.5	1/4	1/4	4/4	4	1		V65/ii	C	V		V65/ii		V		65		ii			Mm7	0	0	7, 4, 1, 3		3	7
103	102	753/2	753/2	0.5	3/8	3/8	4/4	4	1		ii	C	V		ii		ii							m	0	0	2, -1, 3		2	2
103	102	377	377	0.5	1/2	1/2	4/4	4	1		V65/IV	C	V		V65/IV		V		65		IV			Mm7	0	0	4, 1, -2, 0		0	4
103	102	755/2	755/2	0.5	5/8	5/8	4/4	4	1		IV	C	V		IV		IV							M	0	0	-1, 3, 0		-1	-1
103	102	378	378	0.5	3/4	3/4	4/4	4	1		V43	C	V		V43		V		43					Mm7	0	0	2, -1, 1, 5		1	2
103	102	757/2	757/2	0.5	7/8	7/8	4/4	4	1		I6	C	V		I6		I		6					M	0	0	4, 1, 0		0	4
104	103	379	379	0.5	0	0	4/4	4	1		V65	C	V		V65		V		65					Mm7	0	0	5, 2, -1, 1		1	5
104	103	759/2	759/2	0.5	1/8	1/8	4/4	4	1		I	C	V		I		I							M	0	0	0, 4, 1		0	0
104	103	380	380	0.5	1/4	1/4	4/4	4	1		IV6	C	V		IV6		IV		6					M	0	0	3, 0, -1		-1	3
104	103	761/2	761/2	0.5	3/8	3/8	4/4	4	1		I64	C	V		I64		I		64					M	0	0	1, 0, 4		0	1
104	103	381	381	1.0	1/2	1/2	4/4	4	1		ii65	C	V		ii65		ii		65					mm7	0	0	-1, 3, 0, 2		2	-1
104	103	382	382	1.0	3/4	3/4	4/4	4	1		V7	C	V		V7		V		7					Mm7	0	0	1, 5, 2, -1		1	1
105	104	383	383	0.5	0	0	4/4	4	1		I\\	C	V		I		I						\\	M	0	0	0, 4, 1		0	0
105	104	767/2	767/2	1.0	1/8	1/8	4/4	4	1		I[I	C	V	I	I		I							M	0	0	0, 4, 1		0	0
105	104	769/2	769/2	0.5	3/8	3/8	4/4	4	1		V2	C	V	I	V2		V		2					Mm7	0	0	-1, 1, 5, 2		1	-1
105	104	385	385	1.5	1/2	1/2	4/4	4	1		I6	C	V	I	I6		I		6					M	0	0	4, 1, 0		0	4
105	104	773/2	773/2	0.5	7/8	7/8	4/4	4	1		IV	C	V	I	IV		IV							M	0	0	-1, 3, 0		-1	-1
106	105	387	387	1.5	0	0	4/4	4	1		I	C	V	I	I		I							M	0	0	0, 4, 1		0	0
106	105	777/2	777/2	0.5	3/8	3/8	4/4	4	1		V7	C	V	I	V7		V		7					Mm7	0	0	1, 5, 2, -1		1	1
106	105	389	389	1.5	1/2	1/2	4/4	4	1		I	C	V	I	I		I							M	0	0	0, 4, 1		0	0
106	105	781/2	781/2	6.5	7/8	7/8	4/4	4	1		IV6]	C	V	I	IV6		IV		6					M	0	0	3, 0, -1		-1	3
107	106		391		0	0	4/4	4	1	1	I.V7	C	I		V7		V		7					Mm7	0	0	1, 5, 2, -1		1	1
107	106		392		1/4	1/4	4/4	4	1	1	@none	C	I		@none		@none							m	0	0				
110	109		403		0	0	4/4	4	1	1	viio64	C	I		viio64		vii	o	64					o	0	0	-1, 5, 2		5	-1
110	109		406		3/4	3/4	4/4	4	1	1	I	C	I		I		I							M	0	0	0, 4, 1		0	0
111	110		407		0	0	4/4	4	1	1	V7	C	I		V7		V		7					Mm7	0	0	1, 5, 2, -1		1	1
111	110		815/2		1/8	1/8	4/4	4	1	1	@none	C	I		@none		@none							m	0	0				
113	112	397	417	2.0	1/2	1/2	4/4	4	1		ii6(#7)	C	I		ii6(#7)		ii		6	#7				m	0	0	-1, 3, 7		2	-1
114	113	399	419	2.0	0	0	4/4	4	1		ii6	C	I		ii6		ii		6					m	0	0	-1, 3, 2		2	-1
114	113	401	421	2.0	1/2	1/2	4/4	4	1		bIII.I64(7#4)	C	bIII		I64(7#4)		I		64	7#4				M	0	0	6, 5, 4		0	6
115	114	403	423	1.0	0	0	4/4	4	1		I64	C	bIII		I64		I		64					M	0	0	1, 0, 4		0	1
115	114	404	424	1.0	1/4	1/4	4/4	4	1		#vio43	C	bIII		#vio43		#vi	o	43					o7	0	0	4, 1, 10, 7		10	4
115	114	405	425	1.0	1/2	1/2	4/4	4	1		iiio64	C	bIII		iiio64		iii	o	64					o	0	0	-2, 4, 1		4	-2
115	114	406	426	1.0	3/4	3/4	4/4	4	1		I	C	bIII		I		I							M	0	0	0, 4, 1		0	0
116	115	407	427	24.0	0	0	4/4	4	1		V65	C	bIII		V65		V		65					Mm7	0	0	5, 2, -1, 1		1	5
122	121	431	451	2.0	0	0	4/4	4	1		viio	C	bIII		viio		vii	o						o	0	0	5, 2, -1		5	5
122	121	433	453	2.0	1/2	1/2	4/4	4	1		I	C	bIII		I		I							M	0	0	0, 4, 1		0	0
123	122	435	455	2.0	0	0	4/4	4	1		viio	C	bIII		viio		vii	o						o	0	0	5, 2, -1		5	5
123	122	437	457	1.0	1/2	1/2	4/4	4	1		V65	C	bIII		V65		V		65					Mm7	0	0	5, 2, -1, 1		1	5
123	122	438	458	1.0	3/4	3/4	4/4	4	1		I	C	bIII		I		I							M	0	0	0, 4, 1		0	0
124	123	439	459	4.0	0	0	4/4	4	1		V65	C	bIII		V65		V		65					Mm7	0	0	5, 2, -1, 1		1	5
125	124	443	463	1.0	0	0	4/4	4	1		#vio7	C	bIII		#vio7		#vi	o	7					o7	0	0	10, 7, 4, 1		10	10
125	124	444	464	1.0	1/4	1/4	4/4	4	1		V6	C	bIII		V6		V		6					M	0	0	5, 2, 1		1	5
125	124	445	465	1.0	1/2	1/2	4/4	4	1		vi7	C	bIII		vi7		vi		7					mm7	0	0	3, 0, 4, 1		3	3
125	124	446	466	2.0	3/4	3/4	4/4	4	1		V	C	bIII		V		V							M	0	0	1, 5, 2		1	1
126	125	448	468	2.0	1/4	1/4	4/4	4	1		I64	C	bIII		I64		I		64					M	0	0	1, 0, 4		0	1
126	125	450	470	0.75	3/4	3/4	4/4	4	1		V43	C	bIII		V43		V		43					Mm7	0	0	2, -1, 1, 5		1	2
126	125	1803/4	1883/4	0.25	15/16	15/16	4/4	4	1		I	C	bIII		I		I							M	0	0	0, 4, 1		0	0
127	126	451	471	1.0	0	0	4/4	4	1		#vio7	C	bIII		#vio7		#vi	o	7					o7	0	0	10, 7, 4, 1		10	10
127	126	452	472	1.0	1/4	1/4	4/4	4	1		V6	C	bIII		V6		V		6					M	0	0	5, 2, 1		1	5
127	126	453	473	1.0	1/2	1/2	4/4	4	1		#ivo7(+9)	C	bIII		#ivo7(+9)		#iv	o	7	+9				o7	0	0	6, 3, 0, -3	1	6	6
127	126	454	474	1.0	3/4	3/4	4/4	4	1		V	C	bIII		V		V							M	0	0	1, 5, 2		1	1
128	127	455	475	3.0	0	0	4/4	4	1		I64	C	bIII		I64		I		64					M	0	0	1, 0, 4		0	1
128	127	458	478	0.75	3/4	3/4	4/4	4	1		#viio64/ii	C	bIII		#viio64/ii		#vii	o	64		ii			o	0	0	1, 7, 4		7	1
128	127	1835/4	1915/4	0.75	15/16	15/16	4/4	4	1		ii6	C	bIII		ii6		ii		6					m	0	0	-1, 3, 2		2	-1
129	128	919/2	959/2	0.5	1/8	1/8	4/4	4	1		#viio64/ii	C	bIII		#viio64/ii		#vii	o	64		ii			o	0	0	1, 7, 4		7	1
129	128	460	480	3.0	1/4	1/4	4/4	4	1		iv.V7	C	iv		V7		V		7					Mm7	0	1	1, 5, 2, -1		1	1
130	129	463	483	1.0	0	0	4/4	4	1		i6	C	iv		i6		i		6					m	0	1	-3, 1, 0		0	-3
130	129	464	484	7.0	1/4	1/4	4/4	4	1		V7	C	iv		V7		V		7					Mm7	0	1	1, 5, 2, -1		1	1
132	131	471	491	4.0	0	0	4/4	4	1		iii.V[i6	C	iii	V	i6		i		6					m	0	1	-3, 1, 0		0	-3
133	132	475	495	2.0	0	0	4/4	4	1		#viio6	C	iii	V	#viio6		#vii	o	6					o	0	1	2, -1, 5		5	2
133	132	477	497	2.0	1/2	1/2	4/4	4	1		i	C	iii	V	i		i							m	0	1	0, -3, 1		0	0
134	133	479	499	2.0	0	0	4/4	4	1		#viio	C	iii	V	#viio		#vii	o						o	0	1	5, 2, -1		5	5
134	133	481	501	2.0	1/2	1/2	4/4	4	1		i64	C	iii	V	i64		i		64					m	0	1	1, 0, -3		0	1
135	134	483	503	2.0	0	0	4/4	4	1		iio6	C	iii	V	iio6		ii	o	6					o	0	1	-1, -4, 2		2	-1
135	134	485	505	2.0	1/2	1/2	4/4	4	1		viio2/V	C	iii	V	viio2/V		vii	o	2		V			o7	0	1	-3, 6, 3, 0		6	-3
136	135	487	507	4.0	0	0	4/4	4	1		V64	C	iii	V	V64		V		64					M	0	1	2, 1, 5		1	2
137	136	491	511	2.0	0	0	4/4	4	1		i6]	C	iii	V	i6		i		6					m	0	1	-3, 1, 0		0	-3
137	136	493	513	2.0	1/2	1/2	4/4	4	1		IV.V2	C	IV		V2		V		2					Mm7	0	0	-1, 1, 5, 2		1	-1
138	137	495	515	4.0	0	0	4/4	4	1		I6	C	IV		I6		I		6					M	0	0	4, 1, 0		0	4
139	138	499	519	4.0	0	0	4/4	4	1		V43	C	IV		V43		V		43					Mm7	0	0	2, -1, 1, 5		1	2
140	139	503	523	2.0	0	0	4/4	4	1		I	C	IV		I		I							M	0	0	0, 4, 1		0	0
140	139	505	525	2.0	1/2	1/2	4/4	4	1		I6	C	IV		I6		I		6					M	0	0	4, 1, 0		0	4
141	140	507	527	2.5	0	0	4/4	4	1		V43	C	IV		V43		V		43					Mm7	0	0	2, -1, 1, 5		1	2
141	140	1019/2	1059/2	1.5	5/8	5/8	4/4	4	1		V7	C	IV		V7		V		7					Mm7	0	0	1, 5, 2, -1		1	1
142	141	511	531	2.0	0	0	4/4	4	1		I	C	IV		I		I							M	0	0	0, 4, 1		0	0
142	141	513	533	2.0	1/2	1/2	4/4	4	1		V2/ii	C	IV		V2/ii		V		2		ii			Mm7	0	0	1, 3, 7, 4		3	1
143	142	515	535	1.0	0	0	4/4	4	1		ii6	C	IV		ii6		ii		6					m	0	0	-1, 3, 2		2	-1
143	142	516	536	1.0	1/4	1/4	4/4	4	1		ii	C	IV		ii		ii							m	0	0	2, -1, 3		2	2
143	142	517	537	0.5	1/2	1/2	4/4	4	1		V65	C	IV		V65		V		65					Mm7	0	0	5, 2, -1, 1		1	5
143	142	1035/2	1075/2	0.5	5/8	5/8	4/4	4	1		viio6/V	C	IV		viio6/V		vii	o	6		V			o	0	0	3, 0, 6		6	3
143	142	518	538	1.0	3/4	3/4	4/4	4	1		V7	C	IV		V7		V		7					Mm7	0	0	1, 5, 2, -1		1	1
144	143	519	539	2.0	0	0	4/4	4	1		I	C	IV		I		I							M	0	0	0, 4, 1		0	0
144	143	521	541	2.0	1/2	1/2	4/4	4	1		V	C	IV		V		V							M	0	0	1, 5, 2		1	1
145	144	523	543	2.0	0	0	4/4	4	1		V[V	C	IV	V	V		V							M	0	0	1, 5, 2		1	1
145	144	525	545	1.0	1/2	1/2	4/4	4	1		I64	C	IV	V	I64		I		64					M	0	0	1, 0, 4		0	1
145	144	526	546	1.0	3/4	3/4	4/4	4	1		#io43	C	IV	V	#io43		#i	o	43					o7	0	0	1, -2, 7, 4		7	1
146	145	527	547	2.0	0	0	4/4	4	1		ii(4)	C	IV	V	ii(4)		ii			4				m	0	0	2, 1, 3		2	2
146	145	529	549	2.0	1/2	1/2	4/4	4	1		V2	C	IV	V	V2		V		2					Mm7	0	0	-1, 1, 5, 2		1	-1
147	146	531	551	2.0	0	0	4/4	4	1		I6	C	IV	V	I6		I		6					M	0	0	4, 1, 0		0	4
147	146	533	553	1.0	1/2	1/2	4/4	4	1		I	C	IV	V	I		I							M	0	0	0, 4, 1		0	0
147	146	534	554	1.0	3/4	3/4	4/4	4	1		#io43	C	IV	V	#io43		#i	o	43					o7	0	0	1, -2, 7, 4		7	1
148	147	535	555	2.0	0	0	4/4	4	1		ii(4)	C	IV	V	ii(4)		ii			4				m	0	0	2, 1, 3		2	2
148	147	537	557	2.0	1/2	1/2	4/4	4	1		V2]	C	IV	V	V2		V		2					Mm7	0	0	-1, 1, 5, 2		1	-1
149	148	539	559	3.0	0	0	4/4	4	1		vi6	C	IV		vi6		vi		6					m	0	0	0, 4, 3		3	0
149	148	542	562	1.0	3/4	3/4	4/4	4	1		vi	C	IV		vi		vi							m	0	0	3, 0, 4		3	3
150	149	543	563	4.0	0	0	4/4	4	1		V65/vi	C	IV		V65/vi		V		65		vi			Mm7	0	0	8, 5, 2, 4		4	8
151	150	547	567	4.0	0	0	4/4	4	1		vi	C	IV		vi		vi							m	0	0	3, 0, 4		3	3
152	151	551	571	4.0	0	0	4/4	4	1		i.V65	C	i		V65		V		65					Mm7	0	1	5, 2, -1, 1		1	5
153	152	555	575	4.0	0	0	4/4	4	1		i	C	i		i		i							m	0	1	0, -3, 1		0	0
154	153	559	579	4.0	0	0	4/4	4	1		V7	C	i		V7		V		7					Mm7	0	1	1, 5, 2, -1		1	1
155	154	563	583	1.0	0	0	4/4	4	1		i6	C	i		i6		i		6					m	0	1	-3, 1, 0		0	-3
155	154	564	584	4.0	1/4	1/4	4/4	4	1		i	C	i		i		i							m	0	1	0, -3, 1		0	0
156	155	568	588	4.0	1/4	1/4	4/4	4	1		VI	C	i		VI		VI							M	0	1	-4, 0, -3		-4	-4
157	156	572	592	3.0	1/4	1/4	4/4	4	1		iv	C	i		iv		iv							m	0	1	-1, -4, 0		-1	-1
158	157	575	595	1.0	0	0	4/4	4	1		iv	C	i		iv		iv							m	0	1	-1, -4, 0		-1	-1
158	157	576	596	1.0	1/4	1/4	4/4	4	1		bII.I	C	bII		I		I							M	0	0	0, 4, 1		0	0
158	157	577	597	3.0	1/2	1/2	4/4	4	1		I64	C	bII		I64		I		64					M	0	0	1, 0, 4		0	1
159	158	580	600	1.0	1/4	1/4	4/4	4	1		I	C	bII		I		I							M	0	0	0, 4, 1		0	0
159	158	581	601	3.0	1/2	1/2	4/4	4	1		I6	C	bII		I6		I		6					M	0	0	4, 1, 0		0	4
160	159	584	604	1.0	1/4	1/4	4/4	4	1		I	C	bII		I		I							M	0	0	0, 4, 1		0	0
160	159	585	605	3.0	1/2	1/2	4/4	4	1		I64	C	bII		I64		I		64					M	0	0	1, 0, 4		0	1
161	160	588	608	1.0	1/4	1/4	4/4	4	1		I	C	bII		I		I							M	0	0	0, 4, 1		0	0
161	160	589	609	2.0	1/2	1/2	4/4	4	1		I6	C	bII		I6		I		6					M	0	0	4, 1, 0		0	4
162	161	591	611	1.0	0	0	4/4	4	1		V43(2)	C	bII		V43(2)		V		43	2				Mm7	0	0	2, -1, 3, 5		1	2
162	161	592	612	1.0	1/4	1/4	4/4	4	1		V43	C	bII		V43		V		43					Mm7	0	0	2, -1, 1, 5		1	2
162	161	593	613	1.0	1/2	1/2	4/4	4	1		I(94)	C	bII		I(94)		I			94				M	0	0	0, -1, 1	2	0	0
162	161	594	614	1.0	3/4	3/4	4/4	4	1		I	C	bII		I		I							M	0	0	0, 4, 1		0	0
163	162	595	615	1.0	0	0	4/4	4	1		V65(64)	C	bII		V65(64)		V		65	64				Mm7	0	0	0, 4, -1, 1		1	0
163	162	596	616	1.0	1/4	1/4	4/4	4	1		V6	C	bII		V6		V		6					M	0	0	5, 2, 1		1	5
163	162	597	617	2.0	1/2	1/2	4/4	4	1		V2(+9)	C	bII		V2(+9)		V		2	+9				Mm7	0	0	-1, 1, 5, 2	3	1	-1
164	163	599	619	1.0	0	0	4/4	4	1		I6(64)	C	bII		I6(64)		I		6	64				M	0	0	-1, 3, 0		0	-1
164	163	600	620	1.0	1/4	1/4	4/4	4	1		I6	C	bII		I6		I		6					M	0	0	4, 1, 0		0	4
164	163	601	621	1.0	1/2	1/2	4/4	4	1		V43(6)	C	bII		V43(6)		V		43	6				Mm7	0	0	4, -1, 1, 5		1	4
164	163	602	622	1.0	3/4	3/4	4/4	4	1		V43	C	bII		V43		V		43					Mm7	0	0	2, -1, 1, 5		1	2
165	164	603	623	1.0	0	0	4/4	4	1		I(94)	C	bII		I(94)		I			94				M	0	0	0, -1, 1	2	0	0
165	164	604	624	1.0	1/4	1/4	4/4	4	1		I	C	bII		I		I							M	0	0	0, 4, 1		0	0
165	164	605	625	1.0	1/2	1/2	4/4	4	1		V65(64)	C	bII		V65(64)		V		65	64				Mm7	0	0	0, 4, -1, 1		1	0
165	164	606	626	1.0	3/4	3/4	4/4	4	1		V65	C	bII		V65		V		65					Mm7	0	0	5, 2, -1, 1		1	5
166	165	607	627	1.0	0	0	4/4	4	1		vio7(42)	C	bII		vio7(42)		vi	o	7	42				o7	0	0	5, 2, -3, -6		3	5
166	165	608	628	3.0	1/4	1/4	4/4	4	1		i.viio7	C	i		viio7		vii	o	7					o7	0	1	-2, -5, -8, -11		-2	-2
167	166	611	631	1.0	0	0	4/4	4	1		i6(64)	C	i		i6(64)		i		6	64				m	0	1	-1, -4, 0		0	-1
167	166	612	632	1.0	1/4	1/4	4/4	4	1		i6	C	i		i6		i		6					m	0	1	-3, 1, 0		0	-3
167	166	613	633	1.0	1/2	1/2	4/4	4	1		ii(94)	C	i		ii(94)		ii			94				m	0	1	2, 1, 3	-3	2	2
167	166	614	634	1.0	3/4	3/4	4/4	4	1		ii	C	i		ii		ii							m	0	1	2, -1, 3		2	2
168	167	615	635	1.0	0	0	4/4	4	1		i(94)	C	i		i(94)		i			94				m	0	1	0, -1, 1	2	0	0
168	167	616	636	3.0	1/4	1/4	4/4	4	1		i	C	i		i		i							m	0	1	0, -3, 1		0	0
169	168	619	639	1.0	0	0	4/4	4	1		viio43/V	C	i		viio43/V		vii	o	43		V			o7	0	1	0, -3, 6, 3		6	0
169	168	620	640	2.0	1/4	1/4	4/4	4	1		Ger6	C	i		Ger6	Ger	vii	o	65	b3	V			Ger	0	1	-4, 0, -3, 6		6	-4
169	168	622	642	1.0	3/4	3/4	4/4	4	1		Fr6	C	i		Fr6	Fr	V		43	b5	V			Fr	0	1	-4, 0, 2, 6		2	-4
170	169	623	643	1.0	0	0	4/4	4	1		V(4b2)	C	i		V(4b2)		V			4b2				M	0	1	-11, 0, 2		1	-11
170	169	624	644	3.0	1/4	1/4	4/4	4	1		V	C	i		V		V							M	0	1	1, 5, 2		1	1
171	170	627	647	4.0	0	0	4/4	4	1		Fr6	C	i		Fr6	Fr	V		43	b5	V			Fr	0	1	-4, 0, 2, 6		2	-4
172	171	631	651	2.0	0	0	4/4	4	1		V	C	i		V		V							M	0	1	1, 5, 2		1	1
172	171	633	653	2.0	1/2	1/2	4/4	4	1		Fr6	C	i		Fr6	Fr	V		43	b5	V			Fr	0	1	-4, 0, 2, 6		2	-4
173	172	635	655	6.0	0	0	4/4	4	1		V	C	i		V		V							M	0	1	1, 5, 2		1	1
174	173	641	661	2.0	1/2	1/2	4/4	4	1		V6	C	i		V6		V		6					M	0	1	5, 2, 1		1	5
175	174	643	663	4.0	0	0	4/4	4	1		i	C	i		i		i							m	0	1	0, -3, 1		0	0
176	175	647	667	16.0	0	0	4/4	4	1		V43	C	i		V43		V		43					Mm7	0	1	2, -1, 1, 5		1	2
180	179	663	683	7.0	0	0	4/4	4	1		V65	C	i		V65		V		65					Mm7	0	1	5, 2, -1, 1		1	5
181	180	670	690	1.0	3/4	3/4	4/4	4	1		I6	C	i		I6		I		6					M	0	1	4, 1, 0		0	4
182	181	671	691	2.0	0	0	4/4	4	1		V2	C	i		V2		V		2					Mm7	0	1	-1, 1, 5, 2		1	-1
182	181	673	693	2.0	1/2	1/2	4/4	4	1		V43	C	i		V43		V		43					Mm7	0	1	2, -1, 1, 5		1	2
183	182	675	695	8.0	0	0	4/4	4	1		V65	C	i		V65		V		65					Mm7	0	1	5, 2, -1, 1		1	5
185	184	683	703	4.0	0	0	4/4	4	1		V2	C	i		V2		V		2					Mm7	0	1	-1, 1, 5, 2		1	-1
186	185	687	707	6.0	0	0	4/4	4	1		V7	C	i		V7		V		7					Mm7	0	1	1, 5, 2, -1		1	1
187	186	693	713	2.0	1/2	1/2	4/4	4	1		I	C	i		I		I							M	0	1	0, 4, 1		0	0
188	187	695	715	20.0	0	0	4/4	4	1		V65/ii	C	i		V65/ii		V		65		ii			Mm7	0	1	7, 4, 1, 3		3	7
193	192	715	735	2.0	0	0	4/4	4	1		V7/ii	C	i		V7/ii		V		7		ii			Mm7	0	1	3, 7, 4, 1		3	3
193	192	717	737	2.0	1/2	1/2	4/4	4	1		ii	C	i		ii		ii							m	0	1	2, -1, 3		2	2
194	193	719	739	4.0	0	0	4/4	4	1		iiio2	C	i		iiio2		iii	o	2					o7	0	1	-12, -3, -6, -9		-3	-12
195	194	723	743	1.0	0	0	4/4	4	1		viio6	C	i		viio6		vii	o	6					o	0	1	-5, -8, -2		-2	-5
195	194	724	744	1.0	1/4	1/4	4/4	4	1		viio2	C	i		viio2		vii	o	2					o7	0	1	-11, -2, -5, -8		-2	-11
195	194	725	745	2.0	1/2	1/2	4/4	4	1		V7	C	i		V7		V		7					Mm7	0	1	1, 5, 2, -1		1	1
196	195	727	747	4.0	0	0	4/4	4	1		I[I	C	i	I	I		I							M	0	1	0, 4, 1		0	0
197	196	731	751	2.0	0	0	4/4	4	1		IV	C	i	I	IV		IV							M	0	1	-1, 3, 0		-1	-1
197	196	733	753	2.0	1/2	1/2	4/4	4	1		viio	C	i	I	viio		vii	o						o	0	1	-2, -5, -8		-2	-2
198	197	735	755	4.0	0	0	4/4	4	1		I	C	i	I	I		I							M	0	1	0, 4, 1		0	0
199	198	739	759	2.0	0	0	4/4	4	1		IV	C	i	I	IV		IV							M	0	1	-1, 3, 0		-1	-1
199	198	741	761	2.0	1/2	1/2	4/4	4	1		viio	C	i	I	viio		vii	o						o	0	1	-2, -5, -8		-2	-2
200	199	743	763	1.0	0	0	4/4	4	1		I	C	i	I	I		I							M	0	1	0, 4, 1		0	0
200	199	744	764	1.0	1/4	1/4	4/4	4	1		I]	C	i	I	I		I							M	0	1	0, 4, 1		0	0
200	199	745	765	2.0	1/2	1/2	4/4	4	1		V7/ii	C	i		V7/ii		V		7		ii			Mm7	0	1	3, 7, 4, 1		3	3
201	200	747	767	2.0	0	0	4/4	4	1		ii	C	i		ii		ii							m	0	1	2, -1, 3		2	2
201	200	749	769	2.0	1/2	1/2	4/4	4	1		V7/ii	C	i		V7/ii		V		7		ii			Mm7	0	1	3, 7, 4, 1		3	3
202	201	751	771	2.0	0	0	4/4	4	1		ii	C	i		ii		ii							m	0	1	2, -1, 3		2	2
202	201	753	773	1.0	1/2	1/2	4/4	4	1		viio	C	i		viio		vii	o						o	0	1	-2, -5, -8		-2	-2
202	201	754	774	1.0	3/4	3/4	4/4	4	1		V7	C	i		V7		V		7					Mm7	0	1	1, 5, 2, -1		1	1
203	202	755	775	1.0	0	0	4/4	4	1		I	C	i		I		I							M	0	1	0, 4, 1		0	0
203	202	756	776	0.5	1/4	1/4	4/4	4	1		I6	C	i		I6		I		6					M	0	1	4, 1, 0		0	4
203	202	1513/2	1553/2	0.5	3/8	3/8	4/4	4	1		I	C	i		I		I							M	0	1	0, 4, 1		0	0
203	202	757	777	1.0	1/2	1/2	4/4	4	1		IV	C	i		IV		IV							M	0	1	-1, 3, 0		-1	-1
203	202	758	778	0.5	3/4	3/4	4/4	4	1		IV6	C	i		IV6		IV		6					M	0	1	3, 0, -1		-1	3
203	202	1517/2	1557/2	0.5	7/8	7/8	4/4	4	1		IV	C	i		IV		IV							M	0	1	-1, 3, 0		-1	-1
204	203	759	779	2.0	0	0	4/4	4	1		V(64)	C	i		V(64)		V			64				M	0	1	1, 0, -3		1	1
204	203	761	781	2.0	1/2	1/2	4/4	4	1		V7	C	i		V7		V		7					Mm7	0	1	1, 5, 2, -1		1	1
205	204	763	783	3.0	0	0	4/4	4	1		V(64)	C	i		V(64)		V			64				M	0	1	1, 0, -3		1	1
205	204	766	786	1.0	3/4	3/4	4/4	4	1		V7	C	i		V7		V		7					Mm7	0	1	1, 5, 2, -1		1	1
206	205	767	787	1.0	0	0	4/4	4	1		I\\	C	i		I		I						\\	M	0	1	0, 4, 1		0	0
206	205	768	788	1.0	1/4	1/4	4/4	4	1		I6	C	i		I6		I		6					M	0	1	4, 1, 0		0	4
206	205	769	789	1.0	1/2	1/2	4/4	4	1		I64	C	i		I64		I		64					M	0	1	1, 0, 4		0	1
206	205	770	790	1.0	3/4	3/4	4/4	4	1		I	C	i		I		I							M	0	1	0, 4, 1		0	0
207	206	771	791	1.0	0	0	4/4	4	1		IV	C	i		IV		IV							M	0	1	-1, 3, 0		-1	-1
207	206	772	792	1.0	1/4	1/4	4/4	4	1		IV6	C	i		IV6		IV		6					M	0	1	3, 0, -1		-1	3
207	206	773	793	1.0	1/2	1/2	4/4	4	1		IV64	C	i		IV64		IV		64					M	0	1	0, -1, 3		-1	0
207	206	774	794	1.0	3/4	3/4	4/4	4	1		IV	C	i		IV		IV							M	0	1	-1, 3, 0		-1	-1
208	207	775	795	4.0	0	0	4/4	4	1		I64	C	i		I64		I		64					M	0	1	1, 0, 4		0	1
209	208	779	799	4.0	0	0	4/4	4	1		I6	C	i		I6		I		6					M	0	1	4, 1, 0		0	4
210	209	783	803	2.0	0	0	4/4	4	1		I64	C	i		I64		I		64					M	0	1	1, 0, 4		0	1
210	209	785	805	1.0	1/2	1/2	4/4	4	1		I64	C	i		I64		I		64					M	0	1	1, 0, 4		0	1
210	209	786	806	1.0	3/4	3/4	4/4	4	1		#io7	C	i		#io7		#i	o	7					o7	0	1	7, 4, 1, -2		7	7
211	210	787	807	2.0	0	0	4/4	4	1		ii(+42)	C	i		ii(+42)		ii			+42				m	0	1	-3, -1, 3	1	2	-3
211	210	789	809	2.0	1/2	1/2	4/4	4	1		V7	C	i		V7		V		7					Mm7	0	1	1, 5, 2, -1		1	1
212	211	791	811	3.0	0	0	4/4	4	1		I\\	C	i		I		I						\\	M	0	1	0, 4, 1		0	0
212	211	794	814	1.0	3/4	3/4	4/4	4	1		#io7	C	i		#io7		#i	o	7					o7	0	1	7, 4, 1, -2		7	7
213	212	795	815	2.0	0	0	4/4	4	1		ii(+42)	C	i		ii(+42)		ii			+42				m	0	1	-3, -1, 3	1	2	-3
213	212	797	817	2.0	1/2	1/2	4/4	4	1		V7	C	i		V7		V		7					Mm7	0	1	1, 5, 2, -1		1	1
214	213	799	819	4.0	0	0	4/4	4	1		I\\	C	i		I		I						\\	M	0	1	0, 4, 1		0	0
215	214	803	823	2.0	0	0	4/4	4	1		V6	C	i		V6		V		6					M	0	1	5, 2, 1		1	5
215	214	805	825	2.0	1/2	1/2	4/4	4	1		IV6	C	i		IV6		IV		6					M	0	1	3, 0, -1		-1	3
216	215	807	827	2.0	0	0	4/4	4	1		iii6	C	i		iii6		iii		6					m	0	1	-6, -2, -3		-3	-6
216	215	809	829	2.0	1/2	1/2	4/4	4	1		ii6	C	i		ii6		ii		6					m	0	1	-1, 3, 2		2	-1
217	216	811	831	2.0	0	0	4/4	4	1		#viio43/ii	C	i		#viio43/ii		#vii	o	43		ii			o7	0	1	1, -2, 7, 4		7	1
217	216	813	833	2.0	1/2	1/2	4/4	4	1		ii6	C	i		ii6		ii		6					m	0	1	-1, 3, 2		2	-1
218	217	815	835	2.0	0	0	4/4	4	1		viio65	C	i		viio65		vii	o	65					o7	0	1	-5, -8, -11, -2		-2	-5
218	217	817	837	2.0	1/2	1/2	4/4	4	1		I6	C	i		I6		I		6					M	0	1	4, 1, 0		0	4
219	218	819	839	2.0	0	0	4/4	4	1		#viio65/ii	C	i		#viio65/ii		#vii	o	65		ii			o7	0	1	4, 1, -2, 7		7	4
219	218	821	841	2.0	1/2	1/2	4/4	4	1		ii6	C	i		ii6		ii		6					m	0	1	-1, 3, 2		2	-1
220	219	823	843	2.0	0	0	4/4	4	1		viio65	C	i		viio65		vii	o	65					o7	0	1	-5, -8, -11, -2		-2	-5
220	219	825	845	2.0	1/2	1/2	4/4	4	1		I6	C	i		I6		I		6					M	0	1	4, 1, 0		0	4
221	220	827	847	1.0	0	0	4/4	4	1		V7	C	i		V7		V		7					Mm7	0	1	1, 5, 2, -1		1	1
221	220	828	848	1.0	1/4	1/4	4/4	4	1		V7(6#4)	C	i		V7(6#4)		V		7	6#4				Mm7	0	1	1, 5, 7, -3, -1		1	1
221	220	829	849	1.0	1/2	1/2	4/4	4	1		V7	C	i		V7		V		7					Mm7	0	1	1, 5, 2, -1		1	1
221	220	830	850	1.0	3/4	3/4	4/4	4	1		viio2	C	i		viio2		vii	o	2					o7	0	1	-11, -2, -5, -8		-2	-11
222	221	831	851	17.0	0	0	4/4	4	1		V65	C	i		V65		V		65					Mm7	0	1	5, 2, -1, 1		1	5
226	225	848	868	1.0	1/4	1/4	4/4	4	1		V7(+9)	C	i		V7(+9)		V		7	+9				Mm7	0	1	1, 5, 2, -1	-4	1	1
226	225	849	869	1.0	1/2	1/2	4/4	4	1		V7	C	i		V7		V		7					Mm7	0	1	1, 5, 2, -1		1	1
226	225	850	870	1.0	3/4	3/4	4/4	4	1		V7(+9)	C	i		V7(+9)		V		7	+9				Mm7	0	1	1, 5, 2, -1	-4	1	1
227	226	851	871	4.0	0	0	4/4	4	1		V7	C	i		V7		V		7					Mm7	0	1	1, 5, 2, -1		1	1
228	227	855	875	1.0	0	0	4/4	4	1		I\\	C	i		I		I						\\	M	0	1	0, 4, 1		0	0
228	227	856	876	1.0	1/4	1/4	4/4	4	1		V	C	i		V		V							M	0	1	1, 5, 2		1	1
228	227	857	877	2.0	1/2	1/2	4/4	4	1		I	C	i		I		I							M	0	1	0, 4, 1		0	0
229	228	859	879	1.0	0	0	4/4	4	1		ii6(2)	C	i		ii6(2)		ii		6	2				m	0	1	-1, 3, -3		2	-1
229	228	860	880	3.0	1/4	1/4	4/4	4	1		ii6	C	i		ii6		ii		6					m	0	1	-1, 3, 2		2	-1
230	229	863	883	1.0	0	0	4/4	4	1		V7(9)	C	i		V7(9)		V		7	9				Mm7	0	1	1, 5, 2, -1	-4	1	1
230	229	864	884	1.0	1/4	1/4	4/4	4	1		V7	C	i		V7		V		7					Mm7	0	1	1, 5, 2, -1		1	1
230	229	865	885	1.0	1/2	1/2	4/4	4	1		V65	C	i		V65		V		65					Mm7	0	1	5, 2, -1, 1		1	5
230	229	866	886	1.0	3/4	3/4	4/4	4	1		V7	C	i		V7		V		7					Mm7	0	1	1, 5, 2, -1		1	1
231	230	867	887	1.0	0	0	4/4	4	1		I6	C	i		I6		I		6					M	0	1	4, 1, 0		0	4
231	230	868	888	1.0	1/4	1/4	4/4	4	1		IV	C	i		IV		IV							M	0	1	-1, 3, 0		-1	-1
231	230	869	889	1.0	1/2	1/2	4/4	4	1		V(64)	C	i		V(64)		V			64				M	0	1	1, 0, -3		1	1
231	230	870	890	1.0	3/4	3/4	4/4	4	1		V7	C	i		V7		V		7					Mm7	0	1	1, 5, 2, -1		1	1
232	231	871	891	1.0	0	0	4/4	4	1		I\\	C	i		I		I						\\	M	0	1	0, 4, 1		0	0
232	231	872	892	1.0	1/4	1/4	4/4	4	1		V	C	i		V		V							M	0	1	1, 5, 2		1	1
232	231	873	893	2.0	1/2	1/2	4/4	4	1		I	C	i		I		I							M	0	1	0, 4, 1		0	0
233	232	875	895	1.0	0	0	4/4	4	1		ii6(2)	C	i		ii6(2)		ii		6	2				m	0	1	-1, 3, -3		2	-1
233	232	876	896	3.0	1/4	1/4	4/4	4	1		ii6	C	i		ii6		ii		6					m	0	1	-1, 3, 2		2	-1
234	233	879	899	1.0	0	0	4/4	4	1		V2(2)	C	i		V2(2)		V		2	2				Mm7	0	1	-1, -4, 5, 2		1	-1
234	233	880	900	1.0	1/4	1/4	4/4	4	1		V2	C	i		V2		V		2					Mm7	0	1	-1, 1, 5, 2		1	-1
234	233	881	901	3.0	1/2	1/2	4/4	4	1		V43/ii	C	i		V43/ii		V		43		ii			Mm7	0	1	4, 1, 3, 7		3	4
235	234	884	904	1.0	1/4	1/4	4/4	4	1		ii	C	i		ii		ii							m	0	1	2, -1, 3		2	2
235	234	885	905	1.0	1/2	1/2	4/4	4	1		ii64	C	i		ii64		ii		64					m	0	1	3, 2, -1		2	3
235	234	886	906	1.0	3/4	3/4	4/4	4	1		ii	C	i		ii		ii							m	0	1	2, -1, 3		2	2
236	235	887	907	1.0	0	0	4/4	4	1		V(2)/vi	C	i		V(2)/vi		V			2	vi			M	0	1	-8, 1, -2		-3	-8
236	235	888	908	1.0	1/4	1/4	4/4	4	1		V/vi	C	i		V/vi		V				vi			M	0	1	-3, 1, -2		-3	-3
236	235	889	909	2.0	1/2	1/2	4/4	4	1		vi64	C	i		vi64		vi		64					m	0	1	-3, -4, -7		-4	-3
237	236	891	911	1.0	0	0	4/4	4	1		V/vi	C	i		V/vi		V				vi			M	0	1	-3, 1, -2		-3	-3
237	236	892	912	1.0	1/4	1/4	4/4	4	1		V6/vi	C	i		V6/vi		V		6		vi			M	0	1	1, -2, -3		-3	1
237	236	893	913	1.0	1/2	1/2	4/4	4	1		vi	C	i		vi		vi							m	0	1	-4, -7, -3		-4	-4
237	236	894	914	1.0	3/4	3/4	4/4	4	1		vi6	C	i		vi6		vi		6					m	0	1	-7, -3, -4		-4	-7
238	237	895	915	8.0	0	0	4/4	4	1		V7/IV	C	i		V7/IV		V		7		IV			Mm7	0	1	0, 4, 1, -2		0	0
240	239	903	923	2.0	0	0	4/4	4	1		IV	C	i		IV		IV							M	0	1	-1, 3, 0		-1	-1
240	239	905	925	2.0	1/2	1/2	4/4	4	1		ii	C	i		ii		ii							m	0	1	2, -1, 3		2	2
241	240	907	927	2.0	0	0	4/4	4	1		V(64)	C	i		V(64)		V			64				M	0	1	1, 0, -3		1	1
241	240	909	929	2.0	1/2	1/2	4/4	4	1		V7	C	i		V7		V		7					Mm7	0	1	1, 5, 2, -1		1	1
242	241	911	931	2.0	0	0	4/4	4	1		I\\	C	i		I		I						\\	M	0	1	0, 4, 1		0	0
242	241	913	933	1.0	1/2	1/2	4/4	4	1		I6	C	i		I6		I		6					M	0	1	4, 1, 0		0	4
242	241	914	934	1.0	3/4	3/4	4/4	4	1		III65	C	i		III65		III		65					Mm7	0	1	1, -2, -5, -3		-3	1
243	242	915	935	1.0	0	0	4/4	4	1		vi	C	i		vi		vi							m	0	1	-4, -7, -3		-4	-4
243	242	916	936	1.0	1/4	1/4	4/4	4	1		#vii43	C	i		#vii43		#vii		43					mm7	0	1	6, 3, 5, 2		5	6
243	242	917	937	1.0	1/2	1/2	4/4	4	1		ii6	C	i		ii6		ii		6					m	0	1	-1, 3, 2		2	-1
243	242	918	938	0.5	3/4	3/4	4/4	4	1		#viio6/ii	C	i		#viio6/ii		#vii	o	6		ii			o	0	1	4, 1, 7		7	4
243	242	1837/2	1877/2	0.5	7/8	7/8	4/4	4	1		ii	C	i		ii		ii							m	0	1	2, -1, 3		2	2
244	243	919	939	4.0	0	0	4/4	4	1		V(64)	C	i		V(64)		V			64				M	0	1	1, 0, -3		1	1
245	244	923	943	4.0	0	0	4/4	4	1		V7	C	i		V7		V		7					Mm7	0	1	1, 5, 2, -1		1	1
246	245	927	947	4.0	0	0	4/4	4	1		V(64)	C	i		V(64)		V			64				M	0	1	1, 0, -3		1	1
247	246	931	951	4.0	0	0	4/4	4	1		V7	C	i		V7		V		7					Mm7	0	1	1, 5, 2, -1		1	1
248	247	935	955	4.0	0	0	4/4	4	1		V(64)	C	i		V(64)		V			64				M	0	1	1, 0, -3		1	1
249	248	939	959	4.0	0	0	4/4	4	1		V65	C	i		V65		V		65					Mm7	0	1	5, 2, -1, 1		1	5
250	249	943	963	4.0	0	0	4/4	4	1		I\\	C	i		I		I						\\	M	0	1	0, 4, 1		0	0
251	250	947	967	2.0	0	0	4/4	4	1		I	C	i		I		I							M	0	1	0, 4, 1		0	0
251	250	949	969	2.0	1/2	1/2	4/4	4	1		V43	C	i		V43		V		43					Mm7	0	1	2, -1, 1, 5		1	2
252	251	951	971	2.0	0	0	4/4	4	1		I6	C	i		I6		I		6					M	0	1	4, 1, 0		0	4
252	251	953	973	0.5	1/2	1/2	4/4	4	1		viio6	C	i		viio6		vii	o	6					o	0	1	-5, -8, -2		-2	-5
252	251	1907/2	1947/2	0.5	5/8	5/8	4/4	4	1		I6	C	i		I6		I		6					M	0	1	4, 1, 0		0	4
252	251	954	974	0.5	3/4	3/4	4/4	4	1		V65	C	i		V65		V		65					Mm7	0	1	5, 2, -1, 1		1	5
252	251	1909/2	1949/2	0.5	7/8	7/8	4/4	4	1		I	C	i		I		I							M	0	1	0, 4, 1		0	0
253	252	955	975	0.5	0	0	4/4	4	1		V2/ii	C	i		V2/ii		V		2		ii			Mm7	0	1	1, 3, 7, 4		3	1
253	252	1911/2	1951/2	0.5	1/8	1/8	4/4	4	1		ii6	C	i		ii6		ii		6					m	0	1	-1, 3, 2		2	-1
253	252	956	976	0.5	1/4	1/4	4/4	4	1		V65/ii	C	i		V65/ii		V		65		ii			Mm7	0	1	7, 4, 1, 3		3	7
253	252	1913/2	1953/2	0.5	3/8	3/8	4/4	4	1		ii	C	i		ii		ii							m	0	1	2, -1, 3		2	2
253	252	957	977	0.5	1/2	1/2	4/4	4	1		I6	C	i		I6		I		6					M	0	1	4, 1, 0		0	4
253	252	1915/2	1955/2	0.5	5/8	5/8	4/4	4	1		IV	C	i		IV		IV							M	0	1	-1, 3, 0		-1	-1
253	252	958	978	0.5	3/4	3/4	4/4	4	1		V43	C	i		V43		V		43					Mm7	0	1	2, -1, 1, 5		1	2
253	252	1917/2	1957/2	0.5	7/8	7/8	4/4	4	1		#viio6/ii	C	i		#viio6/ii		#vii	o	6		ii			o	0	1	4, 1, 7		7	4
254	253	959	979	0.5	0	0	4/4	4	1		V65	C	i		V65		V		65					Mm7	0	1	5, 2, -1, 1		1	5
254	253	1919/2	1959/2	0.5	1/8	1/8	4/4	4	1		I	C	i		I		I							M	0	1	0, 4, 1		0	0
254	253	960	980	0.5	1/4	1/4	4/4	4	1		IV6	C	i		IV6		IV		6					M	0	1	3, 0, -1		-1	3
254	253	1921/2	1961/2	0.5	3/8	3/8	4/4	4	1		I64	C	i		I64		I		64					M	0	1	1, 0, 4		0	1
254	253	961	981	1.0	1/2	1/2	4/4	4	1		IV	C	i		IV		IV							M	0	1	-1, 3, 0		-1	-1
254	253	962	982	1.0	3/4	3/4	4/4	4	1		V7	C	i		V7		V		7					Mm7	0	1	1, 5, 2, -1		1	1
255	254	963	983	1.5	0	0	4/4	4	1		I[I	C	i	I	I		I							M	0	1	0, 4, 1		0	0
255	254	1929/2	1969/2	0.5	3/8	3/8	4/4	4	1		V7	C	i	I	V7		V		7					Mm7	0	1	1, 5, 2, -1		1	1
255	254	965	985	1.5	1/2	1/2	4/4	4	1		I64	C	i	I	I64		I		64					M	0	1	1, 0, 4		0	1
255	254	1933/2	1973/2	0.5	7/8	7/8	4/4	4	1		IV64	C	i	I	IV64		IV		64					M	0	1	0, -1, 3		-1	0
256	255	967	987	1.5	0	0	4/4	4	1		I	C	i	I	I		I							M	0	1	0, 4, 1		0	0
256	255	1937/2	1977/2	0.5	3/8	3/8	4/4	4	1		V65	C	i	I	V65		V		65					Mm7	0	1	5, 2, -1, 1		1	5
256	255	969	989	1.5	1/2	1/2	4/4	4	1		I	C	i	I	I		I							M	0	1	0, 4, 1		0	0
256	255	1941/2	1981/2	0.5	7/8	7/8	4/4	4	1		IV	C	i	I	IV		IV							M	0	1	-1, 3, 0		-1	-1
257	256	971	991	4.0	0	0	4/4	4	1		I6]	C	i	I	I6		I		6					M	0	1	4, 1, 0		0	4
258	257	975	995	2.0	0	0	4/4	4	1		I	C	i		I		I							M	0	1	0, 4, 1		0	0
258	257	977	997	1.0	1/2	1/2	4/4	4	1		V(64)	C	i		V(64)		V			64				M	0	1	1, 0, -3		1	1
258	257	978	998	1.0	3/4	3/4	4/4	4	1		V7	C	i		V7		V		7					Mm7	0	1	1, 5, 2, -1		1	1
259	258	979	999	6.0	0	0	4/4	4	1		I	C	i		I		I							M	0	1	0, 4, 1		0	0
260	259	985	1005	1.0	1/2	1/2	4/4	4	1		V(64)	C	i		V(64)		V			64				M	0	1	1, 0, -3		1	1
260	259	986	1006	1.0	3/4	3/4	4/4	4	1		V7	C	i		V7		V		7					Mm7	0	1	1, 5, 2, -1		1	1
261	260	987	1007	3.0	0	0	4/4	4	1		I	C	i		I		I							M	0	1	0, 4, 1		0	0
261	260	990	1010	1.0	3/4	3/4	4/4	4	1		V7	C	i		V7		V		7					Mm7	0	1	1, 5, 2, -1		1	1
262	261	991	1011	3.0	0	0	4/4	4	1		I	C	i		I		I							M	0	1	0, 4, 1		0	0
262	261	994	1014	4.0	3/4	3/4	4/4	4	1		V[V7	C	i	V	V7		V		7					Mm7	0	1	1, 5, 2, -1		1	1
263	262	998	1018	4.0	3/4	3/4	4/4	4	1		I64	C	i	V	I64		I		64					M	0	1	1, 0, 4		0	1
264	263	1002	1022	2.0	3/4	3/4	4/4	4	1		V7(+9)	C	i	V	V7(+9)		V		7	+9				Mm7	0	1	1, 5, 2, -1	-4	1	1
265	264	1004	1024	1.0	1/4	1/4	4/4	4	1		bVII6	C	i	V	bVII6		bVII		6					M	0	1	-5, -8, -9		-9	-5
265	264	1005	1025	1.0	1/2	1/2	4/4	4	1		viio6	C	i	V	viio6		vii	o	6					o	0	1	-5, -8, -2		-2	-5
265	264	1006	1026	1.0	3/4	3/4	4/4	4	1		I6	C	i	V	I6		I		6					M	0	1	4, 1, 0		0	4
266	265	1007	1027	1.0	0	0	4/4	4	1		#io6	C	i	V	#io6		#i	o	6					o	0	1	4, 1, 7		7	4
266	265	1008	1028	1.0	1/4	1/4	4/4	4	1		ii6	C	i	V	ii6		ii		6					m	0	1	-1, 3, 2		2	-1
266	265	1009	1029	1.0	1/2	1/2	4/4	4	1		#iio6	C	i	V	#iio6		#ii	o	6					o	0	1	6, 3, 9		9	6
266	265	1010	1030	1.0	3/4	3/4	4/4	4	1		iii6	C	i	V	iii6		iii		6					m	0	1	-6, -2, -3		-3	-6
267	266	1011	1031	1.0	0	0	4/4	4	1		IV6	C	i	V	IV6		IV		6					M	0	1	3, 0, -1		-1	3
267	266	1012	1032	1.0	1/4	1/4	4/4	4	1		viio6/V	C	i	V	viio6/V		vii	o	6		V			o	0	1	3, 0, 6		6	3
267	266	1013	1033	1.0	1/2	1/2	4/4	4	1		V6	C	i	V	V6		V		6					M	0	1	5, 2, 1		1	5
267	266	1014	1034	1.0	3/4	3/4	4/4	4	1		#viio6/vi	C	i	V	#viio6/vi		#vii	o	6		vi			o	0	1	-2, -5, 1		1	-2
268	267	1015	1035	2.0	0	0	4/4	4	1		vi6	C	i	V	vi6		vi		6					m	0	1	-7, -3, -4		-4	-7
268	267	1017	1037	2.0	1/2	1/2	4/4	4	1		V7]	C	i	V	V7		V		7					Mm7	0	1	1, 5, 2, -1		1	1
269	268	1019	1039	2.0	0	0	4/4	4	1		I	C	i		I		I							M	0	1	0, 4, 1		0	0
269	268	1021	1041	2.0	1/2	1/2	4/4	4	1		V7	C	i		V7		V		7					Mm7	0	1	1, 5, 2, -1		1	1
270	269	1023	1043	4.0	0	0	4/4	4	1		I\\	C	i		I		I						\\	M	0	1	0, 4, 1		0	0
