mc	mn	quarterbeats	quarterbeats_all_endings	duration_qb	mc_onset	mn_onset	timesig	staff	voice	label	alt_label	globalkey	localkey	pedal	chord	special	numeral	form	figbass	changes	relativeroot	cadence	phraseend	chord_type	globalkey_is_minor	localkey_is_minor	chord_tones	added_tones	root	bass_note
1	1	0	0	2.0	0	0	2/2	4	1	Eb.I6		Eb	I		I6		I		6					M	0	0	4, 1, 0		0	4
1	1	2	2	5.0	1/2	1/2	2/2	4	1	viio		Eb	I		viio		vii	o						o	0	0	5, 2, -1		5	5
2	2	7	7	4.0	3/4	3/4	2/2	4	1	I		Eb	I		I		I							M	0	0	0, 4, 1		0	0
3	3	11	11	2.0	3/4	3/4	2/2	4	1	I		Eb	I		I		I							M	0	0	0, 4, 1		0	0
4	4	13	13	2.0	1/4	1/4	2/2	4	1	ii		Eb	I		ii		ii							m	0	0	2, -1, 3		2	2
4	4	15	15	1.0	3/4	3/4	2/2	4	1	V		Eb	I		V		V							M	0	0	1, 5, 2		1	1
5	5	16	16	2.0	0	0	2/2	4	1	I[I		Eb	I	I	I		I							M	0	0	0, 4, 1		0	0
5	5	18	18	2.0	1/2	1/2	2/2	4	1	V43		Eb	I	I	V43		V		43					Mm7	0	0	2, -1, 1, 5		1	2
6	6	20	20	2.0	0	0	2/2	4	1	I		Eb	I	I	I		I							M	0	0	0, 4, 1		0	0
6	6	22	22	2.0	1/2	1/2	2/2	4	1	V43		Eb	I	I	V43		V		43					Mm7	0	0	2, -1, 1, 5		1	2
7	7	24	24	2.0	0	0	2/2	4	1	I		Eb	I	I	I		I							M	0	0	0, 4, 1		0	0
7	7	26	26	2.0	1/2	1/2	2/2	4	1	V43(+#4)		Eb	I	I	V43(+#4)		V		43	+#4				Mm7	0	0	2, -1, 1, 5	7	1	2
8	8	28	28	3.0	0	0	2/2	4	1	V43		Eb	I	I	V43		V		43					Mm7	0	0	2, -1, 1, 5		1	2
8	8	31	31	1.0	3/4	3/4	2/2	4	1	V43]		Eb	I	I	V43		V		43					Mm7	0	0	2, -1, 1, 5		1	2
9	9	32	32	2.0	0	0	2/2	4	1	I6		Eb	I		I6		I		6					M	0	0	4, 1, 0		0	4
9	9	34	34	2.0	1/2	1/2	2/2	4	1	V2		Eb	I		V2		V		2					Mm7	0	0	-1, 1, 5, 2		1	-1
10	10	36	36	2.0	0	0	2/2	4	1	vi43		Eb	I		vi43		vi		43					mm7	0	0	4, 1, 3, 0		3	4
10	10	38	38	2.0	1/2	1/2	2/2	4	1	viio6		Eb	I		viio6		vii	o	6					o	0	0	2, -1, 5		5	2
11	11	40	40	1.0	0	0	2/2	4	1	I		Eb	I		I		I							M	0	0	0, 4, 1		0	0
11	11	41	41	1.0	1/4	1/4	2/2	4	1	vi7		Eb	I		vi7		vi		7					mm7	0	0	3, 0, 4, 1		3	3
11	11	42	42	1.0	1/2	1/2	2/2	4	1	V65		Eb	I		V65		V		65					Mm7	0	0	5, 2, -1, 1		1	5
11	11	43	43	1.0	3/4	3/4	2/2	4	1	I		Eb	I		I		I							M	0	0	0, 4, 1		0	0
12	12	44	44	1.0	0	0	2/2	4	1	I64		Eb	I		I64		I		64					M	0	0	1, 0, 4		0	1
12	12	45	45	1.0	1/4	1/4	2/2	4	1	V65/V		Eb	I		V65/V		V		65		V			Mm7	0	0	6, 3, 0, 2		2	6
12	12	46	46	1.0	1/2	1/2	2/2	4	1	V\\		Eb	I		V		V						\\	M	0	0	1, 5, 2		1	1
12	12	47	47	1.0	3/4	3/4	2/2	4	1	viio		Eb	I		viio		vii	o						o	0	0	5, 2, -1		5	5
13	13	48	48	2.0	0	0	2/2	4	1	I[I		Eb	I	I	I		I							M	0	0	0, 4, 1		0	0
13	13	50	50	2.0	1/2	1/2	2/2	4	1	V43		Eb	I	I	V43		V		43					Mm7	0	0	2, -1, 1, 5		1	2
14	14	52	52	2.0	0	0	2/2	4	1	I		Eb	I	I	I		I							M	0	0	0, 4, 1		0	0
14	14	54	54	2.0	1/2	1/2	2/2	4	1	V43		Eb	I	I	V43		V		43					Mm7	0	0	2, -1, 1, 5		1	2
15	15	56	56	2.0	0	0	2/2	4	1	I		Eb	I	I	I		I							M	0	0	0, 4, 1		0	0
15	15	58	58	2.0	1/2	1/2	2/2	4	1	V43(+#4)		Eb	I	I	V43(+#4)		V		43	+#4				Mm7	0	0	2, -1, 1, 5	7	1	2
16	16	60	60	2.0	0	0	2/2	4	1	V64		Eb	I	I	V64		V		64					M	0	0	2, 1, 5		1	2
16	16	62	62	1.0	1/2	1/2	2/2	4	1	V43		Eb	I	I	V43		V		43					Mm7	0	0	2, -1, 1, 5		1	2
16	16	63	63	1.0	3/4	3/4	2/2	4	1	V43]		Eb	I	I	V43		V		43					Mm7	0	0	2, -1, 1, 5		1	2
17	17	64	64	2.0	0	0	2/2	4	1	I6		Eb	I		I6		I		6					M	0	0	4, 1, 0		0	4
17	17	66	66	2.0	1/2	1/2	2/2	4	1	V2		Eb	I		V2		V		2					Mm7	0	0	-1, 1, 5, 2		1	-1
18	18	68	68	2.0	0	0	2/2	4	1	vi43		Eb	I		vi43		vi		43					mm7	0	0	4, 1, 3, 0		3	4
18	18	70	70	2.0	1/2	1/2	2/2	4	1	viio6		Eb	I		viio6		vii	o	6					o	0	0	2, -1, 5		5	2
19	19	72	72	1.0	0	0	2/2	4	1	I		Eb	I		I		I							M	0	0	0, 4, 1		0	0
19	19	73	73	1.0	1/4	1/4	2/2	4	1	V2/IV		Eb	I		V2/IV		V		2		IV			Mm7	0	0	-2, 0, 4, 1		0	-2
19	19	74	74	1.0	1/2	1/2	2/2	4	1	IV6		Eb	I		IV6		IV		6					M	0	0	3, 0, -1		-1	3
19	19	75	75	1.0	3/4	3/4	2/2	4	1	V6		Eb	I		V6		V		6					M	0	0	5, 2, 1		1	5
20	20	76	76	1.0	0	0	2/2	4	1	I(9+74)		Eb	I		I(9+74)		I			9+74				M	0	0	0, -1, 1	2, 5	0	0
20	20	77	77	1.0	1/4	1/4	2/2	4	1	I64		Eb	I		I64		I		64					M	0	0	1, 0, 4		0	1
20	20	78	78	2.0	1/2	1/2	2/2	4	1	I\\		Eb	I		I		I						\\	M	0	0	0, 4, 1		0	0
21	21	80	80	4.0	0	0	2/2	4	1	I		Eb	I		I		I							M	0	0	0, 4, 1		0	0
22	22	84	84	1.0	0	0	2/2	4	1	vi7		Eb	I		vi7		vi		7					mm7	0	0	3, 0, 4, 1		3	3
22	22	85	85	1.0	1/4	1/4	2/2	4	1	viio		Eb	I		viio		vii	o						o	0	0	5, 2, -1		5	5
22	22	86	86	1.0	1/2	1/2	2/2	4	1	I\\		Eb	I		I		I						\\	M	0	0	0, 4, 1		0	0
22	22	87	87	1.0	3/4	3/4	2/2	4	1	vi6		Eb	I		vi6		vi		6					m	0	0	0, 4, 3		3	0
23	23	88	88	2.0	0	0	2/2	4	1	V7/V		Eb	I		V7/V		V		7		V			Mm7	0	0	2, 6, 3, 0		2	2
23	23	90	90	1.0	1/2	1/2	2/2	4	1	V(64)/V		Eb	I		V(64)/V		V			64	V			M	0	0	2, 1, 5		2	2
23	23	91	91	2.0	3/4	3/4	2/2	4	1	V7/V		Eb	I		V7/V		V		7		V			Mm7	0	0	2, 6, 3, 0		2	2
24	24	93	93	1.0	1/4	1/4	2/2	4	1	V		Eb	I		V		V							M	0	0	1, 5, 2		1	1
24	24	94	94	2.0	1/2	1/2	2/2	4	1	V\\		Eb	I		V		V						\\	M	0	0	1, 5, 2		1	1
25	25	96	96	3.0	0	0	2/2	4	1	I		Eb	I		I		I							M	0	0	0, 4, 1		0	0
25	25	99	99	1.0	3/4	3/4	2/2	4	1	I64		Eb	I		I64		I		64					M	0	0	1, 0, 4		0	1
26	26	100	100	1.0	0	0	2/2	4	1	IV6(9)		Eb	I		IV6(9)		IV		6	9				M	0	0	3, 0, -1	1	-1	3
26	26	101	101	1.0	1/4	1/4	2/2	4	1	V65		Eb	I		V65		V		65					Mm7	0	0	5, 2, -1, 1		1	5
26	26	102	102	1.0	1/2	1/2	2/2	4	1	I		Eb	I		I		I							M	0	0	0, 4, 1		0	0
26	26	103	103	4.0	3/4	3/4	2/2	4	1	IV6		Eb	I		IV6		IV		6					M	0	0	3, 0, -1		-1	3
27	27	107	107	1.0	3/4	3/4	2/2	4	1	viio		Eb	I		viio		vii	o						o	0	0	5, 2, -1		5	5
28	28	108	108	1.0	0	0	2/2	4	1	I		Eb	I		I		I							M	0	0	0, 4, 1		0	0
28	28	109	109	1.0	1/4	1/4	2/2	4	1	V7		Eb	I		V7		V		7					Mm7	0	0	1, 5, 2, -1		1	1
28	28	110	110	1.0	1/2	1/2	2/2	4	1	I\\		Eb	I		I		I						\\	M	0	0	0, 4, 1		0	0
28	28	111	111	1.0	3/4	3/4	2/2	4	1	I64		Eb	I		I64		I		64					M	0	0	1, 0, 4		0	1
29	29	112	112	3.0	0	0	2/2	4	1	I		Eb	I		I		I							M	0	0	0, 4, 1		0	0
29	29	115	115	1.0	3/4	3/4	2/2	4	1	I6		Eb	I		I6		I		6					M	0	0	4, 1, 0		0	4
30	30	116	116	1.0	0	0	2/2	4	1	I64		Eb	I		I64		I		64					M	0	0	1, 0, 4		0	1
30	30	117	117	1.0	1/4	1/4	2/2	4	1	viio64		Eb	I		viio64		vii	o	64					o	0	0	-1, 5, 2		5	-1
30	30	118	118	1.0	1/2	1/2	2/2	4	1	I6		Eb	I		I6		I		6					M	0	0	4, 1, 0		0	4
30	30	119	119	2.0	3/4	3/4	2/2	4	1	I		Eb	I		I		I							M	0	0	0, 4, 1		0	0
31	31	121	121	1.0	1/4	1/4	2/2	4	1	IV6		Eb	I		IV6		IV		6					M	0	0	3, 0, -1		-1	3
31	31	122	122	1.0	1/2	1/2	2/2	4	1	vi2		Eb	I		vi2		vi		2					mm7	0	0	1, 3, 0, 4		3	1
31	31	123	123	1.0	3/4	3/4	2/2	4	1	viio64		Eb	I		viio64		vii	o	64					o	0	0	-1, 5, 2		5	-1
32	32	124	124	1.0	0	0	2/2	4	1	vi		Eb	I		vi		vi							m	0	0	3, 0, 4		3	3
32	32	125	125	1.0	1/4	1/4	2/2	4	1	V7		Eb	I		V7		V		7					Mm7	0	0	1, 5, 2, -1		1	1
32	32	126	126	1.0	1/2	1/2	2/2	4	1	V		Eb	I		V		V							M	0	0	1, 5, 2		1	1
32	32	127	127	1.0	3/4	3/4	2/2	4	1	V2		Eb	I		V2		V		2					Mm7	0	0	-1, 1, 5, 2		1	-1
33	33	128	128	3.0	0	0	2/2	4	1	I6		Eb	I		I6		I		6					M	0	0	4, 1, 0		0	4
33	33	131	131	1.0	3/4	3/4	2/2	4	1	I64		Eb	I		I64		I		64					M	0	0	1, 0, 4		0	1
34	34	132	132	1.0	0	0	2/2	4	1	vi7		Eb	I		vi7		vi		7					mm7	0	0	3, 0, 4, 1		3	3
34	34	133	133	1.0	1/4	1/4	2/2	4	1	viio		Eb	I		viio		vii	o						o	0	0	5, 2, -1		5	5
34	34	134	134	3.0	1/2	1/2	2/2	4	1	I		Eb	I		I		I							M	0	0	0, 4, 1		0	0
35	35	137	137	1.0	1/4	1/4	2/2	4	1	vi		Eb	I		vi		vi							m	0	0	3, 0, 4		3	3
35	35	138	138	1.0	1/2	1/2	2/2	4	1	I64		Eb	I		I64		I		64					M	0	0	1, 0, 4		0	1
35	35	139	139	1.0	3/4	3/4	2/2	4	1	ii6		Eb	I		ii6		ii		6					m	0	0	-1, 3, 2		2	-1
36	36	140	140	1.0	0	0	2/2	4	1	I6		Eb	I		I6		I		6					M	0	0	4, 1, 0		0	4
36	36	141	141	0.5	1/4	1/4	2/2	4	1	IV		Eb	I		IV		IV							M	0	0	-1, 3, 0		-1	-1
36	36	283/2	283/2	0.5	3/8	3/8	2/2	4	1	viio6		Eb	I		viio6		vii	o	6					o	0	0	2, -1, 5		5	2
36	36	142	142	1.0	1/2	1/2	2/2	4	1	I		Eb	I		I		I							M	0	0	0, 4, 1		0	0
36	36	143	143	1.0	3/4	3/4	2/2	4	1	IV		Eb	I		IV		IV							M	0	0	-1, 3, 0		-1	-1
37	37	144	144	2.0	0	0	2/2	4	1	I		Eb	I		I		I							M	0	0	0, 4, 1		0	0
37	37	146	146	2.0	1/2	1/2	2/2	4	1	V2		Eb	I		V2		V		2					Mm7	0	0	-1, 1, 5, 2		1	-1
38	38	148	148	2.0	0	0	2/2	4	1	I		Eb	I		I		I							M	0	0	0, 4, 1		0	0
38	38	150	150	2.0	1/2	1/2	2/2	4	1	V2		Eb	I		V2		V		2					Mm7	0	0	-1, 1, 5, 2		1	-1
39	39	152	152	2.0	0	0	2/2	4	1	I		Eb	I		I		I							M	0	0	0, 4, 1		0	0
39	39	154	154	2.0	1/2	1/2	2/2	4	1	viio7/V		Eb	I		viio7/V		vii	o	7		V			o7	0	0	6, 3, 0, -3		6	6
40	40	156	156	1.0	0	0	2/2	4	1	V		Eb	I		V		V							M	0	0	1, 5, 2		1	1
40	40	157	157	1.0	1/4	1/4	2/2	4	1	viio2		Eb	I		viio2		vii	o	2					o7	0	0	-4, 5, 2, -1		5	-4
40	40	158	158	1.0	1/2	1/2	2/2	4	1	IV(9)		Eb	I		IV(9)		IV			9				M	0	0	-1, 3, 0	1	-1	-1
40	40	159	159	1.0	3/4	3/4	2/2	4	1	V43		Eb	I		V43		V		43					Mm7	0	0	2, -1, 1, 5		1	2
41	41	160	160	2.0	0	0	2/2	4	1	I		Eb	I		I		I							M	0	0	0, 4, 1		0	0
41	41	162	162	2.0	1/2	1/2	2/2	4	1	V65		Eb	I		V65		V		65					Mm7	0	0	5, 2, -1, 1		1	5
42	42	164	164	2.0	0	0	2/2	4	1	I		Eb	I		I		I							M	0	0	0, 4, 1		0	0
42	42	166	166	2.0	1/2	1/2	2/2	4	1	V65		Eb	I		V65		V		65					Mm7	0	0	5, 2, -1, 1		1	5
43	43	168	168	2.0	0	0	2/2	4	1	I		Eb	I		I		I							M	0	0	0, 4, 1		0	0
43	43	170	170	2.0	1/2	1/2	2/2	4	1	vii7		Eb	I		vii7		vii		7					mm7	0	0	5, 2, 6, 3		5	5
44	44	172	172	1.0	0	0	2/2	4	1	V.I6		Eb	V		I6		I		6					M	0	0	4, 1, 0		0	4
44	44	173	173	1.0	1/4	1/4	2/2	4	1	V43		Eb	V		V43		V		43					Mm7	0	0	2, -1, 1, 5		1	2
44	44	174	174	2.0	1/2	1/2	2/2	4	1	V7		Eb	V		V7		V		7					Mm7	0	0	1, 5, 2, -1		1	1
45	45	176	176	2.0	0	0	2/2	4	1	V[I64		Eb	V	V	I64		I		64					M	0	0	1, 0, 4		0	1
45	45	178	178	1.0	1/2	1/2	2/2	4	1	V2(2)		Eb	V	V	V2(2)		V		2	2				Mm7	0	0	-1, 3, 5, 2		1	-1
45	45	179	179	1.0	3/4	3/4	2/2	4	1	V2		Eb	V	V	V2		V		2					Mm7	0	0	-1, 1, 5, 2		1	-1
46	46	180	180	2.0	0	0	2/2	4	1	I64		Eb	V	V	I64		I		64					M	0	0	1, 0, 4		0	1
46	46	182	182	1.0	1/2	1/2	2/2	4	1	V2(2)		Eb	V	V	V2(2)		V		2	2				Mm7	0	0	-1, 3, 5, 2		1	-1
46	46	183	183	1.0	3/4	3/4	2/2	4	1	V2		Eb	V	V	V2		V		2					Mm7	0	0	-1, 1, 5, 2		1	-1
47	47	184	184	2.0	0	0	2/2	4	1	I64		Eb	V	V	I64		I		64					M	0	0	1, 0, 4		0	1
47	47	186	186	2.0	1/2	1/2	2/2	4	1	#ivo43		Eb	V	V	#ivo43		#iv	o	43					o7	0	0	0, -3, 6, 3		6	0
48	48	188	188	2.0	0	0	2/2	4	1	V		Eb	V	V	V		V							M	0	0	1, 5, 2		1	1
48	48	190	190	1.0	1/2	1/2	2/2	4	1	V2		Eb	V	V	V2		V		2					Mm7	0	0	-1, 1, 5, 2		1	-1
48	48	191	191	1.0	3/4	3/4	2/2	4	1	V43]		Eb	V	V	V43		V		43					Mm7	0	0	2, -1, 1, 5		1	2
49	49	192	192	2.0	0	0	2/2	4	1	I6		Eb	V		I6		I		6					M	0	0	4, 1, 0		0	4
49	49	194	194	2.0	1/2	1/2	2/2	4	1	V65		Eb	V		V65		V		65					Mm7	0	0	5, 2, -1, 1		1	5
50	50	196	196	2.0	0	0	2/2	4	1	I6		Eb	V		I6		I		6					M	0	0	4, 1, 0		0	4
50	50	198	198	2.0	1/2	1/2	2/2	4	1	V65		Eb	V		V65		V		65					Mm7	0	0	5, 2, -1, 1		1	5
51	51	200	200	2.0	0	0	2/2	4	1	I6		Eb	V		I6		I		6					M	0	0	4, 1, 0		0	4
51	51	202	202	2.0	1/2	1/2	2/2	4	1	#ivo43		Eb	V		#ivo43		#iv	o	43					o7	0	0	0, -3, 6, 3		6	0
52	52	204	204	2.0	0	0	2/2	4	1	V6		Eb	V		V6		V		6					M	0	0	5, 2, 1		1	5
52	52	206	206	3.0	1/2	1/2	2/2	4	1	vi.It6		Eb	vi		It6	It	vii	o	6	b3	V			It	0	1	-4, 0, 6		6	-4
53	53	209	209	1.0	1/4	1/4	2/2	4	1	V		Eb	vi		V		V							M	0	1	1, 5, 2		1	1
53	53	210	210	1.0	1/2	1/2	2/2	4	1	i		Eb	vi		i		i							m	0	1	0, -3, 1		0	0
53	53	211	211	1.0	3/4	3/4	2/2	4	1	V.ii6		Eb	V		ii6		ii		6					m	0	0	-1, 3, 2		2	-1
54	54	212	212	1.0	0	0	2/2	4	1	V(64)		Eb	V		V(64)		V			64				M	0	0	1, 0, 4		1	1
54	54	213	213	1.0	1/4	1/4	2/2	4	1	V7		Eb	V		V7		V		7					Mm7	0	0	1, 5, 2, -1		1	1
54	54	214	214	1.0	1/2	1/2	2/2	4	1	V7(b9)		Eb	V		V7(b9)		V		7	b9				Mm7	0	0	1, 5, 2, -1	-4	1	1
54	54	215	215	1.0	3/4	3/4	2/2	4	1	V7		Eb	V		V7		V		7					Mm7	0	0	1, 5, 2, -1		1	1
55	55	216	216	1.0	0	0	2/2	4	1	I\\		Eb	V		I		I						\\	M	0	0	0, 4, 1		0	0
55	55	217	217	1.0	1/4	1/4	2/2	4	1	IV		Eb	V		IV		IV							M	0	0	-1, 3, 0		-1	-1
55	55	218	218	1.0	1/2	1/2	2/2	4	1	I6		Eb	V		I6		I		6					M	0	0	4, 1, 0		0	4
55	55	219	219	1.0	3/4	3/4	2/2	4	1	ii7		Eb	V		ii7		ii		7					mm7	0	0	2, -1, 3, 0		2	2
56	56	220	220	1.0	0	0	2/2	4	1	I		Eb	V		I		I							M	0	0	0, 4, 1		0	0
56	56	221	221	1.0	1/4	1/4	2/2	4	1	V6		Eb	V		V6		V		6					M	0	0	5, 2, 1		1	5
56	56	222	222	1.0	1/2	1/2	2/2	4	1	IV6		Eb	V		IV6		IV		6					M	0	0	3, 0, -1		-1	3
56	56	223	223	1.0	3/4	3/4	2/2	4	1	I64		Eb	V		I64		I		64					M	0	0	1, 0, 4		0	1
57	57	224	224	1.0	0	0	2/2	4	1	IV		Eb	V		IV		IV							M	0	0	-1, 3, 0		-1	-1
57	57	225	225	1.0	1/4	1/4	2/2	4	1	#viio6/ii		Eb	V		#viio6/ii		#vii	o	6		ii			o	0	0	4, 1, 7		7	4
57	57	226	226	1.0	1/2	1/2	2/2	4	1	ii		Eb	V		ii		ii							m	0	0	2, -1, 3		2	2
57	57	227	227	1.0	3/4	3/4	2/2	4	1	I		Eb	V		I		I							M	0	0	0, 4, 1		0	0
58	58	228	228	1.0	0	0	2/2	4	1	V6		Eb	V		V6		V		6					M	0	0	5, 2, 1		1	5
58	58	229	229	1.0	1/4	1/4	2/2	4	1	@none		Eb	V		@none		@none							m	0	0				
58	58	230	230	1.0	1/2	1/2	2/2	4	1	V		Eb	V		V		V							M	0	0	1, 5, 2		1	1
58	58	231	231	1.0	3/4	3/4	2/2	4	1	V2		Eb	V		V2		V		2					Mm7	0	0	-1, 1, 5, 2		1	-1
59	59	232	232	1.0	0	0	2/2	4	1	I6		Eb	V		I6		I		6					M	0	0	4, 1, 0		0	4
59	59	233	233	1.0	1/4	1/4	2/2	4	1	IV		Eb	V		IV		IV							M	0	0	-1, 3, 0		-1	-1
59	59	234	234	1.0	1/2	1/2	2/2	4	1	I6		Eb	V		I6		I		6					M	0	0	4, 1, 0		0	4
59	59	235	235	1.0	3/4	3/4	2/2	4	1	ii7		Eb	V		ii7		ii		7					mm7	0	0	2, -1, 3, 0		2	2
60	60	236	236	1.0	0	0	2/2	4	1	I		Eb	V		I		I							M	0	0	0, 4, 1		0	0
60	60	237	237	1.0	1/4	1/4	2/2	4	1	V6		Eb	V		V6		V		6					M	0	0	5, 2, 1		1	5
60	60	238	238	1.0	1/2	1/2	2/2	4	1	IV6		Eb	V		IV6		IV		6					M	0	0	3, 0, -1		-1	3
60	60	239	239	1.0	3/4	3/4	2/2	4	1	I64		Eb	V		I64		I		64					M	0	0	1, 0, 4		0	1
61	61	240	240	1.0	0	0	2/2	4	1	IV		Eb	V		IV		IV							M	0	0	-1, 3, 0		-1	-1
61	61	241	241	1.0	1/4	1/4	2/2	4	1	#viio6/ii		Eb	V		#viio6/ii		#vii	o	6		ii			o	0	0	4, 1, 7		7	4
61	61	242	242	1.0	1/2	1/2	2/2	4	1	ii		Eb	V		ii		ii							m	0	0	2, -1, 3		2	2
61	61	243	243	1.0	3/4	3/4	2/2	4	1	I		Eb	V		I		I							M	0	0	0, 4, 1		0	0
62	62	244	244	4.0	0	0	2/2	4	1	V		Eb	V		V		V							M	0	0	1, 5, 2		1	1
63	63	248	248	1.0	0	0	2/2	4	1	I6		Eb	V		I6		I		6					M	0	0	4, 1, 0		0	4
63	63	249	249	1.0	1/4	1/4	2/2	4	1	ii		Eb	V		ii		ii							m	0	0	2, -1, 3		2	2
63	63	250	250	1.0	1/2	1/2	2/2	4	1	I		Eb	V		I		I							M	0	0	0, 4, 1		0	0
63	63	251	251	1.0	3/4	3/4	2/2	4	1	V		Eb	V		V		V							M	0	0	1, 5, 2		1	1
64	64	252	252	3.0	0	0	2/2	4	1	I6		Eb	V		I6		I		6					M	0	0	4, 1, 0		0	4
64	64	255	255	1.0	3/4	3/4	2/2	4	1	I		Eb	V		I		I							M	0	0	0, 4, 1		0	0
65	65	256	256	1.0	0	0	2/2	4	1	IV64		Eb	V		IV64		IV		64					M	0	0	0, -1, 3		-1	0
65	65	257	257	1.0	1/4	1/4	2/2	4	1	V65/ii		Eb	V		V65/ii		V		65		ii			Mm7	0	0	7, 4, 1, 3		3	7
65	65	258	258	1.0	1/2	1/2	2/2	4	1	ii		Eb	V		ii		ii							m	0	0	2, -1, 3		2	2
65	65	259	259	1.0	3/4	3/4	2/2	4	1	I6		Eb	V		I6		I		6					M	0	0	4, 1, 0		0	4
66	66	260	260	1.0	0	0	2/2	4	1	V[V64		Eb	V	V	V64		V		64					M	0	0	2, 1, 5		1	2
66	66	261	261	1.0	1/4	1/4	2/2	4	1	viio2/V		Eb	V	V	viio2/V		vii	o	2		V			o7	0	0	-3, 6, 3, 0		6	-3
66	66	262	262	1.0	1/2	1/2	2/2	4	1	iii2		Eb	V	V	iii2		iii		2					mm7	0	0	2, 4, 1, 5		4	2
66	66	263	263	1.0	3/4	3/4	2/2	4	1	vii%43/V]		Eb	V	V	vii%43/V		vii	%	43		V			%7	0	0	0, 4, 6, 3		6	0
67	67	264	264	9.0	0	0	2/2	4	1	@none		Eb	V		@none		@none							m	0	0				
69	69	273	273	3.0	1/4	1/4	2/2	4	1	V		Eb	V		V		V							M	0	0	1, 5, 2		1	1
70	70	276	276	1.0	0	0	2/2	4	1	I		Eb	V		I		I							M	0	0	0, 4, 1		0	0
70	70	277	277	4.0	1/4	1/4	2/2	4	1	V/ii		Eb	V		V/ii		V				ii			M	0	0	3, 7, 4		3	3
71	71	281	281	3.0	1/4	1/4	2/2	4	1	ii		Eb	V		ii		ii							m	0	0	2, -1, 3		2	2
72	72	284	284	1.0	0	0	2/2	4	1	V/iii		Eb	V		V/iii		V				iii			M	0	0	5, 9, 6		5	5
72	72	285	285	3.0	1/4	1/4	2/2	4	1	iii		Eb	V		iii		iii							m	0	0	4, 1, 5		4	4
73	73	288	288	1.0	0	0	2/2	4	1	V7(#7#2)/V		Eb	V		V7(#7#2)/V		V		7	#7#2	V			Mm7	0	0	2, 11, 3, 7		2	2
73	73	289	289	3.0	1/4	1/4	2/2	4	1	V7/V		Eb	V		V7/V		V		7		V			Mm7	0	0	2, 6, 3, 0		2	2
74	74	292	292	1.0	0	0	2/2	4	1	V7(#7#2)/V		Eb	V		V7(#7#2)/V		V		7	#7#2	V			Mm7	0	0	2, 11, 3, 7		2	2
74	74	293	293	3.0	1/4	1/4	2/2	4	1	V7/V		Eb	V		V7/V		V		7		V			Mm7	0	0	2, 6, 3, 0		2	2
75	75	296	296	1.0	0	0	2/2	4	1	V7(#7#2)/V		Eb	V		V7(#7#2)/V		V		7	#7#2	V			Mm7	0	0	2, 11, 3, 7		2	2
75	75	297	297	3.0	1/4	1/4	2/2	4	1	V7/V		Eb	V		V7/V		V		7		V			Mm7	0	0	2, 6, 3, 0		2	2
76	76	300	300	1.0	0	0	2/2	4	1	I6		Eb	V		I6		I		6					M	0	0	4, 1, 0		0	4
76	76	301	301	1.0	1/4	1/4	2/2	4	1	IV		Eb	V		IV		IV							M	0	0	-1, 3, 0		-1	-1
76	76	302	302	1.0	1/2	1/2	2/2	4	1	V(64)		Eb	V		V(64)		V			64				M	0	0	1, 0, 4		1	1
76	76	303	303	0.5	3/4	3/4	2/2	4	1	viio		Eb	V		viio		vii	o						o	0	0	5, 2, -1		5	5
76	76	607/2	607/2	0.5	7/8	7/8	2/2	4	1	I		Eb	V		I		I							M	0	0	0, 4, 1		0	0
77	77	304	304	12.0	0	0	2/2	4	1	V7/V		Eb	V		V7/V		V		7		V			Mm7	0	0	2, 6, 3, 0		2	2
80	80	316	316	1.0	0	0	2/2	4	1	I6		Eb	V		I6		I		6					M	0	0	4, 1, 0		0	4
80	80	317	317	1.0	1/4	1/4	2/2	4	1	IV		Eb	V		IV		IV							M	0	0	-1, 3, 0		-1	-1
80	80	318	318	1.0	1/2	1/2	2/2	4	1	V(64)		Eb	V		V(64)		V			64				M	0	0	1, 0, 4		1	1
80	80	319	319	0.5	3/4	3/4	2/2	4	1	viio		Eb	V		viio		vii	o						o	0	0	5, 2, -1		5	5
80	80	639/2	639/2	0.5	7/8	7/8	2/2	4	1	I		Eb	V		I		I							M	0	0	0, 4, 1		0	0
81	81	320	320	2.0	0	0	2/2	4	1	viio/ii		Eb	V		viio/ii		vii	o			ii			o	0	0	0, -3, -6		0	0
81	81	322	322	1.0	1/2	1/2	2/2	4	1	ii		Eb	V		ii		ii							m	0	0	2, -1, 3		2	2
81	81	323	323	1.0	3/4	3/4	2/2	4	1	viio		Eb	V		viio		vii	o						o	0	0	5, 2, -1		5	5
82	82	324	324	2.0	0	0	2/2	4	1	viio		Eb	V		viio		vii	o						o	0	0	5, 2, -1		5	5
82	82	326	326	1.0	1/2	1/2	2/2	4	1	I		Eb	V		I		I							M	0	0	0, 4, 1		0	0
82	82	327	327	8.0	3/4	3/4	2/2	4	1	@none		Eb	V		@none		@none							m	0	0				
84	84	335	335	0.5	3/4	3/4	2/2	4	1	vii%7		Eb	V		vii%7		vii	%	7					%7	0	0	5, 2, -1, 3		5	5
84	84	671/2	671/2	0.5	7/8	7/8	2/2	4	1	I		Eb	V		I		I							M	0	0	0, 4, 1		0	0
85	85	336	336	2.0	0	0	2/2	4	1	viio/ii		Eb	V		viio/ii		vii	o			ii			o	0	0	0, -3, -6		0	0
85	85	338	338	1.0	1/2	1/2	2/2	4	1	ii		Eb	V		ii		ii							m	0	0	2, -1, 3		2	2
85	85	339	339	1.0	3/4	3/4	2/2	4	1	viio		Eb	V		viio		vii	o						o	0	0	5, 2, -1		5	5
86	86	340	340	2.0	0	0	2/2	4	1	viio		Eb	V		viio		vii	o						o	0	0	5, 2, -1		5	5
86	86	342	342	1.0	1/2	1/2	2/2	4	1	I		Eb	V		I		I							M	0	0	0, 4, 1		0	0
86	86	343	343	15.0	3/4	3/4	2/2	4	1	@none		Eb	V		@none		@none							m	0	0				
90	90	358	358	2.0	1/2	1/2	2/2	4	1	I.I		Eb	I		I		I							M	0	0	0, 4, 1		0	0
91	91	360	360	0.5	0	0	2/2	4	1	vi7		Eb	I		vi7		vi		7					mm7	0	0	3, 0, 4, 1		3	3
91	91	721/2	721/2	4.0	1/8	1/8	2/2	4	1	viio		Eb	I		viio		vii	o						o	0	0	5, 2, -1		5	5
92	92	729/2	729/2	3.5	1/8	1/8	2/2	4	1	I		Eb	I		I		I							M	0	0	0, 4, 1		0	0
93	93	368	368	0.5	0	0	2/2	4	1	viio7/vi		Eb	I		viio7/vi		vii	o	7		vi			o7	0	0	1, -2, -5, -8		1	1
93	93	737/2	737/2	3.5	1/8	1/8	2/2	4	1	I		Eb	I		I		I							M	0	0	0, 4, 1		0	0
94	94	372	372	4.0	0	0	2/2	4	1	I+6		Eb	I		I+6		I	+	6					+	0	0	4, 8, 0		0	4
95	95	376	376	4.0	0	0	2/2	4	1	I+		Eb	I		I+		I	+						+	0	0	0, 4, 8		0	0
96	96	380	380	2.0	0	0	2/2	4	1	I+64		Eb	I		I+64		I	+	64					+	0	0	8, 0, 4		0	8
96	96	382	382	2.0	1/2	1/2	2/2	4	1	vi		Eb	I		vi		vi							m	0	0	3, 0, 4		3	3
97	97	384	384	18.0	0	0	2/2	4	1	@none		Eb	I		@none		@none							m	0	0				
101	101	402	402	1.0	1/2	1/2	2/2	4	1	I[I		Eb	I	I	I		I							M	0	0	0, 4, 1		0	0
101	101	403	403	1.0	3/4	3/4	2/2	4	1	ii65		Eb	I	I	ii65		ii		65					mm7	0	0	-1, 3, 0, 2		2	-1
102	102	404	404	1.0	0	0	2/2	4	1	V/V		Eb	I	I	V/V		V				V			M	0	0	2, 6, 3		2	2
102	102	405	405	1.0	1/4	1/4	2/2	4	1	v		Eb	I	I	v		v							m	0	0	1, -2, 2		1	1
102	102	406	406	2.0	1/2	1/2	2/2	4	1	I6		Eb	I	I	I6		I		6					M	0	0	4, 1, 0		0	4
103	103	408	408	1.0	0	0	2/2	4	1	I+6		Eb	I	I	I+6		I	+	6					+	0	0	4, 8, 0		0	4
103	103	409	409	1.0	1/4	1/4	2/2	4	1	IV		Eb	I	I	IV		IV							M	0	0	-1, 3, 0		-1	-1
103	103	410	410	1.0	1/2	1/2	2/2	4	1	IV6		Eb	I	I	IV6		IV		6					M	0	0	3, 0, -1		-1	3
103	103	411	411	1.0	3/4	3/4	2/2	4	1	viio6/IV		Eb	I	I	viio6/IV		vii	o	6		IV			o	0	0	1, -2, 4		4	1
104	104	412	412	2.0	0	0	2/2	4	1	viio2/IV]		Eb	I	I	viio2/IV		vii	o	2		IV			o7	0	0	-5, 4, 1, -2		4	-5
104	104	414	414	2.0	1/2	1/2	2/2	4	1	V6/ii		Eb	I		V6/ii		V		6		ii			M	0	0	7, 4, 3		3	7
105	105	416	416	3.0	0	0	2/2	4	1	ii		Eb	I		ii		ii							m	0	0	2, -1, 3		2	2
105	105	419	419	1.0	3/4	3/4	2/2	4	1	bVII6		Eb	I		bVII6		bVII		6					M	0	0	2, -1, -2		-2	2
106	106	420	420	1.0	0	0	2/2	4	1	VI.I(764)		Eb	VI		I(764)		I			764				M	0	0	0, -1, 3	5	0	0
106	106	421	421	3.0	1/4	1/4	2/2	4	1	I		Eb	VI		I		I							M	0	0	0, 4, 1		0	0
107	107	424	424	6.0	0	0	2/2	4	1	V[I		Eb	VI	V	I		I							M	0	0	0, 4, 1		0	0
108	108	430	430	1.0	1/2	1/2	2/2	4	1	V7		Eb	VI	V	V7		V		7					Mm7	0	0	1, 5, 2, -1		1	1
108	108	431	431	1.0	3/4	3/4	2/2	4	1	I		Eb	VI	V	I		I							M	0	0	0, 4, 1		0	0
109	109	432	432	1.0	0	0	2/2	4	1	IV64		Eb	VI	V	IV64		IV		64					M	0	0	0, -1, 3		-1	0
109	109	433	433	1.0	1/4	1/4	2/2	4	1	I		Eb	VI	V	I		I							M	0	0	0, 4, 1		0	0
109	109	434	434	1.0	1/2	1/2	2/2	4	1	viio6		Eb	VI	V	viio6		vii	o	6					o	0	0	2, -1, 5		5	2
109	109	435	435	1.0	3/4	3/4	2/2	4	1	I		Eb	VI	V	I		I							M	0	0	0, 4, 1		0	0
110	110	436	436	1.0	0	0	2/2	4	1	V64		Eb	VI	V	V64		V		64					M	0	0	2, 1, 5		1	2
110	110	437	437	1.0	1/4	1/4	2/2	4	1	@none		Eb	VI	V	@none		@none							m	0	0				
110	110	438	438	1.0	1/2	1/2	2/2	4	1	V6		Eb	VI	V	V6		V		6					M	0	0	5, 2, 1		1	5
110	110	439	439	1.0	3/4	3/4	2/2	4	1	V64]		Eb	VI	V	V64		V		64					M	0	0	2, 1, 5		1	2
111	111	440	440	4.0	0	0	2/2	4	1	vi.i		Eb	vi		i		i							m	0	1	0, -3, 1		0	0
112	112	444	444	1.0	0	0	2/2	4	1	i(9)		Eb	vi		i(9)		i			9				m	0	1	0, -3, 1	2	0	0
112	112	445	445	1.0	1/4	1/4	2/2	4	1	i6		Eb	vi		i6		i		6					m	0	1	-3, 1, 0		0	-3
112	112	446	446	1.0	1/2	1/2	2/2	4	1	V2		Eb	vi		V2		V		2					Mm7	0	1	-1, 1, 5, 2		1	-1
112	112	447	447	1.0	3/4	3/4	2/2	4	1	i6		Eb	vi		i6		i		6					m	0	1	-3, 1, 0		0	-3
113	113	448	448	1.0	0	0	2/2	4	1	iv6		Eb	vi		iv6		iv		6					m	0	1	-4, 0, -1		-1	-4
113	113	449	449	1.0	1/4	1/4	2/2	4	1	i64		Eb	vi		i64		i		64					m	0	1	1, 0, -3		0	1
113	113	450	450	1.0	1/2	1/2	2/2	4	1	iv		Eb	vi		iv		iv							m	0	1	-1, -4, 0		-1	-1
113	113	451	451	1.0	3/4	3/4	2/2	4	1	i6		Eb	vi		i6		i		6					m	0	1	-3, 1, 0		0	-3
114	114	452	452	1.0	0	0	2/2	4	1	@none		Eb	vi		@none		@none							m	0	1				
114	114	453	453	1.0	1/4	1/4	2/2	4	1	i		Eb	vi		i		i							m	0	1	0, -3, 1		0	0
114	114	454	454	1.0	1/2	1/2	2/2	4	1	viio		Eb	vi		viio		vii	o						o	0	1	-2, -5, -8		-2	-2
114	114	455	455	1.0	3/4	3/4	2/2	4	1	i		Eb	vi		i		i							m	0	1	0, -3, 1		0	0
115	115	456	456	1.0	0	0	2/2	4	1	V(6)		Eb	vi		V(6)		V			6				M	0	1	1, 5, -3		1	1
115	115	457	457	1.0	1/4	1/4	2/2	4	1	V		Eb	vi		V		V							M	0	1	1, 5, 2		1	1
115	115	458	458	1.0	1/2	1/2	2/2	4	1	V(4)		Eb	vi		V(4)		V			4				M	0	1	1, 0, 2		1	1
115	115	459	459	1.0	3/4	3/4	2/2	4	1	V		Eb	vi		V		V							M	0	1	1, 5, 2		1	1
116	116	460	460	1.0	0	0	2/2	4	1	V(9)		Eb	vi		V(9)		V			9				M	0	1	1, 5, 2	-4	1	1
116	116	461	461	1.0	1/4	1/4	2/2	4	1	V6		Eb	vi		V6		V		6					M	0	1	5, 2, 1		1	5
116	116	462	462	1.0	1/2	1/2	2/2	4	1	V2/V		Eb	vi		V2/V		V		2		V			Mm7	0	1	0, 2, 6, 3		2	0
116	116	463	463	1.0	3/4	3/4	2/2	4	1	V6		Eb	vi		V6		V		6					M	0	1	5, 2, 1		1	5
117	117	464	464	1.0	0	0	2/2	4	1	i6		Eb	vi		i6		i		6					m	0	1	-3, 1, 0		0	-3
117	117	465	465	1.0	1/4	1/4	2/2	4	1	V64		Eb	vi		V64		V		64					M	0	1	2, 1, 5		1	2
117	117	466	466	1.0	1/2	1/2	2/2	4	1	i		Eb	vi		i		i							m	0	1	0, -3, 1		0	0
117	117	467	467	1.0	3/4	3/4	2/2	4	1	V6		Eb	vi		V6		V		6					M	0	1	5, 2, 1		1	5
118	118	468	468	1.0	0	0	2/2	4	1	@none		Eb	vi		@none		@none							m	0	1				
118	118	469	469	1.0	1/4	1/4	2/2	4	1	V		Eb	vi		V		V							M	0	1	1, 5, 2		1	1
118	118	470	470	1.0	1/2	1/2	2/2	4	1	viio/V		Eb	vi		viio/V		vii	o			V			o	0	1	6, 3, 0		6	6
118	118	471	471	1.0	3/4	3/4	2/2	4	1	V		Eb	vi		V		V							M	0	1	1, 5, 2		1	1
119	119	472	472	2.0	0	0	2/2	4	1	@none		Eb	vi		@none		@none							m	0	1				
119	119	474	474	1.0	1/2	1/2	2/2	4	1	i		Eb	vi		i		i							m	0	1	0, -3, 1		0	0
119	119	475	475	1.0	3/4	3/4	2/2	4	1	V6		Eb	vi		V6		V		6					M	0	1	5, 2, 1		1	5
120	120	476	476	1.0	0	0	2/2	4	1	ii%43		Eb	vi		ii%43		ii	%	43					%7	0	1	-4, 0, 2, -1		2	-4
120	120	477	477	1.0	1/4	1/4	2/2	4	1	i64		Eb	vi		i64		i		64					m	0	1	1, 0, -3		0	1
120	120	478	478	1.0	1/2	1/2	2/2	4	1	V2		Eb	vi		V2		V		2					Mm7	0	1	-1, 1, 5, 2		1	-1
120	120	479	479	1.0	3/4	3/4	2/2	4	1	V43		Eb	vi		V43		V		43					Mm7	0	1	2, -1, 1, 5		1	2
121	121	480	480	2.0	0	0	2/2	4	1	i6		Eb	vi		i6		i		6					m	0	1	-3, 1, 0		0	-3
121	121	482	482	2.0	1/2	1/2	2/2	4	1	iv		Eb	vi		iv		iv							m	0	1	-1, -4, 0		-1	-1
122	122	484	484	2.0	0	0	2/2	4	1	i6		Eb	vi		i6		i		6					m	0	1	-3, 1, 0		0	-3
122	122	486	486	2.0	1/2	1/2	2/2	4	1	i		Eb	vi		i		i							m	0	1	0, -3, 1		0	0
123	123	488	488	2.0	0	0	2/2	4	1	V		Eb	vi		V		V							M	0	1	1, 5, 2		1	1
123	123	490	490	2.0	1/2	1/2	2/2	4	1	i64		Eb	vi		i64		i		64					m	0	1	1, 0, -3		0	1
124	124	492	492	2.0	0	0	2/2	4	1	V		Eb	vi		V		V							M	0	1	1, 5, 2		1	1
124	124	494	494	1.0	1/2	1/2	2/2	4	1	V6(2)		Eb	vi		V6(2)		V		6	2				M	0	1	5, 2, -4		1	5
124	124	495	495	1.0	3/4	3/4	2/2	4	1	V6		Eb	vi		V6		V		6					M	0	1	5, 2, 1		1	5
125	125	496	496	2.0	0	0	2/2	4	1	V2/iv		Eb	vi		V2/iv		V		2		iv			Mm7	0	1	-2, 0, 4, 1		0	-2
125	125	498	498	2.0	1/2	1/2	2/2	4	1	iv64		Eb	vi		iv64		iv		64					m	0	1	0, -1, -4		-1	0
126	126	500	500	2.0	0	0	2/2	4	1	V2/iv		Eb	vi		V2/iv		V		2		iv			Mm7	0	1	-2, 0, 4, 1		0	-2
126	126	502	502	1.0	1/2	1/2	2/2	4	1	ii.V43(4)		Eb	ii		V43(4)		V		43	4				Mm7	0	1	2, -1, 1, 0		1	2
126	126	503	503	1.0	3/4	3/4	2/2	4	1	V43		Eb	ii		V43		V		43					Mm7	0	1	2, -1, 1, 5		1	2
127	127	504	504	2.0	0	0	2/2	4	1	i		Eb	ii		i		i							m	0	1	0, -3, 1		0	0
127	127	506	506	14.0	1/2	1/2	2/2	4	1	V2		Eb	ii		V2		V		2					Mm7	0	1	-1, 1, 5, 2		1	-1
131	131	520	520	2.0	0	0	2/2	4	1	II.I		Eb	II		I		I							M	0	0	0, 4, 1		0	0
131	131	522	522	14.0	1/2	1/2	2/2	4	1	V2		Eb	II		V2		V		2					Mm7	0	0	-1, 1, 5, 2		1	-1
135	135	536	536	2.0	0	0	2/2	4	1	I.V65/V		Eb	I		V65/V		V		65		V			Mm7	0	0	6, 3, 0, 2		2	6
135	135	538	538	2.0	1/2	1/2	2/2	4	1	V		Eb	I		V		V							M	0	0	1, 5, 2		1	1
136	136	540	540	2.0	0	0	2/2	4	1	V65/IV		Eb	I		V65/IV		V		65		IV			Mm7	0	0	4, 1, -2, 0		0	4
136	136	542	542	2.0	1/2	1/2	2/2	4	1	IV		Eb	I		IV		IV							M	0	0	-1, 3, 0		-1	-1
137	137	544	544	2.0	0	0	2/2	4	1	ii		Eb	I		ii		ii							m	0	0	2, -1, 3		2	2
137	137	546	546	2.0	1/2	1/2	2/2	4	1	iiio		Eb	I		iiio		iii	o						o	0	0	4, 1, -2		4	4
138	138	548	548	2.0	0	0	2/2	4	1	V65/ii		Eb	I		V65/ii		V		65		ii			Mm7	0	0	7, 4, 1, 3		3	7
138	138	550	550	2.0	1/2	1/2	2/2	4	1	ii		Eb	I		ii		ii							m	0	0	2, -1, 3		2	2
139	139	552	552	2.0	0	0	2/2	4	1	V65		Eb	I		V65		V		65					Mm7	0	0	5, 2, -1, 1		1	5
139	139	554	554	2.0	1/2	1/2	2/2	4	1	I		Eb	I		I		I							M	0	0	0, 4, 1		0	0
140	140	556	556	2.0	0	0	2/2	4	1	IV.V+65/IV		Eb	IV		V+65/IV		V	+	65		IV			+7	0	0	4, 8, -2, 0		0	4
140	140	558	558	2.0	1/2	1/2	2/2	4	1	IV		Eb	IV		IV		IV							M	0	0	-1, 3, 0		-1	-1
141	141	560	560	2.0	0	0	2/2	4	1	V[I6		Eb	IV	V	I6		I		6					M	0	0	4, 1, 0		0	4
141	141	562	562	2.0	1/2	1/2	2/2	4	1	viio2/V		Eb	IV	V	viio2/V		vii	o	2		V			o7	0	0	-3, 6, 3, 0		6	-3
142	142	564	564	2.0	0	0	2/2	4	1	viio65		Eb	IV	V	viio65		vii	o	65					o7	0	0	2, -1, -4, 5		5	2
142	142	566	566	2.0	1/2	1/2	2/2	4	1	IV		Eb	IV	V	IV		IV							M	0	0	-1, 3, 0		-1	-1
143	143	568	568	2.0	0	0	2/2	4	1	viio7/V		Eb	IV	V	viio7/V		vii	o	7		V			o7	0	0	6, 3, 0, -3		6	6
143	143	570	570	6.0	1/2	1/2	2/2	4	1	viio7		Eb	IV	V	viio7		vii	o	7					o7	0	0	5, 2, -1, -4		5	5
145	145	576	576	2.0	0	0	2/2	4	1	I]		Eb	IV	V	I		I							M	0	0	0, 4, 1		0	0
145	145	578	578	2.0	1/2	1/2	2/2	4	1	I(64)		Eb	IV		I(64)		I			64				M	0	0	0, -1, 3		0	0
146	146	580	580	2.0	0	0	2/2	4	1	I		Eb	IV		I		I							M	0	0	0, 4, 1		0	0
146	146	582	582	2.0	1/2	1/2	2/2	4	1	I(64)		Eb	IV		I(64)		I			64				M	0	0	0, -1, 3		0	0
147	147	584	584	2.0	0	0	2/2	4	1	I		Eb	IV		I		I							M	0	0	0, 4, 1		0	0
147	147	586	586	2.0	1/2	1/2	2/2	4	1	#ivo6		Eb	IV		#ivo6		#iv	o	6					o	0	0	3, 0, 6		6	3
148	148	588	588	2.0	0	0	2/2	4	1	vi7		Eb	IV		vi7		vi		7					mm7	0	0	3, 0, 4, 1		3	3
148	148	590	590	2.0	1/2	1/2	2/2	4	1	V7		Eb	IV		V7		V		7					Mm7	0	0	1, 5, 2, -1		1	1
149	149	592	592	1.0	0	0	2/2	4	1	I64		Eb	IV		I64		I		64					M	0	0	1, 0, 4		0	1
149	149	593	593	1.0	1/4	1/4	2/2	4	1	viio		Eb	IV		viio		vii	o						o	0	0	5, 2, -1		5	5
149	149	594	594	1.0	1/2	1/2	2/2	4	1	viio6/V		Eb	IV		viio6/V		vii	o	6		V			o	0	0	3, 0, 6		6	3
149	149	595	595	1.0	3/4	3/4	2/2	4	1	V		Eb	IV		V		V							M	0	0	1, 5, 2		1	1
150	150	596	596	1.0	0	0	2/2	4	1	vi7		Eb	IV		vi7		vi		7					mm7	0	0	3, 0, 4, 1		3	3
150	150	597	597	1.0	1/4	1/4	2/2	4	1	V6		Eb	IV		V6		V		6					M	0	0	5, 2, 1		1	5
150	150	598	598	1.0	1/2	1/2	2/2	4	1	I		Eb	IV		I		I							M	0	0	0, 4, 1		0	0
150	150	599	599	1.0	3/4	3/4	2/2	4	1	viio6		Eb	IV		viio6		vii	o	6					o	0	0	2, -1, 5		5	2
151	151	600	600	2.0	0	0	2/2	4	1	I6		Eb	IV		I6		I		6					M	0	0	4, 1, 0		0	4
151	151	602	602	1.0	1/2	1/2	2/2	4	1	viio64		Eb	IV		viio64		vii	o	64					o	0	0	-1, 5, 2		5	-1
151	151	603	603	1.0	3/4	3/4	2/2	4	1	I		Eb	IV		I		I							M	0	0	0, 4, 1		0	0
152	152	604	604	1.0	0	0	2/2	4	1	I64		Eb	IV		I64		I		64					M	0	0	1, 0, 4		0	1
152	152	605	605	1.0	1/4	1/4	2/2	4	1	vii6		Eb	IV		vii6		vii		6					m	0	0	2, 6, 5		5	2
152	152	606	606	2.0	1/2	1/2	2/2	4	1	V43		Eb	IV		V43		V		43					Mm7	0	0	2, -1, 1, 5		1	2
153	153	608	608	2.0	0	0	2/2	4	1	I		Eb	IV		I		I							M	0	0	0, 4, 1		0	0
153	153	610	610	2.0	1/2	1/2	2/2	4	1	V7		Eb	IV		V7		V		7					Mm7	0	0	1, 5, 2, -1		1	1
154	154	612	612	2.0	0	0	2/2	4	1	V(64)		Eb	IV		V(64)		V			64				M	0	0	1, 0, 4		1	1
154	154	614	614	2.0	1/2	1/2	2/2	4	1	V7		Eb	IV		V7		V		7					Mm7	0	0	1, 5, 2, -1		1	1
155	155	616	616	2.0	0	0	2/2	4	1	V(64)		Eb	IV		V(64)		V			64				M	0	0	1, 0, 4		1	1
155	155	618	618	2.0	1/2	1/2	2/2	4	1	V[viio6/V		Eb	IV	V	viio6/V		vii	o	6		V			o	0	0	3, 0, 6		6	3
156	156	620	620	1.0	0	0	2/2	4	1	V]		Eb	IV	V	V		V							M	0	0	1, 5, 2		1	1
156	156	621	621	2.0	1/4	1/4	2/2	4	1	V7(119)		Eb	IV		V7(119)		V		7	119				Mm7	0	0	1, 5, 2, -1	0, 3	1	1
156	156	623	623	1.0	3/4	3/4	2/2	4	1	viio		Eb	IV		viio		vii	o						o	0	0	5, 2, -1		5	5
157	157	624	624	1.0	0	0	2/2	4	1	I		Eb	IV		I		I							M	0	0	0, 4, 1		0	0
157	157	625	625	1.0	1/4	1/4	2/2	4	1	viio		Eb	IV		viio		vii	o						o	0	0	5, 2, -1		5	5
157	157	626	626	1.0	1/2	1/2	2/2	4	1	vi7		Eb	IV		vi7		vi		7					mm7	0	0	3, 0, 4, 1		3	3
157	157	627	627	1.0	3/4	3/4	2/2	4	1	V7		Eb	IV		V7		V		7					Mm7	0	0	1, 5, 2, -1		1	1
158	158	628	628	1.0	0	0	2/2	4	1	vi7		Eb	IV		vi7		vi		7					mm7	0	0	3, 0, 4, 1		3	3
158	158	629	629	1.0	1/4	1/4	2/2	4	1	V64		Eb	IV		V64		V		64					M	0	0	2, 1, 5		1	2
158	158	630	630	1.0	1/2	1/2	2/2	4	1	I		Eb	IV		I		I							M	0	0	0, 4, 1		0	0
158	158	631	631	1.0	3/4	3/4	2/2	4	1	V65		Eb	IV		V65		V		65					Mm7	0	0	5, 2, -1, 1		1	5
159	159	632	632	1.0	0	0	2/2	4	1	I		Eb	IV		I		I							M	0	0	0, 4, 1		0	0
159	159	633	633	1.0	1/4	1/4	2/2	4	1	V7/ii		Eb	IV		V7/ii		V		7		ii			Mm7	0	0	3, 7, 4, 1		3	3
159	159	634	634	1.0	1/2	1/2	2/2	4	1	biio64		Eb	IV		biio64		bii	o	64					o	0	0	-11, -5, -8		-5	-11
159	159	635	635	2.0	3/4	3/4	2/2	4	1	V7		Eb	IV		V7		V		7					Mm7	0	0	1, 5, 2, -1		1	1
160	160	637	637	1.0	1/4	1/4	2/2	4	1	I		Eb	IV		I		I							M	0	0	0, 4, 1		0	0
160	160	638	638	2.0	1/2	1/2	2/2	4	1	I\\		Eb	IV		I		I						\\	M	0	0	0, 4, 1		0	0
161	161	640	640	4.0	0	0	2/2	4	1	I		Eb	IV		I		I							M	0	0	0, 4, 1		0	0
162	162	644	644	2.0	0	0	2/2	4	1	I64		Eb	IV		I64		I		64					M	0	0	1, 0, 4		0	1
162	162	646	646	2.0	1/2	1/2	2/2	4	1	I6		Eb	IV		I6		I		6					M	0	0	4, 1, 0		0	4
163	163	648	648	4.0	0	0	2/2	4	1	V6		Eb	IV		V6		V		6					M	0	0	5, 2, 1		1	5
164	164	652	652	2.0	0	0	2/2	4	1	V(94)		Eb	IV		V(94)		V			94				M	0	0	1, 0, 2	3	1	1
164	164	654	654	2.0	1/2	1/2	2/2	4	1	V		Eb	IV		V		V							M	0	0	1, 5, 2		1	1
165	165	656	656	3.0	0	0	2/2	4	1	I		Eb	IV		I		I							M	0	0	0, 4, 1		0	0
165	165	659	659	2.0	3/4	3/4	2/2	4	1	I64		Eb	IV		I64		I		64					M	0	0	1, 0, 4		0	1
166	166	661	661	1.0	1/4	1/4	2/2	4	1	#viio7/vi		Eb	IV		#viio7/vi		#vii	o	7		vi			o7	0	0	8, 5, 2, -1		8	8
166	166	662	662	1.0	1/2	1/2	2/2	4	1	vi		Eb	IV		vi		vi							m	0	0	3, 0, 4		3	3
166	166	663	663	1.0	3/4	3/4	2/2	4	1	IV+6		Eb	IV		IV+6		IV	+	6					+	0	0	3, 7, -1		-1	3
167	167	664	664	1.0	0	0	2/2	4	1	IV		Eb	IV		IV		IV							M	0	0	-1, 3, 0		-1	-1
167	167	665	665	3.0	1/4	1/4	2/2	4	1	V2		Eb	IV		V2		V		2					Mm7	0	0	-1, 1, 5, 2		1	-1
168	168	668	668	1.0	0	0	2/2	4	1	I		Eb	IV		I		I							M	0	0	0, 4, 1		0	0
168	168	669	669	1.0	1/4	1/4	2/2	4	1	V7		Eb	IV		V7		V		7					Mm7	0	0	1, 5, 2, -1		1	1
168	168	670	670	1.0	1/2	1/2	2/2	4	1	I\\		Eb	IV		I		I						\\	M	0	0	0, 4, 1		0	0
168	168	671	671	1.0	3/4	3/4	2/2	4	1	V43		Eb	IV		V43		V		43					Mm7	0	0	2, -1, 1, 5		1	2
169	169	672	672	2.0	0	0	2/2	4	1	I		Eb	IV		I		I							M	0	0	0, 4, 1		0	0
169	169	674	674	3.0	1/2	1/2	2/2	4	1	I6		Eb	IV		I6		I		6					M	0	0	4, 1, 0		0	4
170	170	677	677	1.0	1/4	1/4	2/2	4	1	V43		Eb	IV		V43		V		43					Mm7	0	0	2, -1, 1, 5		1	2
170	170	678	678	1.0	1/2	1/2	2/2	4	1	I64		Eb	IV		I64		I		64					M	0	0	1, 0, 4		0	1
170	170	679	679	1.0	3/4	3/4	2/2	4	1	I.V6/ii		Eb	I		V6/ii		V		6		ii			M	0	0	7, 4, 3		3	7
171	171	680	680	1.0	0	0	2/2	4	1	ii		Eb	I		ii		ii							m	0	0	2, -1, 3		2	2
171	171	681	681	1.0	1/4	1/4	2/2	4	1	iii		Eb	I		iii		iii							m	0	0	4, 1, 5		4	4
171	171	682	682	1.0	1/2	1/2	2/2	4	1	ii6		Eb	I		ii6		ii		6					m	0	0	-1, 3, 2		2	-1
171	171	683	683	1.0	3/4	3/4	2/2	4	1	V		Eb	I		V		V							M	0	0	1, 5, 2		1	1
172	172	684	684	1.0	0	0	2/2	4	1	I(94)		Eb	I		I(94)		I			94				M	0	0	0, -1, 1	2	0	0
172	172	685	685	1.0	1/4	1/4	2/2	4	1	I(+#7)		Eb	I		I(+#7)		I			+#7				M	0	0	0, 4, 1	12	0	0
172	172	686	686	1.0	1/2	1/2	2/2	4	1	I\\		Eb	I		I		I						\\	M	0	0	0, 4, 1		0	0
172	172	687	687	1.0	3/4	3/4	2/2	4	1	IV.V2		Eb	IV		V2		V		2					Mm7	0	0	-1, 1, 5, 2		1	-1
173	173	688	688	1.0	0	0	2/2	4	1	I6		Eb	IV		I6		I		6					M	0	0	4, 1, 0		0	4
173	173	689	689	1.0	1/4	1/4	2/2	4	1	viio6		Eb	IV		viio6		vii	o	6					o	0	0	2, -1, 5		5	2
173	173	690	690	1.0	1/2	1/2	2/2	4	1	I		Eb	IV		I		I							M	0	0	0, 4, 1		0	0
173	173	691	691	1.0	3/4	3/4	2/2	4	1	I64		Eb	IV		I64		I		64					M	0	0	1, 0, 4		0	1
174	174	692	692	1.0	0	0	2/2	4	1	ii7		Eb	IV		ii7		ii		7					mm7	0	0	2, -1, 3, 0		2	2
174	174	693	693	1.0	1/4	1/4	2/2	4	1	viio		Eb	IV		viio		vii	o						o	0	0	5, 2, -1		5	5
174	174	694	694	1.0	1/2	1/2	2/2	4	1	I		Eb	IV		I		I							M	0	0	0, 4, 1		0	0
174	174	695	695	2.0	3/4	3/4	2/2	4	1	ii64		Eb	IV		ii64		ii		64					m	0	0	3, 2, -1		2	3
175	175	697	697	2.0	1/4	1/4	2/2	4	1	V2		Eb	IV		V2		V		2					Mm7	0	0	-1, 1, 5, 2		1	-1
175	175	699	699	1.0	3/4	3/4	2/2	4	1	V7		Eb	IV		V7		V		7					Mm7	0	0	1, 5, 2, -1		1	1
176	176	700	700	1.0	0	0	2/2	4	1	V(64)		Eb	IV		V(64)		V			64				M	0	0	1, 0, 4		1	1
176	176	701	701	3.0	1/4	1/4	2/2	4	1	V7		Eb	IV		V7		V		7					Mm7	0	0	1, 5, 2, -1		1	1
177	177	704	704	1.0	0	0	2/2	4	1	I6(13)		Eb	IV		I6(13)		I		6	13				M	0	0	4, 1, 0	3	0	4
177	177	705	705	2.0	1/4	1/4	2/2	4	1	I6		Eb	IV		I6		I		6					M	0	0	4, 1, 0		0	4
177	177	707	707	1.0	3/4	3/4	2/2	4	1	I+6		Eb	IV		I+6		I	+	6					+	0	0	4, 8, 0		0	4
178	178	708	708	1.0	0	0	2/2	4	1	IV(11)		Eb	IV		IV(11)		IV			11				M	0	0	-1, 3, 0	5	-1	-1
178	178	709	709	2.0	1/4	1/4	2/2	4	1	ii6		Eb	IV		ii6		ii		6					m	0	0	-1, 3, 2		2	-1
178	178	711	711	6.0	3/4	3/4	2/2	4	1	V6/vi		Eb	IV		V6/vi		V		6		vi			M	0	0	8, 5, 4		4	8
180	180	717	717	4.0	1/4	1/4	2/2	4	1	V7/ii		Eb	IV		V7/ii		V		7		ii			Mm7	0	0	3, 7, 4, 1		3	3
181	181	721	721	8.0	1/4	1/4	2/2	4	1	V7/iii		Eb	IV		V7/iii		V		7		iii			Mm7	0	0	5, 9, 6, 3		5	5
183	183	729	729	2.0	1/4	1/4	2/2	4	1	#viio2/iii		Eb	IV		#viio2/iii		#vii	o	2		iii			o7	0	0	0, 9, 6, 3		9	0
183	183	731	731	13.0	3/4	3/4	2/2	4	1	I.V2		Eb	I		V2		V		2					Mm7	0	0	-1, 1, 5, 2		1	-1
187	187	744	744	2.0	0	0	2/2	4	1	I6		Eb	I		I6		I		6					M	0	0	4, 1, 0		0	4
187	187	746	746	1.0	1/2	1/2	2/2	4	1	V43(2)		Eb	I		V43(2)		V		43	2				Mm7	0	0	2, -1, 3, 5		1	2
187	187	747	747	1.0	3/4	3/4	2/2	4	1	V43		Eb	I		V43		V		43					Mm7	0	0	2, -1, 1, 5		1	2
188	188	748	748	2.0	0	0	2/2	4	1	I6		Eb	I		I6		I		6					M	0	0	4, 1, 0		0	4
188	188	750	750	1.0	1/2	1/2	2/2	4	1	V43(2)		Eb	I		V43(2)		V		43	2				Mm7	0	0	2, -1, 3, 5		1	2
188	188	751	751	1.0	3/4	3/4	2/2	4	1	V43		Eb	I		V43		V		43					Mm7	0	0	2, -1, 1, 5		1	2
189	189	752	752	2.0	0	0	2/2	4	1	I6		Eb	I		I6		I		6					M	0	0	4, 1, 0		0	4
189	189	754	754	2.0	1/2	1/2	2/2	4	1	V7/v		Eb	I		V7/v		V		7		v			Mm7	0	0	2, 6, 3, 0		2	2
190	190	756	756	1.0	0	0	2/2	4	1	v64		Eb	I		v64		v		64					m	0	0	2, 1, -2		1	2
190	190	757	757	1.0	1/4	1/4	2/2	4	1	V6/ii		Eb	I		V6/ii		V		6		ii			M	0	0	7, 4, 3		3	7
190	190	758	758	1.0	1/2	1/2	2/2	4	1	ii		Eb	I		ii		ii							m	0	0	2, -1, 3		2	2
190	190	759	759	1.0	3/4	3/4	2/2	4	1	ii6		Eb	I		ii6		ii		6					m	0	0	-1, 3, 2		2	-1
191	191	760	760	1.0	0	0	2/2	4	1	viio7/V		Eb	I		viio7/V		vii	o	7		V			o7	0	0	6, 3, 0, -3		6	6
191	191	761	761	1.0	1/4	1/4	2/2	4	1	V[V64		Eb	I	V	V64		V		64					M	0	0	2, 1, 5		1	2
191	191	762	762	1.0	1/2	1/2	2/2	4	1	vio6		Eb	I	V	vio6		vi	o	6					o	0	0	0, -3, 3		3	0
191	191	763	763	1.0	3/4	3/4	2/2	4	1	V6		Eb	I	V	V6		V		6					M	0	0	5, 2, 1		1	5
192	192	764	764	1.0	0	0	2/2	4	1	vi6]		Eb	I	V	vi6		vi		6					m	0	0	0, 4, 3		3	0
192	192	765	765	1.0	1/4	1/4	2/2	4	1	V2		Eb	I		V2		V		2					Mm7	0	0	-1, 1, 5, 2		1	-1
192	192	766	766	1.0	1/2	1/2	2/2	4	1	I6		Eb	I		I6		I		6					M	0	0	4, 1, 0		0	4
192	192	767	767	1.0	3/4	3/4	2/2	4	1	viio6		Eb	I		viio6		vii	o	6					o	0	0	2, -1, 5		5	2
193	193	768	768	1.0	0	0	2/2	4	1	I		Eb	I		I		I							M	0	0	0, 4, 1		0	0
193	193	769	769	1.0	1/4	1/4	2/2	4	1	vi7		Eb	I		vi7		vi		7					mm7	0	0	3, 0, 4, 1		3	3
193	193	770	770	1.0	1/2	1/2	2/2	4	1	viio		Eb	I		viio		vii	o						o	0	0	5, 2, -1		5	5
193	193	771	771	1.0	3/4	3/4	2/2	4	1	I		Eb	I		I		I							M	0	0	0, 4, 1		0	0
194	194	772	772	1.0	0	0	2/2	4	1	V(64)		Eb	I		V(64)		V			64				M	0	0	1, 0, 4		1	1
194	194	773	773	1.0	1/4	1/4	2/2	4	1	V65/V		Eb	I		V65/V		V		65		V			Mm7	0	0	6, 3, 0, 2		2	6
194	194	774	774	1.0	1/2	1/2	2/2	4	1	V\\		Eb	I		V		V						\\	M	0	0	1, 5, 2		1	1
194	194	775	775	1.0	3/4	3/4	2/2	4	1	V65		Eb	I		V65		V		65					Mm7	0	0	5, 2, -1, 1		1	5
195	195	776	776	2.0	0	0	2/2	4	1	I[I6		Eb	I	I	I6		I		6					M	0	0	4, 1, 0		0	4
195	195	778	778	2.0	1/2	1/2	2/2	4	1	V2		Eb	I	I	V2		V		2					Mm7	0	0	-1, 1, 5, 2		1	-1
196	196	780	780	2.0	0	0	2/2	4	1	I6		Eb	I	I	I6		I		6					M	0	0	4, 1, 0		0	4
196	196	782	782	2.0	1/2	1/2	2/2	4	1	V2		Eb	I	I	V2		V		2					Mm7	0	0	-1, 1, 5, 2		1	-1
197	197	784	784	1.0	0	0	2/2	4	1	I6]		Eb	I	I	I6		I		6					M	0	0	4, 1, 0		0	4
197	197	785	785	1.0	1/4	1/4	2/2	4	1	I6		Eb	I		I6		I		6					M	0	0	4, 1, 0		0	4
197	197	786	786	1.0	1/2	1/2	2/2	4	1	viio2/V		Eb	I		viio2/V		vii	o	2		V			o7	0	0	-3, 6, 3, 0		6	-3
197	197	787	787	1.0	3/4	3/4	2/2	4	1	V/V		Eb	I		V/V		V				V			M	0	0	2, 6, 3		2	2
198	198	788	788	2.0	0	0	2/2	4	1	V64		Eb	I		V64		V		64					M	0	0	2, 1, 5		1	2
198	198	790	790	1.0	1/2	1/2	2/2	4	1	V43		Eb	I		V43		V		43					Mm7	0	0	2, -1, 1, 5		1	2
198	198	791	791	1.0	3/4	3/4	2/2	4	1	V2		Eb	I		V2		V		2					Mm7	0	0	-1, 1, 5, 2		1	-1
199	199	792	792	1.0	0	0	2/2	4	1	I6		Eb	I		I6		I		6					M	0	0	4, 1, 0		0	4
199	199	793	793	1.0	1/4	1/4	2/2	4	1	ii7		Eb	I		ii7		ii		7					mm7	0	0	2, -1, 3, 0		2	2
199	199	794	794	1.0	1/2	1/2	2/2	4	1	IV		Eb	I		IV		IV							M	0	0	-1, 3, 0		-1	-1
199	199	795	795	1.0	3/4	3/4	2/2	4	1	V2		Eb	I		V2		V		2					Mm7	0	0	-1, 1, 5, 2		1	-1
200	200	796	796	1.0	0	0	2/2	4	1	vi64		Eb	I		vi64		vi		64					m	0	0	4, 3, 0		3	4
200	200	797	797	1.0	1/4	1/4	2/2	4	1	iv64(42)		Eb	I		iv64(42)		iv		64	42				m	0	0	0, 1, 5		-1	0
200	200	798	798	1.0	1/2	1/2	2/2	4	1	ii(7^2)		Eb	I		ii(7^2)		ii			7^2				m	0	0	2, 4, 3	0	2	2
200	200	799	799	1.0	3/4	3/4	2/2	4	1	ii6		Eb	I		ii6		ii		6					m	0	0	-1, 3, 2		2	-1
201	201	800	800	1.0	0	0	2/2	4	1	I		Eb	I		I		I							M	0	0	0, 4, 1		0	0
201	201	801	801	1.0	1/4	1/4	2/2	4	1	V2/IV		Eb	I		V2/IV		V		2		IV			Mm7	0	0	-2, 0, 4, 1		0	-2
201	201	802	802	1.0	1/2	1/2	2/2	4	1	IV6		Eb	I		IV6		IV		6					M	0	0	3, 0, -1		-1	3
201	201	803	803	1.0	3/4	3/4	2/2	4	1	viio		Eb	I		viio		vii	o						o	0	0	5, 2, -1		5	5
202	202	804	804	2.0	0	0	2/2	4	1	I		Eb	I		I		I							M	0	0	0, 4, 1		0	0
202	202	806	806	1.0	1/2	1/2	2/2	4	1	I6		Eb	I		I6		I		6					M	0	0	4, 1, 0		0	4
202	202	807	807	1.0	3/4	3/4	2/2	4	1	V7		Eb	I		V7		V		7					Mm7	0	0	1, 5, 2, -1		1	1
203	203	808	808	1.0	0	0	2/2	4	1	I64		Eb	I		I64		I		64					M	0	0	1, 0, 4		0	1
203	203	809	809	1.0	1/4	1/4	2/2	4	1	viio64		Eb	I		viio64		vii	o	64					o	0	0	-1, 5, 2		5	-1
203	203	810	810	1.0	1/2	1/2	2/2	4	1	I		Eb	I		I		I							M	0	0	0, 4, 1		0	0
203	203	811	811	1.0	3/4	3/4	2/2	4	1	vi		Eb	I		vi		vi							m	0	0	3, 0, 4		3	3
204	204	812	812	1.0	0	0	2/2	4	1	IV		Eb	I		IV		IV							M	0	0	-1, 3, 0		-1	-1
204	204	813	813	1.0	1/4	1/4	2/2	4	1	viio6		Eb	I		viio6		vii	o	6					o	0	0	2, -1, 5		5	2
204	204	814	814	1.0	1/2	1/2	2/2	4	1	I		Eb	I		I		I							M	0	0	0, 4, 1		0	0
204	204	815	815	1.0	3/4	3/4	2/2	4	1	I64		Eb	I		I64		I		64					M	0	0	1, 0, 4		0	1
205	205	816	816	1.0	0	0	2/2	4	1	V[I6		Eb	I	V	I6		I		6					M	0	0	4, 1, 0		0	4
205	205	817	817	1.0	1/4	1/4	2/2	4	1	vi6		Eb	I	V	vi6		vi		6					m	0	0	0, 4, 3		3	0
205	205	818	818	1.0	1/2	1/2	2/2	4	1	viio6(2)/V		Eb	I	V	viio6(2)/V		vii	o	6	2	V			o	0	0	3, 0, 1		6	3
205	205	819	819	1.0	3/4	3/4	2/2	4	1	viio6/V		Eb	I	V	viio6/V		vii	o	6		V			o	0	0	3, 0, 6		6	3
206	206	820	820	1.0	0	0	2/2	4	1	V6(2)		Eb	I	V	V6(2)		V		6	2				M	0	0	5, 2, 3		1	5
206	206	821	821	1.0	1/4	1/4	2/2	4	1	V6		Eb	I	V	V6		V		6					M	0	0	5, 2, 1		1	5
206	206	822	822	1.0	1/2	1/2	2/2	4	1	V6]		Eb	I	V	V6		V		6					M	0	0	5, 2, 1		1	5
206	206	823	823	1.0	3/4	3/4	2/2	4	1	I64		Eb	I		I64		I		64					M	0	0	1, 0, 4		0	1
207	207	824	824	1.0	0	0	2/2	4	1	I6		Eb	I		I6		I		6					M	0	0	4, 1, 0		0	4
207	207	825	825	1.0	1/4	1/4	2/2	4	1	viio6		Eb	I		viio6		vii	o	6					o	0	0	2, -1, 5		5	2
207	207	826	826	1.0	1/2	1/2	2/2	4	1	I		Eb	I		I		I							M	0	0	0, 4, 1		0	0
207	207	827	827	1.0	3/4	3/4	2/2	4	1	vi		Eb	I		vi		vi							m	0	0	3, 0, 4		3	3
208	208	828	828	1.0	0	0	2/2	4	1	IV(9)		Eb	I		IV(9)		IV			9				M	0	0	-1, 3, 0	1	-1	-1
208	208	829	829	0.5	1/4	1/4	2/2	4	1	ii		Eb	I		ii		ii							m	0	0	2, -1, 3		2	2
208	208	1659/2	1659/2	0.5	3/8	3/8	2/2	4	1	viio6		Eb	I		viio6		vii	o	6					o	0	0	2, -1, 5		5	2
208	208	830	830	1.0	1/2	1/2	2/2	4	1	I		Eb	I		I		I							M	0	0	0, 4, 1		0	0
208	208	831	831	1.0	3/4	3/4	2/2	4	1	I[I6		Eb	I	I	I6		I		6					M	0	0	4, 1, 0		0	4
209	209	832	832	2.0	0	0	2/2	4	1	IV		Eb	I	I	IV		IV							M	0	0	-1, 3, 0		-1	-1
209	209	834	834	1.0	1/2	1/2	2/2	4	1	V		Eb	I	I	V		V							M	0	0	1, 5, 2		1	1
209	209	835	835	0.5	3/4	3/4	2/2	4	1	IV6		Eb	I	I	IV6		IV		6					M	0	0	3, 0, -1		-1	3
209	209	1671/2	1671/2	0.5	7/8	7/8	2/2	4	1	viio		Eb	I	I	viio		vii	o						o	0	0	5, 2, -1		5	5
210	210	836	836	1.0	0	0	2/2	4	1	I		Eb	I	I	I		I							M	0	0	0, 4, 1		0	0
210	210	837	837	0.5	1/4	1/4	2/2	4	1	V7		Eb	I	I	V7		V		7					Mm7	0	0	1, 5, 2, -1		1	1
210	210	1675/2	1675/2	0.5	3/8	3/8	2/2	4	1	viio		Eb	I	I	viio		vii	o						o	0	0	5, 2, -1		5	5
210	210	838	838	1.0	1/2	1/2	2/2	4	1	I6]		Eb	I	I	I6		I		6					M	0	0	4, 1, 0		0	4
210	210	839	839	2.0	3/4	3/4	2/2	4	1	I6		Eb	I		I6		I		6					M	0	0	4, 1, 0		0	4
211	211	841	841	1.0	1/4	1/4	2/2	4	1	V[viio6		Eb	I	V	viio6		vii	o	6					o	0	0	2, -1, 5		5	2
211	211	842	842	3.0	1/2	1/2	2/2	4	1	I6		Eb	I	V	I6		I		6					M	0	0	4, 1, 0		0	4
212	212	845	845	1.0	1/4	1/4	2/2	4	1	viio6		Eb	I	V	viio6		vii	o	6					o	0	0	2, -1, 5		5	2
212	212	846	846	1.0	1/2	1/2	2/2	4	1	I		Eb	I	V	I		I							M	0	0	0, 4, 1		0	0
212	212	847	847	2.0	3/4	3/4	2/2	4	1	I6		Eb	I	V	I6		I		6					M	0	0	4, 1, 0		0	4
213	213	849	849	1.0	1/4	1/4	2/2	4	1	vi65		Eb	I	V	vi65		vi		65					mm7	0	0	0, 4, 1, 3		3	0
213	213	850	850	1.0	1/2	1/2	2/2	4	1	V		Eb	I	V	V		V							M	0	0	1, 5, 2		1	1
213	213	851	851	1.0	3/4	3/4	2/2	4	1	V64/V		Eb	I	V	V64/V		V		64		V			M	0	0	3, 2, 6		2	3
214	214	852	852	1.0	0	0	2/2	4	1	V2/V		Eb	I	V	V2/V		V		2		V			Mm7	0	0	0, 2, 6, 3		2	0
214	214	853	853	1.0	1/4	1/4	2/2	4	1	iii64		Eb	I	V	iii64		iii		64					m	0	0	5, 4, 1		4	5
214	214	854	854	1.0	1/2	1/2	2/2	4	1	V6		Eb	I	V	V6		V		6					M	0	0	5, 2, 1		1	5
214	214	855	855	2.0	3/4	3/4	2/2	4	1	I6		Eb	I	V	I6		I		6					M	0	0	4, 1, 0		0	4
215	215	857	857	1.0	1/4	1/4	2/2	4	1	V43		Eb	I	V	V43		V		43					Mm7	0	0	2, -1, 1, 5		1	2
215	215	858	858	2.0	1/2	1/2	2/2	4	1	I6		Eb	I	V	I6		I		6					M	0	0	4, 1, 0		0	4
216	216	860	860	2.0	0	0	2/2	4	1	I6]		Eb	I	V	I6		I		6					M	0	0	4, 1, 0		0	4
216	216	862	862	2.0	1/2	1/2	2/2	4	1	I		Eb	I		I		I							M	0	0	0, 4, 1		0	0
217	217	864	864	2.0	0	0	2/2	4	1	IV		Eb	I		IV		IV							M	0	0	-1, 3, 0		-1	-1
217	217	866	866	1.0	1/2	1/2	2/2	4	1	ii6		Eb	I		ii6		ii		6					m	0	0	-1, 3, 2		2	-1
217	217	867	867	1.0	3/4	3/4	2/2	4	1	V7		Eb	I		V7		V		7					Mm7	0	0	1, 5, 2, -1		1	1
218	218	868	868	1.0	0	0	2/2	4	1	V(64)		Eb	I		V(64)		V			64				M	0	0	1, 0, 4		1	1
218	218	869	869	1.0	1/4	1/4	2/2	4	1	V7		Eb	I		V7		V		7					Mm7	0	0	1, 5, 2, -1		1	1
218	218	870	870	1.0	1/2	1/2	2/2	4	1	I\\		Eb	I		I		I						\\	M	0	0	0, 4, 1		0	0
218	218	871	871	1.0	3/4	3/4	2/2	4	1	IV64		Eb	I		IV64		IV		64					M	0	0	0, -1, 3		-1	0
219	219	872	872	1.0	0	0	2/2	4	1	I[I6		Eb	I	I	I6		I		6					M	0	0	4, 1, 0		0	4
219	219	873	873	1.0	1/4	1/4	2/2	4	1	IV		Eb	I	I	IV		IV							M	0	0	-1, 3, 0		-1	-1
219	219	874	874	1.0	1/2	1/2	2/2	4	1	I6		Eb	I	I	I6		I		6					M	0	0	4, 1, 0		0	4
219	219	875	875	1.0	3/4	3/4	2/2	4	1	ii2		Eb	I	I	ii2		ii		2					mm7	0	0	0, 2, -1, 3		2	0
220	220	876	876	1.0	0	0	2/2	4	1	I		Eb	I	I	I		I							M	0	0	0, 4, 1		0	0
220	220	877	877	1.0	1/4	1/4	2/2	4	1	viio		Eb	I	I	viio		vii	o						o	0	0	5, 2, -1		5	5
220	220	878	878	1.0	1/2	1/2	2/2	4	1	IV6		Eb	I	I	IV6		IV		6					M	0	0	3, 0, -1		-1	3
220	220	879	879	1.0	3/4	3/4	2/2	4	1	I64		Eb	I	I	I64		I		64					M	0	0	1, 0, 4		0	1
221	221	880	880	1.0	0	0	2/2	4	1	IV		Eb	I	I	IV		IV							M	0	0	-1, 3, 0		-1	-1
221	221	881	881	1.0	1/4	1/4	2/2	4	1	I6]		Eb	I	I	I6		I		6					M	0	0	4, 1, 0		0	4
221	221	882	882	1.0	1/2	1/2	2/2	4	1	V43		Eb	I		V43		V		43					Mm7	0	0	2, -1, 1, 5		1	2
221	221	883	883	1.0	3/4	3/4	2/2	4	1	I		Eb	I		I		I							M	0	0	0, 4, 1		0	0
222	222	884	884	1.0	0	0	2/2	4	1	V		Eb	I		V		V							M	0	0	1, 5, 2		1	1
222	222	885	885	1.0	1/4	1/4	2/2	4	1	V(94)		Eb	I		V(94)		V			94				M	0	0	1, 0, 2	3	1	1
222	222	886	886	1.0	1/2	1/2	2/2	4	1	V\\		Eb	I		V		V						\\	M	0	0	1, 5, 2		1	1
222	222	887	887	1.0	3/4	3/4	2/2	4	1	V43		Eb	I		V43		V		43					Mm7	0	0	2, -1, 1, 5		1	2
223	223	888	888	1.0	0	0	2/2	4	1	I[I		Eb	I	I	I		I							M	0	0	0, 4, 1		0	0
223	223	889	889	1.0	1/4	1/4	2/2	4	1	IV		Eb	I	I	IV		IV							M	0	0	-1, 3, 0		-1	-1
223	223	890	890	1.0	1/2	1/2	2/2	4	1	I6		Eb	I	I	I6		I		6					M	0	0	4, 1, 0		0	4
223	223	891	891	1.0	3/4	3/4	2/2	4	1	viio6		Eb	I	I	viio6		vii	o	6					o	0	0	2, -1, 5		5	2
224	224	892	892	1.0	0	0	2/2	4	1	I		Eb	I	I	I		I							M	0	0	0, 4, 1		0	0
224	224	893	893	1.0	1/4	1/4	2/2	4	1	viio		Eb	I	I	viio		vii	o						o	0	0	5, 2, -1		5	5
224	224	894	894	1.0	1/2	1/2	2/2	4	1	IV6		Eb	I	I	IV6		IV		6					M	0	0	3, 0, -1		-1	3
224	224	895	895	1.0	3/4	3/4	2/2	4	1	I64		Eb	I	I	I64		I		64					M	0	0	1, 0, 4		0	1
225	225	896	896	1.0	0	0	2/2	4	1	IV(+2)		Eb	I	I	IV(+2)		IV			+2				M	0	0	-1, 3, 0	1	-1	-1
225	225	897	897	1.0	1/4	1/4	2/2	4	1	I6]		Eb	I	I	I6		I		6					M	0	0	4, 1, 0		0	4
225	225	898	898	1.0	1/2	1/2	2/2	4	1	V43		Eb	I		V43		V		43					Mm7	0	0	2, -1, 1, 5		1	2
225	225	899	899	1.0	3/4	3/4	2/2	4	1	I		Eb	I		I		I							M	0	0	0, 4, 1		0	0
226	226	900	900	1.0	0	0	2/2	4	1	V		Eb	I		V		V							M	0	0	1, 5, 2		1	1
226	226	901	901	1.0	1/4	1/4	2/2	4	1	vi		Eb	I		vi		vi							m	0	0	3, 0, 4		3	3
226	226	902	902	1.0	1/2	1/2	2/2	4	1	V		Eb	I		V		V							M	0	0	1, 5, 2		1	1
226	226	903	903	1.0	3/4	3/4	2/2	4	1	V7(9)		Eb	I		V7(9)		V		7	9				Mm7	0	0	1, 5, 2, -1	3	1	1
227	227	904	904	1.0	0	0	2/2	4	1	I6		Eb	I		I6		I		6					M	0	0	4, 1, 0		0	4
227	227	905	905	1.0	1/4	1/4	2/2	4	1	ii		Eb	I		ii		ii							m	0	0	2, -1, 3		2	2
227	227	906	906	1.0	1/2	1/2	2/2	4	1	I		Eb	I		I		I							M	0	0	0, 4, 1		0	0
227	227	907	907	1.0	3/4	3/4	2/2	4	1	V		Eb	I		V		V							M	0	0	1, 5, 2		1	1
228	228	908	908	4.0	0	0	2/2	4	1	I6		Eb	I		I6		I		6					M	0	0	4, 1, 0		0	4
229	229	912	912	1.0	0	0	2/2	4	1	vii%7		Eb	I		vii%7		vii	%	7					%7	0	0	5, 2, -1, 3		5	5
229	229	913	913	1.0	1/4	1/4	2/2	4	1	I		Eb	I		I		I							M	0	0	0, 4, 1		0	0
229	229	914	914	1.0	1/2	1/2	2/2	4	1	V65		Eb	I		V65		V		65					Mm7	0	0	5, 2, -1, 1		1	5
229	229	915	915	1.0	3/4	3/4	2/2	4	1	I	IV/V	Eb	I		I		I							M	0	0	0, 4, 1		0	0
230	230	916	916	1.0	0	0	2/2	4	1	V(64)/V		Eb	I		V(64)/V		V			64	V			M	0	0	2, 1, 5		2	2
230	230	917	917	1.0	1/4	1/4	2/2	4	1	V7/V		Eb	I		V7/V		V		7		V			Mm7	0	0	2, 6, 3, 0		2	2
230	230	918	918	1.0	1/2	1/2	2/2	4	1	V		Eb	I		V		V							M	0	0	1, 5, 2		1	1
230	230	919	919	1.0	3/4	3/4	2/2	4	1	viio2(+2)/V		Eb	I		viio2(+2)/V		vii	o	2	+2	V			o7	0	0	-3, 6, 3, 0	1	6	-3
231	231	920	920	4.0	0	0	2/2	4	1	I		Eb	I		I		I							M	0	0	0, 4, 1		0	0
232	232	924	924	2.0	0	0	2/2	4	1	IV		Eb	I		IV		IV							M	0	0	-1, 3, 0		-1	-1
232	232	926	926	2.0	1/2	1/2	2/2	4	1	IV6		Eb	I		IV6		IV		6					M	0	0	3, 0, -1		-1	3
233	233	928	928	4.0	0	0	2/2	4	1	V		Eb	I		V		V							M	0	0	1, 5, 2		1	1
234	234	932	932	2.0	0	0	2/2	4	1	I		Eb	I		I		I							M	0	0	0, 4, 1		0	0
234	234	934	934	3.0	1/2	1/2	2/2	4	1	I6		Eb	I		I6		I		6					M	0	0	4, 1, 0		0	4
235	235	937	937	4.0	1/4	1/4	2/2	4	1	ii		Eb	I		ii		ii							m	0	0	2, -1, 3		2	2
236	236	941	941	3.0	1/4	1/4	2/2	4	1	iii		Eb	I		iii		iii							m	0	0	4, 1, 5		4	4
237	237	944	944	12.0	0	0	2/2	4	1	V7/V		Eb	I		V7/V		V		7		V			Mm7	0	0	2, 6, 3, 0		2	2
240	240	956	956	1.0	0	0	2/2	4	1	I6		Eb	I		I6		I		6					M	0	0	4, 1, 0		0	4
240	240	957	957	1.0	1/4	1/4	2/2	4	1	IV		Eb	I		IV		IV							M	0	0	-1, 3, 0		-1	-1
240	240	958	958	1.0	1/2	1/2	2/2	4	1	V(64)		Eb	I		V(64)		V			64				M	0	0	1, 0, 4		1	1
240	240	959	959	1.0	3/4	3/4	2/2	4	1	V7		Eb	I		V7		V		7					Mm7	0	0	1, 5, 2, -1		1	1
241	241	960	960	12.0	0	0	2/2	4	1	V7/V		Eb	I		V7/V		V		7		V			Mm7	0	0	2, 6, 3, 0		2	2
244	244	972	972	1.0	0	0	2/2	4	1	I6		Eb	I		I6		I		6					M	0	0	4, 1, 0		0	4
244	244	973	973	1.0	1/4	1/4	2/2	4	1	IV		Eb	I		IV		IV							M	0	0	-1, 3, 0		-1	-1
244	244	974	974	1.0	1/2	1/2	2/2	4	1	V(64)		Eb	I		V(64)		V			64				M	0	0	1, 0, 4		1	1
244	244	975	975	1.0	3/4	3/4	2/2	4	1	V7		Eb	I		V7		V		7					Mm7	0	0	1, 5, 2, -1		1	1
245	245	976	976	4.0	0	0	2/2	4	1	viio		Eb	I		viio		vii	o						o	0	0	5, 2, -1		5	5
246	246	980	980	3.0	0	0	2/2	4	1	I		Eb	I		I		I							M	0	0	0, 4, 1		0	0
246	246	983	983	7.0	3/4	3/4	2/2	4	1	@none		Eb	I		@none		@none							m	0	0				
248	248	990	990	2.0	1/2	1/2	2/2	4	1	I		Eb	I		I		I							M	0	0	0, 4, 1		0	0
249	249	992	992	4.0	0	0	2/2	4	1	viio		Eb	I		viio		vii	o						o	0	0	5, 2, -1		5	5
250	250	996	996	4.0	0	0	2/2	4	1	I		Eb	I		I		I							M	0	0	0, 4, 1		0	0
251	251	1000	1000	4.0	0	0	2/2	4	1	V7		Eb	I		V7		V		7					Mm7	0	0	1, 5, 2, -1		1	1
252	252	1004	1004	4.0	0	0	2/2	4	1	#viio7/vi		Eb	I		#viio7/vi		#vii	o	7		vi			o7	0	0	8, 5, 2, -1		8	8
253	253	1008	1008	8.0	0	0	2/2	4	1	vi		Eb	I		vi		vi							m	0	0	3, 0, 4		3	3
255	255	1016	1016	4.0	0	0	2/2	4	1	VI		Eb	I		VI		VI							M	0	0	3, 7, 4		3	3
256	256	1020	1020	10.5	0	0	6/8	4	1	VI.I[I6		Eb	VI	I	I6		I		6					M	0	0	4, 1, 0		0	4
259	259	2061/2	2061/2	1.5	3/8	3/8	6/8	4	1	V7		Eb	VI	I	V7		V		7					Mm7	0	0	1, 5, 2, -1		1	1
260	260	1032	1032	1.5	0	0	6/8	4	1	I6		Eb	VI	I	I6		I		6					M	0	0	4, 1, 0		0	4
260	260	2067/2	2067/2	1.5	3/8	3/8	6/8	4	1	viio2/V]		Eb	VI	I	viio2/V		vii	o	2		V			o7	0	0	-3, 6, 3, 0		6	-3
261	261	1035	1035	0.5	0	0	6/8	4	1	vi.i		Eb	vi		i		i							m	0	1	0, -3, 1		0	0
261	261	2071/2	2071/2	2.5	1/8	1/8	6/8	4	1	VI		Eb	vi		VI		VI							M	0	1	-4, 0, -3		-4	-4
262	262	1038	1038	1.5	0	0	6/8	4	1	IV.I[I6		Eb	IV	I	I6		I		6					M	0	0	4, 1, 0		0	4
262	262	2079/2	2079/2	1.5	3/8	3/8	6/8	4	1	V7		Eb	IV	I	V7		V		7					Mm7	0	0	1, 5, 2, -1		1	1
263	263	1041	1041	1.5	0	0	6/8	4	1	I6		Eb	IV	I	I6		I		6					M	0	0	4, 1, 0		0	4
263	263	2085/2	2085/2	1.3333333333332575	3/8	3/8	6/8	4	1	viio7/V		Eb	IV	I	viio7/V		vii	o	7		V			o7	0	0	6, 3, 0, -3		6	6
263	263	6263/6	6263/6	0.16666666666674246	17/24	17/24	6/8	4	1	viio7/V]		Eb	IV	I	viio7/V		vii	o	7		V			o7	0	0	6, 3, 0, -3		6	6
264	264	1044	1044	0.5	0	0	6/8	4	1	#iv.viio		Eb	#iv		viio		vii	o						o	0	1	-2, -5, -8		-2	-2
264	264	2089/2	2089/2	2.5	1/8	1/8	6/8	4	1	V7(+2)		Eb	#iv		V7(+2)		V		7	+2				Mm7	0	1	1, 5, 2, -1	-4	1	1
265	265	1047	1047	6.0	0	0	6/8	4	1	V		Eb	#iv		V		V							M	0	1	1, 5, 2		1	1
267	267	1053	1053	2.0	0	0	6/8	4	1	I.I		Eb	I		I		I							M	0	0	0, 4, 1		0	0
267	267	1055	1055	1.0	1/2	1/2	6/8	4	1	I(64)		Eb	I		I(64)		I			64				M	0	0	0, -1, 3		0	0
268	268	1056	1056	2.0	0	0	6/8	4	1	I(94)		Eb	I		I(94)		I			94				M	0	0	0, -1, 1	2	0	0
268	268	1058	1058	2.5	1/2	1/2	6/8	4	1	I		Eb	I		I		I							M	0	0	0, 4, 1		0	0
269	269	2121/2	2121/2	0.5	3/8	3/8	6/8	4	1	V7(6)		Eb	I		V7(6)		V		7	6				Mm7	0	0	1, 5, 4, -1		1	1
269	269	1061	1061	1.0	1/2	1/2	6/8	4	1	V7		Eb	I		V7		V		7					Mm7	0	0	1, 5, 2, -1		1	1
270	270	1062	1062	1.5	0	0	6/8	4	1	I		Eb	I		I		I							M	0	0	0, 4, 1		0	0
270	270	2127/2	2127/2	1.5	3/8	3/8	6/8	4	1	V65/V		Eb	I		V65/V		V		65		V			Mm7	0	0	6, 3, 0, 2		2	6
271	271	1065	1065	0.5	0	0	6/8	4	1	I6		Eb	I		I6		I		6					M	0	0	4, 1, 0		0	4
271	271	2131/2	2131/2	1.5	1/8	1/8	6/8	4	1	I+6		Eb	I		I+6		I	+	6					+	0	0	4, 8, 0		0	4
271	271	1067	1067	1.5	1/2	1/2	6/8	4	1	IV6		Eb	I		IV6		IV		6					M	0	0	3, 0, -1		-1	3
272	272	2137/2	2137/2	1.5	1/8	1/8	6/8	4	1	viio6/iii		Eb	I		viio6/iii		vii	o	6		iii			o	0	0	-1, -4, 2		2	-1
272	272	1070	1070	1.0	1/2	1/2	6/8	4	1	I64		Eb	I		I64		I		64					M	0	0	1, 0, 4		0	1
273	273	1071	1071	0.5	0	0	6/8	4	1	I6		Eb	I		I6		I		6					M	0	0	4, 1, 0		0	4
273	273	2143/2	2143/2	1.5	1/8	1/8	6/8	4	1	I+64		Eb	I		I+64		I	+	64					+	0	0	8, 0, 4		0	8
273	273	1073	1073	1.0	1/2	1/2	6/8	4	1	IV6		Eb	I		IV6		IV		6					M	0	0	3, 0, -1		-1	3
274	274	1074	1074	0.5	0	0	6/8	4	1	ii65		Eb	I		ii65		ii		65					mm7	0	0	-1, 3, 0, 2		2	-1
274	274	2149/2	2149/2	1.5	1/8	1/8	6/8	4	1	#viio65/iii		Eb	I		#viio65/iii		#vii	o	65		iii			o7	0	0	6, 3, 0, 9		9	6
274	274	1076	1076	1.0	1/2	1/2	6/8	4	1	I64		Eb	I		I64		I		64					M	0	0	1, 0, 4		0	1
275	275	1077	1077	0.5	0	0	6/8	4	1	i6		Eb	I		i6		i		6					m	0	0	-3, 1, 0		0	-3
275	275	2155/2	2155/2	1.5	1/8	1/8	6/8	4	1	I+6		Eb	I		I+6		I	+	6					+	0	0	4, 8, 0		0	4
275	275	1079	1079	1.0	1/2	1/2	6/8	4	1	IV		Eb	I		IV		IV							M	0	0	-1, 3, 0		-1	-1
276	276	1080	1080	0.5	0	0	6/8	4	1	V7/V		Eb	I		V7/V		V		7		V			Mm7	0	0	2, 6, 3, 0		2	2
276	276	2161/2	2161/2	1.0	1/8	1/8	6/8	4	1	#viio7/iii		Eb	I		#viio7/iii		#vii	o	7		iii			o7	0	0	9, 6, 3, 0		9	9
276	276	2163/2	2163/2	1.5	3/8	3/8	6/8	4	1	I6		Eb	I		I6		I		6					M	0	0	4, 1, 0		0	4
277	277	1083	1083	3.0	0	0	6/8	4	1	I[I6		Eb	I	I	I6		I		6					M	0	0	4, 1, 0		0	4
278	278	1086	1086	1.5	0	0	6/8	4	1	I64		Eb	I	I	I64		I		64					M	0	0	1, 0, 4		0	1
278	278	2175/2	2175/2	1.5	3/8	3/8	6/8	4	1	viio2/V		Eb	I	I	viio2/V		vii	o	2		V			o7	0	0	-3, 6, 3, 0		6	-3
279	279	1089	1089	6.0	0	0	6/8	4	1	V7		Eb	I	I	V7		V		7					Mm7	0	0	1, 5, 2, -1		1	1
281	281	1095	1095	1.5	0	0	6/8	4	1	I]		Eb	I	I	I		I							M	0	0	0, 4, 1		0	0
281	281	2193/2	2193/2	1.5	3/8	3/8	6/8	4	1	V43		Eb	I		V43		V		43					Mm7	0	0	2, -1, 1, 5		1	2
282	282	1098	1098	1.5	0	0	6/8	4	1	I6		Eb	I		I6		I		6					M	0	0	4, 1, 0		0	4
282	282	2199/2	2199/2	1.5	3/8	3/8	6/8	4	1	V7/V		Eb	I		V7/V		V		7		V			Mm7	0	0	2, 6, 3, 0		2	2
283	283	1101	1101	6.0	0	0	6/8	4	1	V43		Eb	I		V43		V		43					Mm7	0	0	2, -1, 1, 5		1	2
285	285	1107	1107	0.5	0	0	6/8	4	1	I6		Eb	I		I6		I		6					M	0	0	4, 1, 0		0	4
285	285	2215/2	2215/2	1.0	1/8	1/8	6/8	4	1	IV		Eb	I		IV		IV							M	0	0	-1, 3, 0		-1	-1
285	285	2217/2	2217/2	0.5	3/8	3/8	6/8	4	1	V(64)		Eb	I		V(64)		V			64				M	0	0	1, 0, 4		1	1
285	285	1109	1109	1.0	1/2	1/2	6/8	4	1	V7		Eb	I		V7		V		7					Mm7	0	0	1, 5, 2, -1		1	1
286	286	1110	1110	0.5	0	0	6/8	4	1	I6		Eb	I		I6		I		6					M	0	0	4, 1, 0		0	4
286	286	2221/2	2221/2	1.0	1/8	1/8	6/8	4	1	IV		Eb	I		IV		IV							M	0	0	-1, 3, 0		-1	-1
286	286	2223/2	2223/2	0.5	3/8	3/8	6/8	4	1	V(64)		Eb	I		V(64)		V			64				M	0	0	1, 0, 4		1	1
286	286	1112	1112	2.5	1/2	1/2	6/8	4	1	V7		Eb	I		V7		V		7					Mm7	0	0	1, 5, 2, -1		1	1
287	287	2229/2	2229/2	0.5	3/8	3/8	6/8	4	1	I		Eb	I		I		I							M	0	0	0, 4, 1		0	0
287	287	1115	1115	1.0	1/2	1/2	6/8	4	1	V43		Eb	I		V43		V		43					Mm7	0	0	2, -1, 1, 5		1	2
288	288	1116	1116	0.5	0	0	6/8	4	1	I6		Eb	I		I6		I		6					M	0	0	4, 1, 0		0	4
288	288	2233/2	2233/2	1.0	1/8	1/8	6/8	4	1	IV		Eb	I		IV		IV							M	0	0	-1, 3, 0		-1	-1
288	288	2235/2	2235/2	0.5	3/8	3/8	6/8	4	1	I+64		Eb	I		I+64		I	+	64					+	0	0	8, 0, 4		0	8
288	288	1118	1118	1.0	1/2	1/2	6/8	4	1	V7		Eb	I		V7		V		7					Mm7	0	0	1, 5, 2, -1		1	1
289	289	1119	1119	1.0	0	0	6/8	4	1	I[I6		Eb	I	I	I6		I		6					M	0	0	4, 1, 0		0	4
289	289	1120	1120	1.0	1/4	1/4	6/8	4	1	IV		Eb	I	I	IV		IV							M	0	0	-1, 3, 0		-1	-1
289	289	1121	1121	1.0	1/2	1/2	6/8	4	1	V43		Eb	I	I	V43		V		43					Mm7	0	0	2, -1, 1, 5		1	2
290	290	1122	1122	3.0	0	0	6/8	4	1	I]		Eb	I	I	I		I							M	0	0	0, 4, 1		0	0
291	291	1125	1125	2.0	0	0	6/8	4	1	I\\		Eb	I		I		I						\\	M	0	0	0, 4, 1		0	0
291	291	1127	1127	1.5	1/2	1/2	6/8	4	1	V		Eb	I		V		V							M	0	0	1, 5, 2		1	1
292	292	2257/2	2257/2	1.5	1/8	1/8	6/8	4	1	I		Eb	I		I		I							M	0	0	0, 4, 1		0	0
292	292	1130	1130	1.0	1/2	1/2	6/8	4	1	V		Eb	I		V		V							M	0	0	1, 5, 2		1	1
293	293	1131	1131	3.0	0	0	6/8	4	1	I6		Eb	I		I6		I		6					M	0	0	4, 1, 0		0	4
294	294	1134	1134	1.5	0	0	6/8	4	1	I		Eb	I		I		I							M	0	0	0, 4, 1		0	0
294	294	2271/2	2271/2	1.5	3/8	3/8	6/8	4	1	V2		Eb	I		V2		V		2					Mm7	0	0	-1, 1, 5, 2		1	-1
295	295	1137	1137	3.0	0	0	6/8	4	1	I6		Eb	I		I6		I		6					M	0	0	4, 1, 0		0	4
296	296	1140	1140	1.5	0	0	6/8	4	1	I		Eb	I		I		I							M	0	0	0, 4, 1		0	0
296	296	2283/2	2283/2	1.5	3/8	3/8	6/8	4	1	viio43/V		Eb	I		viio43/V		vii	o	43		V			o7	0	0	0, -3, 6, 3		6	0
297	297	1143	1143	1.5	0	0	6/8	4	1	I		Eb	I		I		I							M	0	0	0, 4, 1		0	0
297	297	2289/2	2289/2	1.5	3/8	3/8	6/8	4	1	viio43/V		Eb	I		viio43/V		vii	o	43		V			o7	0	0	0, -3, 6, 3		6	0
298	298	1146	1146	3.0	0	0	6/8	4	1	V		Eb	I		V		V							M	0	0	1, 5, 2		1	1
299	299	1149	1149	3.0	0	0	6/8	4	1	I\\		Eb	I		I		I						\\	M	0	0	0, 4, 1		0	0
