mc	mn	mc_onset	mn_onset	timesig	staff	voice	label	globalkey	localkey	pedal	chord	numeral	form	figbass	changes	relativeroot	pedalend	phraseend	chord_type	globalkey_is_minor	localkey_is_minor	chord_tones	added_tones	root	bass_note
1	1	0	0	3/4	1	1	.A.I	A	I		I	I							M	0	0	0, 4, 1		0	0
2	2	1/4	1/4	3/4	1	1	IV	A	I		IV	IV							M	0	0	-1, 3, 0		-1	-1
3	3	1/4	1/4	3/4	1	1	V/V	A	I		V/V	V				V			M	0	0	2, 6, 3		2	2
4	4	1/4	1/4	3/4	1	1	V	A	I		V	V							M	0	0	1, 5, 2		1	1
5	5	0	0	3/4	1	1	I	A	I		I	I							M	0	0	0, 4, 1		0	0
5	5	1/2	1/2	3/4	1	1	I6(2)	A	I		I6(2)	I		6	2				M	0	0	4, 1, 2		0	4
5	5	5/8	5/8	3/4	1	1	I6	A	I		I6	I		6					M	0	0	4, 1, 0		0	4
6	6	0	0	3/4	1	1	III	A	I		III	III							M	0	0	4, 8, 5		4	4
6	6	1/4	1/4	3/4	1	1	IV	A	I		IV	IV							M	0	0	-1, 3, 0		-1	-1
7	7	0	0	3/4	1	1	ii	A	I		ii	ii							m	0	0	2, -1, 3		2	2
7	7	1/2	1/2	3/4	1	1	ii6	A	I		ii6	ii		6					m	0	0	-1, 3, 2		2	-1
8	8	0	0	3/4	1	1	#viio/V	A	I		#viio/V	#vii	o			V			o	0	0	13, 10, 7		13	13
8	8	1/4	1/4	3/4	1	1	V	A	I		V	V							M	0	0	1, 5, 2		1	1
9	9	0	0	3/4	1	1	iii	A	I		iii	iii							m	0	0	4, 1, 5		4	4
9	9	1/2	1/2	3/4	1	1	iii6	A	I		iii6	iii		6					m	0	0	1, 5, 4		4	1
10	10	0	0	3/4	1	1	#viio/vi	A	I		#viio/vi	#vii	o			vi			o	0	0	8, 5, 2		8	8
10	10	1/4	1/4	3/4	1	1	vi	A	I		vi	vi							m	0	0	3, 0, 4		3	3
11	11	0	0	3/4	1	1	#io65	A	I		#io65	#i	o	65					o7	0	0	4, 1, -2, 7		7	4
11	11	1/4	1/4	3/4	1	1	V65/V	A	I		V65/V	V		65		V			Mm7	0	0	6, 3, 0, 2		2	6
12	12	1/4	1/4	3/4	1	1	V	A	I		V	V							M	0	0	1, 5, 2		1	1
13	13	1/2	1/2	3/4	1	1	V6	A	I		V6	V		6					M	0	0	5, 2, 1		1	5
14	14	0	0	3/4	1	1	V+6(#7)	A	I		V+6(#7)	V	+	6	#7				+	0	0	5, 9, 6		1	5
14	14	1/4	1/4	3/4	1	1	I	A	I		I	I							M	0	0	0, 4, 1		0	0
15	15	0	0	3/4	1	1	V.ii	A	V		ii	ii							m	0	0	2, -1, 3		2	2
15	15	1/2	1/2	3/4	1	1	ii6	A	V		ii6	ii		6					m	0	0	-1, 3, 2		2	-1
16	16	0	0	3/4	1	1	#viio/V	A	V		#viio/V	#vii	o			V			o	0	0	13, 10, 7		13	13
16	16	1/4	1/4	3/4	1	1	V	A	V		V	V							M	0	0	1, 5, 2		1	1
17	17	0	0	3/4	1	1	I	A	V		I	I							M	0	0	0, 4, 1		0	0
17	17	1/2	1/2	3/4	1	1	I6	A	V		I6	I		6					M	0	0	4, 1, 0		0	4
18	18	0	0	3/4	1	1	V+(#7)/IV	A	V		V+(#7)/IV	V	+		#7	IV			+	0	0	0, 4, 8	5	0	0
18	18	1/4	1/4	3/4	1	1	IV	A	V		IV	IV							M	0	0	-1, 3, 0		-1	-1
18	18	1/2	1/2	3/4	1	1	V6/ii	A	V		V6/ii	V		6		ii			M	0	0	7, 4, 3		3	7
19	19	0	0	3/4	1	1	V7/ii	A	V		V7/ii	V		7		ii			Mm7	0	0	3, 7, 4, 1		3	3
19	19	1/4	1/4	3/4	1	1	ii	A	V		ii	ii							m	0	0	2, -1, 3		2	2
19	19	1/2	1/2	3/4	1	1	V6	A	V		V6	V		6					M	0	0	5, 2, 1		1	5
20	20	0	0	3/4	1	1	V7	A	V		V7	V		7					Mm7	0	0	1, 5, 2, -1		1	1
20	20	1/4	1/4	3/4	1	1	I	A	V		I	I							M	0	0	0, 4, 1		0	0
21	21	0	0	3/4	1	1	V6(+#4)	A	V		V6(+#4)	V		6	+#4				M	0	0	5, 2, 1	7	1	5
21	21	1/4	1/4	3/4	1	1	V7	A	V		V7	V		7					Mm7	0	0	1, 5, 2, -1		1	1
22	22	1/4	1/4	3/4	1	1	I\\	A	V		I	I						\\	M	0	0	0, 4, 1		0	0
23	23	1/4	1/4	3/4	1	1	V	A	V		V	V							M	0	0	1, 5, 2		1	1
23	23	1/2	1/2	3/4	1	1	.bIII.V	A	bIII		V	V							M	0	0	1, 5, 2		1	1
25	25	1/4	1/4	3/4	1	1	I	A	bIII		I	I							M	0	0	0, 4, 1		0	0
26	26	1/4	1/4	3/4	1	1	V	A	bIII		V	V							M	0	0	1, 5, 2		1	1
27	27	1/4	1/4	3/4	1	1	I	A	bIII		I	I							M	0	0	0, 4, 1		0	0
28	28	0	0	3/4	1	1	IV	A	bIII		IV	IV							M	0	0	-1, 3, 0		-1	-1
28	28	1/4	1/4	3/4	1	1	V7(9)	A	bIII		V7(9)	V		7	9				Mm7	0	0	1, 5, 2, -1	3	1	1
28	28	1/2	1/2	3/4	1	1	viio	A	bIII		viio	vii	o						o	0	0	5, 2, -1		5	5
29	29	0	0	3/4	1	1	I6(72)	A	bIII		I6(72)	I		6	72				M	0	0	4, 1, 2		0	4
29	29	1/4	1/4	3/4	1	1	I6	A	bIII		I6	I		6					M	0	0	4, 1, 0		0	4
29	29	1/2	1/2	3/4	1	1	I	A	bIII		I	I							M	0	0	0, 4, 1		0	0
30	30	0	0	3/4	1	1	IV64	A	bIII		IV64	IV		64					M	0	0	0, -1, 3		-1	0
30	30	1/4	1/4	3/4	1	1	vii%7	A	bIII		vii%7	vii	%	7					%7	0	0	5, 4, 11, 3		5	5
30	30	5/8	5/8	3/4	1	1	viio	A	bIII		viio	vii	o						o	0	0	5, 2, -1		5	5
31	31	0	0	3/4	1	1	I6(72)	A	bIII		I6(72)	I		6	72				M	0	0	4, 1, 2		0	4
31	31	1/4	1/4	3/4	1	1	I6	A	bIII		I6	I		6					M	0	0	4, 1, 0		0	4
31	31	1/2	1/2	3/4	1	1	I	A	bIII		I	I							M	0	0	0, 4, 1		0	0
32	32	0	0	3/4	1	1	.bII.I	A	bII		I	I							M	0	0	0, 4, 1		0	0
32	32	1/4	1/4	3/4	1	1	vii%43	A	bII		vii%43	vii	%	43					%7	0	0	11, 3, 5, 4		5	11
32	32	1/2	1/2	3/4	1	1	V6	A	bII		V6	V		6					M	0	0	5, 2, 1		1	5
32	32	5/8	5/8	3/4	1	1	vi	A	bII		vi	vi							m	0	0	3, 0, 4		3	3
33	33	0	0	3/4	1	1	V6	A	bII		V6	V		6					M	0	0	5, 2, 1		1	5
33	33	1/2	1/2	3/4	1	1	V	A	bII		V	V							M	0	0	1, 5, 2		1	1
34	34	0	0	3/4	1	1	viio6	A	bII		viio6	vii	o	6					o	0	0	2, -1, 5		5	2
34	34	1/4	1/4	3/4	1	1	I6	A	bII		I6	I		6					M	0	0	4, 1, 0		0	4
35	35	0	0	3/4	1	1	vi	A	bII		vi	vi							m	0	0	3, 0, 4		3	3
36	36	0	0	3/4	1	1	.bVI.viio/V	A	bVI		viio/V	vii	o			V			o	0	0	6, 3, 0		6	6
36	36	1/4	1/4	3/4	1	1	V	A	bVI		V	V							M	0	0	1, 5, 2		1	1
36	36	1/2	1/2	3/4	1	1	V43/V	A	bVI		V43/V	V		43		V			Mm7	0	0	3, 0, 2, 6		2	3
36	36	5/8	5/8	3/4	1	1	V	A	bVI		V	V							M	0	0	1, 5, 2		1	1
37	37	0	0	3/4	1	1	I	A	bVI		I	I							M	0	0	0, 4, 1		0	0
37	37	1/2	1/2	3/4	1	1	I6(112)	A	bVI		I6(112)	I		6	112				M	0	0	4, 1, 2	-1	0	4
37	37	5/8	5/8	3/4	1	1	I6	A	bVI		I6	I		6					M	0	0	4, 1, 0		0	4
38	38	0	0	3/4	1	1	IV(116)	A	bVI		IV(116)	IV			116				M	0	0	-1, 3, 2	5	-1	-1
38	38	1/4	1/4	3/4	1	1	IV	A	bVI		IV	IV							M	0	0	-1, 3, 0		-1	-1
38	38	1/2	1/2	3/4	1	1	ii	A	bVI		ii	ii							m	0	0	2, -1, 3		2	2
39	39	0	0	3/4	1	1	viio	A	bVI		viio	vii	o						o	0	0	5, 2, -1		5	5
40	40	0	0	3/4	1	1	I(119)	A	bVI		I(119)	I			119				M	0	0	0, 4, 1	-1, 2	0	0
40	40	1/4	1/4	3/4	1	1	I	A	bVI		I	I							M	0	0	0, 4, 1		0	0
40	40	1/2	1/2	3/4	1	1	vi	A	bVI		vi	vi							m	0	0	3, 0, 4		3	3
41	41	0	0	3/4	1	1	IVM7	A	bVI		IVM7	IV	M	7					MM7	0	0	-1, 3, 0, 4		-1	-1
41	41	1/4	1/4	3/4	1	1	ii7	A	bVI		ii7	ii		7					mm7	0	0	2, -1, 3, 0		2	2
41	41	1/2	1/2	3/4	1	1	V	A	bVI		V	V							M	0	0	1, 5, 2		1	1
42	42	0	0	3/4	1	1	V65/ii	A	bVI		V65/ii	V		65		ii			Mm7	0	0	7, 4, 1, 3		3	7
42	42	1/4	1/4	3/4	1	1	ii	A	bVI		ii	ii							m	0	0	2, -1, 3		2	2
42	42	1/2	1/2	3/4	1	1	V7	A	bVI		V7	V		7					Mm7	0	0	1, 5, 2, -1		1	1
43	43	0	0	3/4	1	1	I	A	bVI		I	I							M	0	0	0, 4, 1		0	0
43	43	1/4	1/4	3/4	1	1	V65/bVII	A	bVI		V65/bVII	V		65		bVII			Mm7	0	0	3, 0, -3, -1		-1	3
43	43	1/2	1/2	3/4	1	1	viio	A	bVI		viio	vii	o						o	0	0	5, 2, -1		5	5
44	44	0	0	3/4	1	1	V65/vi	A	bVI		V65/vi	V		65		vi			Mm7	0	0	8, 5, 2, 4		4	8
44	44	1/4	1/4	3/4	1	1	vi	A	bVI		vi	vi							m	0	0	3, 0, 4		3	3
44	44	1/2	1/2	3/4	1	1	V65/V	A	bVI		V65/V	V		65		V			Mm7	0	0	6, 3, 0, 2		2	6
45	45	0	0	3/4	1	1	V	A	bVI		V	V							M	0	0	1, 5, 2		1	1
45	45	1/4	1/4	3/4	1	1	.bIII.IV6(+7)	A	bIII		IV6(+7)	IV		6	+7				M	0	0	3, 0, -1	4	-1	3
45	45	1/2	1/2	3/4	1	1	V7	A	bIII		V7	V		7					Mm7	0	0	1, 5, 2, -1		1	1
49	49	0	0	3/4	1	1	V(64)	A	bIII		V(64)	V			64				M	0	0	1, 0, 4		1	1
50	50	0	0	3/4	1	1	V43	A	bIII		V43	V		43					Mm7	0	0	2, -1, 1, 5		1	2
51	51	0	0	3/4	1	1	I6	A	bIII		I6	I		6					M	0	0	4, 1, 0		0	4
52	52	0	0	3/4	1	1	I	A	bIII		I	I							M	0	0	0, 4, 1		0	0
53	53	0	0	3/4	1	1	I+6	A	bIII		I+6	I	+	6					+	0	0	4, 8, 0		0	4
53	53	1/4	1/4	3/4	1	1	IV	A	bIII		IV	IV							M	0	0	-1, 3, 0		-1	-1
53	53	1/2	1/2	3/4	1	1	vi	A	bIII		vi	vi							m	0	0	3, 0, 4		3	3
54	54	0	0	3/4	1	1	V65/ii	A	bIII		V65/ii	V		65		ii			Mm7	0	0	7, 4, 1, 3		3	7
54	54	1/4	1/4	3/4	1	1	ii	A	bIII		ii	ii							m	0	0	2, -1, 3		2	2
55	55	0	0	3/4	1	1	V7	A	bIII		V7	V		7					Mm7	0	0	1, 5, 2, -1		1	1
55	55	1/4	1/4	3/4	1	1	I64	A	bIII		I64	I		64					M	0	0	1, 0, 4		0	1
55	55	1/2	1/2	3/4	1	1	ii6	A	bIII		ii6	ii		6					m	0	0	-1, 3, 2		2	-1
55	55	5/8	5/8	3/4	1	1	iii	A	bIII		iii	iii							m	0	0	4, 1, 5		4	4
56	56	0	0	3/4	1	1	V7	A	bIII		V7	V		7					Mm7	0	0	1, 5, 2, -1		1	1
56	56	1/4	1/4	3/4	1	1	I64	A	bIII		I64	I		64					M	0	0	1, 0, 4		0	1
56	56	1/2	1/2	3/4	1	1	vii%43	A	bIII		vii%43	vii	%	43					%7	0	0	11, 3, 5, 4		5	11
56	56	5/8	5/8	3/4	1	1	I6	A	bIII		I6	I		6					M	0	0	4, 1, 0		0	4
57	57	0	0	3/4	1	1	V65	A	bIII		V65	V		65					Mm7	0	0	5, 2, -1, 1		1	5
57	57	1/4	1/4	3/4	1	1	I	A	bIII		I	I							M	0	0	0, 4, 1		0	0
57	57	1/2	1/2	3/4	1	1	V7/vi	A	bIII		V7/vi	V		7		vi			Mm7	0	0	4, 8, 5, 2		4	4
58	58	0	0	3/4	1	1	V65/vi	A	bIII		V65/vi	V		65		vi			Mm7	0	0	8, 5, 2, 4		4	8
58	58	1/4	1/4	3/4	1	1	vi	A	bIII		vi	vi							m	0	0	3, 0, 4		3	3
58	58	1/2	1/2	3/4	1	1	i.V(6)	A	i		V(6)	V			6				M	0	1	1, 5, -3		1	1
58	58	5/8	5/8	3/4	1	1	V	A	i		V	V							M	0	1	1, 5, 2		1	1
59	59	0	0	3/4	1	1	V65	A	i		V65	V		65					Mm7	0	1	5, 2, -1, 1		1	5
59	59	1/4	1/4	3/4	1	1	i	A	i		i	i							m	0	1	0, -3, 1		0	0
59	59	1/2	1/2	3/4	1	1	i6	A	i		i6	i		6					m	0	1	-3, 1, 0		0	-3
60	60	0	0	3/4	1	1	V	A	i		V	V							M	0	1	1, 5, 2		1	1
60	60	1/4	1/4	3/4	1	1	VI	A	i		VI	VI							M	0	1	-4, 0, -3		-4	-4
61	61	0	0	3/4	1	1	V	A	i		V	V							M	0	1	1, 5, 2		1	1
61	61	1/4	1/4	3/4	1	1	VI	A	i		VI	VI							M	0	1	-4, 0, -3		-4	-4
61	61	1/2	1/2	3/4	1	1	i6	A	i		i6	i		6					m	0	1	-3, 1, 0		0	-3
62	62	0	0	3/4	1	1	V	A	i		V	V							M	0	1	1, 5, 2		1	1
62	62	1/4	1/4	3/4	1	1	VI	A	i		VI	VI							M	0	1	-4, 0, -3		-4	-4
62	62	1/2	1/2	3/4	1	1	V/iv	A	i		V/iv	V				iv			M	0	1	0, 4, 1		0	0
63	63	0	0	3/4	1	1	V65/iv	A	i		V65/iv	V		65		iv			Mm7	0	1	4, 1, -2, 0		0	4
63	63	1/4	1/4	3/4	1	1	iv6	A	i		iv6	iv		6					m	0	1	-4, 0, -1		-1	-4
63	63	1/2	1/2	3/4	1	1	i	A	i		i	i							m	0	1	0, -3, 1		0	0
64	64	0	0	3/4	1	1	#viio6/iv	A	i		#viio6/iv	#vii	o	6		iv			o	0	1	1, -2, 4		4	1
64	64	1/4	1/4	3/4	1	1	iv6	A	i		iv6	iv		6					m	0	1	-4, 0, -1		-1	-4
64	64	1/2	1/2	3/4	1	1	VI	A	i		VI	VI							M	0	1	-4, 0, -3		-4	-4
65	65	0	0	3/4	1	1	#viio/iv	A	i		#viio/iv	#vii	o			iv			o	0	1	4, 1, -2		4	4
65	65	1/4	1/4	3/4	1	1	iv	A	i		iv	iv							m	0	1	-1, -4, 0		-1	-1
66	66	0	0	3/4	1	1	i	A	i		i	i							m	0	1	0, -3, 1		0	0
66	66	1/4	1/4	3/4	1	1	#viio	A	i		#viio	#vii	o						o	0	1	5, 2, -1		5	5
67	67	1/4	1/4	3/4	1	1	i	A	i		i	i							m	0	1	0, -3, 1		0	0
68	68	0	0	3/4	1	1	#viio	A	i		#viio	#vii	o						o	0	1	5, 2, -1		5	5
68	68	1/4	1/4	3/4	1	1	i	A	i		i	i							m	0	1	0, -3, 1		0	0
68	68	1/2	1/2	3/4	1	1	I.I6	A	I		I6	I		6					M	0	0	4, 1, 0		0	4
69	69	0	0	3/4	1	1	viio	A	I		viio	vii	o						o	0	0	5, 2, -1		5	5
69	69	1/4	1/4	3/4	1	1	I	A	I		I	I							M	0	0	0, 4, 1		0	0
70	70	0	0	3/4	1	1	viio6	A	I		viio6	vii	o	6					o	0	0	2, -1, 5		5	2
70	70	1/4	1/4	3/4	1	1	I	A	I		I	I							M	0	0	0, 4, 1		0	0
70	70	1/2	1/2	3/4	1	1	#viio64/V	A	I		#viio64/V	#vii	o	64		V			o	0	0	7, 13, 10		13	7
71	71	0	0	3/4	1	1	V6(6#4)	A	I		V6(6#4)	V		6	6#4				M	0	0	5, 7, 1		1	5
71	71	1/4	1/4	3/4	1	1	V65	A	I		V65	V		65					Mm7	0	0	5, 2, -1, 1		1	5
71	71	1/2	1/2	3/4	1	1	I	A	I		I	I							M	0	0	0, 4, 1		0	0
72	72	1/2	1/2	3/4	1	1	I6(9)	A	I		I6(9)	I		6	9				M	0	0	4, 1, 0	2	0	4
72	72	5/8	5/8	3/4	1	1	I6	A	I		I6	I		6					M	0	0	4, 1, 0		0	4
73	73	0	0	3/4	1	1	III(+6)	A	I		III(+6)	III			+6				M	0	0	4, 8, 5	0	4	4
73	73	1/8	1/8	3/4	1	1	III	A	I		III	III							M	0	0	4, 8, 5		4	4
73	73	1/4	1/4	3/4	1	1	IV	A	I		IV	IV							M	0	0	-1, 3, 0		-1	-1
73	73	1/2	1/2	3/4	1	1	IV6	A	I		IV6	IV		6					M	0	0	3, 0, -1		-1	3
74	74	0	0	3/4	1	1	#viio(4)/ii	A	I		#viio(4)/ii	#vii	o		4	ii			o	0	0	7, -1, 1		7	7
74	74	1/4	1/4	3/4	1	1	ii	A	I		ii	ii							m	0	0	2, -1, 3		2	2
74	74	1/2	1/2	3/4	1	1	ii6(2)	A	I		ii6(2)	ii		6	2				m	0	0	-1, 3, 4		2	-1
74	74	5/8	5/8	3/4	1	1	ii6	A	I		ii6	ii		6					m	0	0	-1, 3, 2		2	-1
75	75	0	0	3/4	1	1	V65/V	A	I		V65/V	V		65		V			Mm7	0	0	6, 3, 0, 2		2	6
75	75	1/4	1/4	3/4	1	1	V	A	I		V	V							M	0	0	1, 5, 2		1	1
75	75	1/2	1/2	3/4	1	1	V6	A	I		V6	V		6					M	0	0	5, 2, 1		1	5
76	76	0	0	3/4	1	1	I6	A	I		I6	I		6					M	0	0	4, 1, 0		0	4
76	76	1/4	1/4	3/4	1	1	I	A	I		I	I							M	0	0	0, 4, 1		0	0
76	76	1/2	1/2	3/4	1	1	I6	A	I		I6	I		6					M	0	0	4, 1, 0		0	4
77	77	0	0	3/4	1	1	vi(11)	A	I		vi(11)	vi			11				m	0	0	3, 0, 4	2	3	3
77	77	1/4	1/4	3/4	1	1	vi	A	I		vi	vi							m	0	0	3, 0, 4		3	3
78	78	0	0	3/4	1	1	V64(2)/V	A	I		V64(2)/V	V		64	2	V			M	0	0	3, 4, 6		2	3
78	78	1/2	1/2	3/4	1	1	V/V	A	I		V/V	V				V			M	0	0	2, 6, 3		2	2
79	79	0	0	3/4	1	1	V(4)	A	I		V(4)	V			4				M	0	0	1, 0, 2		1	1
79	79	1/4	1/4	3/4	1	1	V	A	I		V	V							M	0	0	1, 5, 2		1	1
80	80	0	0	3/4	1	1	vi	A	I		vi	vi							m	0	0	3, 0, 4		3	3
80	80	1/2	1/2	3/4	1	1	vi6	A	I		vi6	vi		6					m	0	0	0, 4, 3		3	0
81	81	0	0	3/4	1	1	#viio/ii	A	I		#viio/ii	#vii	o			ii			o	0	0	7, 4, 1		7	7
81	81	1/4	1/4	3/4	1	1	ii(9)	A	I		ii(9)	ii			9				m	0	0	2, -1, 3	4	2	2
81	81	1/2	1/2	3/4	1	1	ii6	A	I		ii6	ii		6					m	0	0	-1, 3, 2		2	-1
82	82	0	0	3/4	1	1	#viio6/V	A	I		#viio6/V	#vii	o	6		V			o	0	0	10, 7, 13		13	10
82	82	1/4	1/4	3/4	1	1	V6(9)	A	I		V6(9)	V		6	9				M	0	0	5, 2, 1	3	1	5
82	82	1/2	1/2	3/4	1	1	V64	A	I		V64	V		64					M	0	0	2, 1, 5		1	2
83	83	0	0	3/4	1	1	viio	A	I		viio	vii	o						o	0	0	5, 2, -1		5	5
83	83	1/4	1/4	3/4	1	1	I(9)	A	I		I(9)	I			9				M	0	0	0, 4, 1	2	0	0
83	83	1/2	1/2	3/4	1	1	I6	A	I		I6	I		6					M	0	0	4, 1, 0		0	4
84	84	0	0	3/4	1	1	I	A	I		I	I							M	0	0	0, 4, 1		0	0
84	84	1/2	1/2	3/4	1	1	viio	A	I		viio	vii	o						o	0	0	5, 2, -1		5	5
85	85	0	0	3/4	1	1	III	A	I		III	III							M	0	0	4, 8, 5		4	4
85	85	1/4	1/4	3/4	1	1	IV(11)	A	I		IV(11)	IV			11				M	0	0	-1, 3, 0	5	-1	-1
85	85	1/2	1/2	3/4	1	1	IV	A	I		IV	IV							M	0	0	-1, 3, 0		-1	-1
86	86	0	0	3/4	1	1	#viio/V	A	I		#viio/V	#vii	o			V			o	0	0	13, 10, 7		13	13
86	86	1/4	1/4	3/4	1	1	V(9)	A	I		V(9)	V			9				M	0	0	1, 5, 2	3	1	1
86	86	1/2	1/2	3/4	1	1	V	A	I		V	V							M	0	0	1, 5, 2		1	1
87	87	0	0	3/4	1	1	viio6	A	I		viio6	vii	o	6					o	0	0	2, -1, 5		5	2
87	87	1/4	1/4	3/4	1	1	I6(6)	A	I		I6(6)	I		6	6				M	0	0	4, 3, 0		0	4
87	87	1/2	1/2	3/4	1	1	I6	A	I		I6	I		6					M	0	0	4, 1, 0		0	4
88	88	0	0	3/4	1	1	I	A	I		I	I							M	0	0	0, 4, 1		0	0
88	88	1/2	1/2	3/4	1	1	I6(2)	A	I		I6(2)	I		6	2				M	0	0	4, 1, 2		0	4
88	88	5/8	5/8	3/4	1	1	I6	A	I		I6	I		6					M	0	0	4, 1, 0		0	4
89	89	0	0	3/4	1	1	V+6/IV	A	I		V+6/IV	V	+	6		IV			+	0	0	4, 8, 0		0	4
89	89	1/4	1/4	3/4	1	1	IV	A	I		IV	IV							M	0	0	-1, 3, 0		-1	-1
89	89	1/2	1/2	3/4	1	1	IV6	A	I		IV6	IV		6					M	0	0	3, 0, -1		-1	3
90	90	0	0	3/4	1	1	ii(112)	A	I		ii(112)	ii			112				m	0	0	4, -1, 3	1	2	4
90	90	1/4	1/4	3/4	1	1	ii	A	I		ii	ii							m	0	0	2, -1, 3		2	2
90	90	1/2	1/2	3/4	1	1	ii6(2)	A	I		ii6(2)	ii		6	2				m	0	0	-1, 3, 4		2	-1
90	90	5/8	5/8	3/4	1	1	ii6	A	I		ii6	ii		6					m	0	0	-1, 3, 2		2	-1
91	91	0	0	3/4	1	1	V6/V	A	I		V6/V	V		6		V			M	0	0	6, 3, 2		2	6
91	91	1/4	1/4	3/4	1	1	V	A	I		V	V							M	0	0	1, 5, 2		1	1
91	91	1/2	1/2	3/4	1	1	viio(9)	A	I		viio(9)	vii	o		9				o	0	0	5, 2, -1	0	5	5
91	91	5/8	5/8	3/4	1	1	viio	A	I		viio	vii	o						o	0	0	5, 2, -1		5	5
92	92	0	0	3/4	1	1	iii	A	I		iii	iii							m	0	0	4, 1, 5		4	4
92	92	1/2	1/2	3/4	1	1	iii6(2)	A	I		iii6(2)	iii		6	2				m	0	0	1, 5, -1		4	1
92	92	5/8	5/8	3/4	1	1	iii6	A	I		iii6	iii		6					m	0	0	1, 5, 4		4	1
93	93	0	0	3/4	1	1	#viio/vi	A	I		#viio/vi	#vii	o			vi			o	0	0	8, 5, 2		8	8
93	93	1/4	1/4	3/4	1	1	vi	A	I		vi	vi							m	0	0	3, 0, 4		3	3
93	93	1/2	1/2	3/4	1	1	V7/IV	A	I		V7/IV	V		7		IV			Mm7	0	0	0, 4, 1, -2		0	0
94	94	0	0	3/4	1	1	V65/IV	A	I		V65/IV	V		65		IV			Mm7	0	0	4, 1, -2, 0		0	4
94	94	1/4	1/4	3/4	1	1	IV	A	I		IV	IV							M	0	0	-1, 3, 0		-1	-1
94	94	1/2	1/2	3/4	1	1	V7/ii	A	I		V7/ii	V		7		ii			Mm7	0	0	3, 7, 4, 1		3	3
95	95	0	0	3/4	1	1	V65/ii	A	I		V65/ii	V		65		ii			Mm7	0	0	7, 4, 1, 3		3	7
95	95	1/4	1/4	3/4	1	1	ii	A	I		ii	ii							m	0	0	2, -1, 3		2	2
95	95	1/2	1/2	3/4	1	1	V7	A	I		V7	V		7					Mm7	0	0	1, 5, 2, -1		1	1
96	96	0	0	3/4	1	1	V65	A	I		V65	V		65					Mm7	0	0	5, 2, -1, 1		1	5
96	96	1/4	1/4	3/4	1	1	I	A	I		I	I							M	0	0	0, 4, 1		0	0
96	96	1/2	1/2	3/4	1	1	V(6)/ii	A	I		V(6)/ii	V			6	ii			M	0	0	3, 7, -1		3	3
96	96	5/8	5/8	3/4	1	1	V2/ii	A	I		V2/ii	V		2		ii			Mm7	0	0	1, 3, 7, 4		3	1
97	97	1/4	1/4	3/4	1	1	ii6	A	I		ii6	ii		6					m	0	0	-1, 3, 2		2	-1
97	97	1/2	1/2	3/4	1	1	iiio6	A	I		iiio6	iii	o	6					o	0	0	1, -2, 4		4	1
97	97	5/8	5/8	3/4	1	1	V2	A	I		V2	V		2					Mm7	0	0	-1, 1, 5, 2		1	-1
98	98	1/8	1/8	3/4	1	1	V43	A	I		V43	V		43					Mm7	0	0	2, -1, 1, 5		1	2
98	98	1/4	1/4	3/4	1	1	I6	A	I		I6	I		6					M	0	0	4, 1, 0		0	4
98	98	1/2	1/2	3/4	1	1	V7	A	I		V7	V		7					Mm7	0	0	1, 5, 2, -1		1	1
98	98	5/8	5/8	3/4	1	1	V(64)	A	I		V(64)	V			64				M	0	0	1, 0, 4		1	1
99	99	1/4	1/4	3/4	1	1	V7	A	I		V7	V		7					Mm7	0	0	1, 5, 2, -1		1	1
99	99	1/2	1/2	3/4	1	1	V(6)	A	I		V(6)	V			6				M	0	0	1, 5, 4		1	1
99	99	5/8	5/8	3/4	1	1	V7	A	I		V7	V		7					Mm7	0	0	1, 5, 2, -1		1	1
100	100	1/4	1/4	3/4	1	1	I\\	A	I		I	I						\\	M	0	0	0, 4, 1		0	0
100	100	1/2	1/2	3/4	1	1	I	A	I		I	I							M	0	0	0, 4, 1		0	0
101	101	1/2	1/2	3/4	1	1	.bIII.I	A	bIII		I	I							M	0	0	0, 4, 1		0	0
105	105	0	0	3/4	1	1	I.V	A	I		V	V							M	0	0	1, 5, 2		1	1
105	105	1/4	1/4	3/4	1	1	I\\	A	I		I	I						\\	M	0	0	0, 4, 1		0	0
105	105	1/2	1/2	3/4	1	1	vi6	A	I		vi6	vi		6					m	0	0	0, 4, 3		3	0
105	105	5/8	5/8	3/4	1	1	V6	A	I		V6	V		6					M	0	0	5, 2, 1		1	5
106	106	0	0	3/4	1	1	iii6	A	I		iii6	iii		6					m	0	0	1, 5, 4		4	1
106	106	1/4	1/4	3/4	1	1	#iv	A	I		#iv	#iv							m	0	0	6, 3, 7		6	6
106	106	1/2	1/2	3/4	1	1	I6	A	I		I6	I		6					M	0	0	4, 1, 0		0	4
107	107	0	0	3/4	1	1	#vo6	A	I		#vo6	#v	o	6					o	0	0	5, 2, 8		8	5
107	107	1/4	1/4	3/4	1	1	I	A	I		I	I							M	0	0	0, 4, 1		0	0
107	107	1/2	1/2	3/4	1	1	vii6	A	I		vii6	vii		6					m	0	0	2, 6, 5		5	2
107	107	5/8	5/8	3/4	1	1	vi6	A	I		vi6	vi		6					m	0	0	0, 4, 3		3	0
108	108	0	0	3/4	1	1	#viio6/V	A	I		#viio6/V	#vii	o	6		V			o	0	0	10, 7, 13		13	10
108	108	1/4	1/4	3/4	1	1	V6	A	I		V6	V		6					M	0	0	5, 2, 1		1	5
108	108	1/2	1/2	3/4	1	1	vii	A	I		vii	vii							m	0	0	5, 2, 6		5	5
109	109	0	0	3/4	1	1	#viio/V	A	I		#viio/V	#vii	o			V			o	0	0	13, 10, 7		13	13
109	109	1/4	1/4	3/4	1	1	V	A	I		V	V							M	0	0	1, 5, 2		1	1
109	109	1/2	1/2	3/4	1	1	#viio64/V	A	I		#viio64/V	#vii	o	64		V			o	0	0	7, 13, 10		13	7
109	109	5/8	5/8	3/4	1	1	V6	A	I		V6	V		6					M	0	0	5, 2, 1		1	5
110	110	1/8	1/8	3/4	1	1	iii7	A	I		iii7	iii		7					mm7	0	0	4, 1, 5, 2		4	4
110	110	1/4	1/4	3/4	1	1	#ivo	A	I		#ivo	#iv	o						o	0	0	6, 3, 0		6	6
110	110	1/2	1/2	3/4	1	1	#vii%7/V	A	I		#vii%7/V	#vii	%	7		V			%7	0	0	13, 12, 19, 11		13	13
110	110	5/8	5/8	3/4	1	1	V	A	I		V	V							M	0	0	1, 5, 2		1	1
111	111	0	0	3/4	1	1	#viio/vi	A	I		#viio/vi	#vii	o			vi			o	0	0	8, 5, 2		8	8
111	111	1/8	1/8	3/4	1	1	#viio64/vi	A	I		#viio64/vi	#vii	o	64		vi			o	0	0	2, 8, 5		8	2
111	111	1/4	1/4	3/4	1	1	vi	A	I		vi	vi							m	0	0	3, 0, 4		3	3
111	111	1/2	1/2	3/4	1	1	V64	A	I		V64	V		64					M	0	0	2, 1, 5		1	2
111	111	5/8	5/8	3/4	1	1	vi6	A	I		vi6	vi		6					m	0	0	0, 4, 3		3	0
112	112	1/8	1/8	3/4	1	1	#vii%7/V	A	I		#vii%7/V	#vii	%	7		V			%7	0	0	13, 12, 19, 11		13	13
112	112	1/4	1/4	3/4	1	1	V6	A	I		V6	V		6					M	0	0	5, 2, 1		1	5
112	112	1/2	1/2	3/4	1	1	vii%7	A	I		vii%7	vii	%	7					%7	0	0	5, 4, 11, 3		5	5
112	112	5/8	5/8	3/4	1	1	I	A	I		I	I							M	0	0	0, 4, 1		0	0
113	113	0	0	3/4	1	1	#viio/ii	A	I		#viio/ii	#vii	o			ii			o	0	0	7, 4, 1		7	7
113	113	1/4	1/4	3/4	1	1	ii	A	I		ii	ii							m	0	0	2, -1, 3		2	2
113	113	1/2	1/2	3/4	1	1	V(6)	A	I		V(6)	V			6				M	0	0	1, 5, 4		1	1
113	113	5/8	5/8	3/4	1	1	V7	A	I		V7	V		7					Mm7	0	0	1, 5, 2, -1		1	1
114	114	0	0	3/4	1	1	V65	A	I		V65	V		65					Mm7	0	0	5, 2, -1, 1		1	5
114	114	1/4	1/4	3/4	1	1	viio6(112)	A	I		viio6(112)	vii	o	6	112				o	0	0	2, -1, 0	4	5	2
114	114	3/8	3/8	3/4	1	1	viio6	A	I		viio6	vii	o	6					o	0	0	2, -1, 5		5	2
114	114	1/2	1/2	3/4	1	1	V7	A	I		V7	V		7					Mm7	0	0	1, 5, 2, -1		1	1
115	115	1/2	1/2	3/4	1	1	vii%7	A	I		vii%7	vii	%	7					%7	0	0	5, 4, 11, 3		5	5
116	116	0	0	3/4	1	1	IV	A	I		IV	IV							M	0	0	-1, 3, 0		-1	-1
117	117	0	0	3/4	1	1	I(112)	A	I		I(112)	I			112				M	0	0	2, 4, 1	-1	0	2
117	117	1/4	1/4	3/4	1	1	I	A	I		I	I							M	0	0	0, 4, 1		0	0
118	118	0	0	3/4	1	1	IV	A	I		IV	IV							M	0	0	-1, 3, 0		-1	-1
118	118	1/4	1/4	3/4	1	1	vii%43	A	I		vii%43	vii	%	43					%7	0	0	11, 3, 5, 4		5	11
118	118	1/2	1/2	3/4	1	1	viio6	A	I		viio6	vii	o	6					o	0	0	2, -1, 5		5	2
119	119	0	0	3/4	1	1	I(112)	A	I		I(112)	I			112				M	0	0	2, 4, 1	-1	0	2
119	119	1/4	1/4	3/4	1	1	I	A	I		I	I							M	0	0	0, 4, 1		0	0
120	120	0	0	3/4	1	1	V6(64)	A	I		V6(64)	V		6	64				M	0	0	0, 4, 1		1	0
120	120	1/4	1/4	3/4	1	1	V6	A	I		V6	V		6					M	0	0	5, 2, 1		1	5
121	121	0	0	3/4	1	1	V7	A	I		V7	V		7					Mm7	0	0	1, 5, 2, -1		1	1
121	121	1/4	1/4	3/4	1	1	V(64)	A	I		V(64)	V			64				M	0	0	1, 0, 4		1	1
122	122	0	0	3/4	1	1	V(64)	A	I		V(64)	V			64				M	0	0	1, 0, 4		1	1
122	122	1/4	1/4	3/4	1	1	V	A	I		V	V							M	0	0	1, 5, 2		1	1
123	123	0	0	3/4	1	1	V6	A	I		V6	V		6					M	0	0	5, 2, 1		1	5
123	123	1/4	1/4	3/4	1	1	I	A	I		I	I							M	0	0	0, 4, 1		0	0
124	124	0	0	3/4	1	1	viio	A	I		viio	vii	o						o	0	0	5, 2, -1		5	5
124	124	1/4	1/4	3/4	1	1	I(42)	A	I		I(42)	I			42				M	0	0	2, -1, 1		0	2
124	124	1/2	1/2	3/4	1	1	I	A	I		I	I							M	0	0	0, 4, 1		0	0
125	125	0	0	3/4	1	1	V7	A	I		V7	V		7					Mm7	0	0	1, 5, 2, -1		1	1
125	125	1/4	1/4	3/4	1	1	I\\	A	I		I	I						\\	M	0	0	0, 4, 1		0	0
126	126	0	0	3/4	1	1	I[I	A	I	I	I	I							M	0	0	0, 4, 1		0	0
130	130	0	0	3/4	1	1	IV	A	I		IV	IV							M	0	0	-1, 3, 0		-1	-1
130	130	1/4	1/4	3/4	1	1	I6	A	I		I6	I		6					M	0	0	4, 1, 0		0	4
130	130	1/2	1/2	3/4	1	1	ii	A	I		ii	ii							m	0	0	2, -1, 3		2	2
131	131	0	0	3/4	1	1	I6	A	I		I6	I		6					M	0	0	4, 1, 0		0	4
131	131	1/4	1/4	3/4	1	1	V64	A	I		V64	V		64					M	0	0	2, 1, 5		1	2
131	131	1/2	1/2	3/4	1	1	I	A	I		I	I							M	0	0	0, 4, 1		0	0
132	132	0	0	3/4	1	1	ii	A	I		ii	ii							m	0	0	2, -1, 3		2	2
132	132	1/4	1/4	3/4	1	1	I	A	I		I	I							M	0	0	0, 4, 1		0	0
132	132	1/2	1/2	3/4	1	1	ii	A	I		ii	ii							m	0	0	2, -1, 3		2	2
133	133	1/4	1/4	3/4	1	1	I6	A	I		I6	I		6					M	0	0	4, 1, 0		0	4
134	134	0	0	3/4	1	1	IV	A	I		IV	IV							M	0	0	-1, 3, 0		-1	-1
134	134	1/4	1/4	3/4	1	1	I6	A	I		I6	I		6					M	0	0	4, 1, 0		0	4
134	134	1/2	1/2	3/4	1	1	ii	A	I		ii	ii							m	0	0	2, -1, 3		2	2
135	135	0	0	3/4	1	1	I6	A	I		I6	I		6					M	0	0	4, 1, 0		0	4
135	135	1/2	1/2	3/4	1	1	I	A	I		I	I							M	0	0	0, 4, 1		0	0
136	136	0	0	3/4	1	1	ii	A	I		ii	ii							m	0	0	2, -1, 3		2	2
136	136	1/4	1/4	3/4	1	1	I	A	I		I	I							M	0	0	0, 4, 1		0	0
136	136	1/2	1/2	3/4	1	1	ii	A	I		ii	ii							m	0	0	2, -1, 3		2	2
137	137	0	0	3/4	1	1	I64	A	I		I64	I		64					M	0	0	1, 0, 4		0	1
137	137	1/2	1/2	3/4	1	1	I	A	I		I	I							M	0	0	0, 4, 1		0	0
141	141	0	0	3/4	1	1	IV	A	I		IV	IV							M	0	0	-1, 3, 0		-1	-1
141	141	1/4	1/4	3/4	1	1	I6	A	I		I6	I		6					M	0	0	4, 1, 0		0	4
141	141	1/2	1/2	3/4	1	1	ii	A	I		ii	ii							m	0	0	2, -1, 3		2	2
142	142	0	0	3/4	1	1	I6	A	I		I6	I		6					M	0	0	4, 1, 0		0	4
142	142	1/4	1/4	3/4	1	1	V64	A	I		V64	V		64					M	0	0	2, 1, 5		1	2
142	142	1/2	1/2	3/4	1	1	I	A	I		I	I							M	0	0	0, 4, 1		0	0
143	143	0	0	3/4	1	1	ii	A	I		ii	ii							m	0	0	2, -1, 3		2	2
143	143	1/4	1/4	3/4	1	1	I	A	I		I	I							M	0	0	0, 4, 1		0	0
143	143	1/2	1/2	3/4	1	1	ii	A	I		ii	ii							m	0	0	2, -1, 3		2	2
144	144	1/4	1/4	3/4	1	1	I6	A	I		I6	I		6					M	0	0	4, 1, 0		0	4
145	145	0	0	3/4	1	1	IV	A	I		IV	IV							M	0	0	-1, 3, 0		-1	-1
145	145	1/4	1/4	3/4	1	1	I6	A	I		I6	I		6					M	0	0	4, 1, 0		0	4
145	145	1/2	1/2	3/4	1	1	ii	A	I		ii	ii							m	0	0	2, -1, 3		2	2
146	146	0	0	3/4	1	1	I6	A	I		I6	I		6					M	0	0	4, 1, 0		0	4
146	146	1/2	1/2	3/4	1	1	I	A	I		I	I							M	0	0	0, 4, 1		0	0
147	147	0	0	3/4	1	1	ii	A	I		ii	ii							m	0	0	2, -1, 3		2	2
147	147	1/4	1/4	3/4	1	1	I	A	I		I	I							M	0	0	0, 4, 1		0	0
147	147	1/2	1/2	3/4	1	1	IV	A	I		IV	IV							M	0	0	-1, 3, 0		-1	-1
148	148	0	0	3/4	1	1	I]	A	I		I	I					]		M	0	0	0, 4, 1		0	0
148	148	1/2	1/2	3/4	1	1	V65/vi	A	I		V65/vi	V		65		vi			Mm7	0	0	8, 5, 2, 4		4	8
149	149	0	0	3/4	1	1	V6/vi	A	I		V6/vi	V		6		vi			M	0	0	8, 5, 4		4	8
149	149	1/2	1/2	3/4	1	1	vi	A	I		vi	vi							m	0	0	3, 0, 4		3	3
150	150	1/2	1/2	3/4	1	1	V6/V	A	I		V6/V	V		6		V			M	0	0	6, 3, 2		2	6
151	151	1/2	1/2	3/4	1	1	V	A	I		V	V							M	0	0	1, 5, 2		1	1
152	152	1/2	1/2	3/4	1	1	V.V43	A	V		V43	V		43					Mm7	0	0	2, -1, 1, 5		1	2
154	154	0	0	3/4	1	1	V6	A	V		V6	V		6					M	0	0	5, 2, 1		1	5
154	154	1/2	1/2	3/4	1	1	I	A	V		I	I							M	0	0	0, 4, 1		0	0
155	155	0	0	3/4	1	1	V(64)	A	V		V(64)	V			64				M	0	0	1, 0, 4		1	1
155	155	1/2	1/2	3/4	1	1	V7	A	V		V7	V		7					Mm7	0	0	1, 5, 2, -1		1	1
156	156	0	0	3/4	1	1	I\\	A	V		I	I						\\	M	0	0	0, 4, 1		0	0
156	156	1/8	1/8	3/4	1	1	I	A	V		I	I							M	0	0	0, 4, 1		0	0
156	156	1/2	1/2	3/4	1	1	V6/ii	A	V		V6/ii	V		6		ii			M	0	0	7, 4, 3		3	7
157	157	1/2	1/2	3/4	1	1	ii6	A	V		ii6	ii		6					m	0	0	-1, 3, 2		2	-1
158	158	1/2	1/2	3/4	1	1	V6	A	V		V6	V		6					M	0	0	5, 2, 1		1	5
159	159	1/2	1/2	3/4	1	1	I6	A	V		I6	I		6					M	0	0	4, 1, 0		0	4
160	160	1/4	1/4	3/4	1	1	I	A	V		I	I							M	0	0	0, 4, 1		0	0
160	160	1/2	1/2	3/4	1	1	I.V6/ii	A	I		V6/ii	V		6		ii			M	0	0	7, 4, 3		3	7
161	161	0	0	3/4	1	1	V65/ii	A	I		V65/ii	V		65		ii			Mm7	0	0	7, 4, 1, 3		3	7
161	161	1/2	1/2	3/4	1	1	ii	A	I		ii	ii							m	0	0	2, -1, 3		2	2
162	162	1/2	1/2	3/4	1	1	V6	A	I		V6	V		6					M	0	0	5, 2, 1		1	5
163	163	1/2	1/2	3/4	1	1	I	A	I		I	I							M	0	0	0, 4, 1		0	0
164	164	1/2	1/2	3/4	1	1	V.I	A	V		I	I							M	0	0	0, 4, 1		0	0
165	165	1/2	1/2	3/4	1	1	V65	A	V		V65	V		65					Mm7	0	0	5, 2, -1, 1		1	5
166	166	1/2	1/2	3/4	1	1	I	A	V		I	I							M	0	0	0, 4, 1		0	0
167	167	1/2	1/2	3/4	1	1	V	A	V		V	V							M	0	0	1, 5, 2		1	1
168	168	1/2	1/2	3/4	1	1	I	A	V		I	I							M	0	0	0, 4, 1		0	0
169	169	1/2	1/2	3/4	1	1	V65	A	V		V65	V		65					Mm7	0	0	5, 2, -1, 1		1	5
170	170	1/2	1/2	3/4	1	1	I	A	V		I	I							M	0	0	0, 4, 1		0	0
171	171	1/2	1/2	3/4	1	1	V	A	V		V	V							M	0	0	1, 5, 2		1	1
172	172	1/2	1/2	3/4	1	1	V6/ii	A	V		V6/ii	V		6		ii			M	0	0	7, 4, 3		3	7
173	173	1/2	1/2	3/4	1	1	ii	A	V		ii	ii							m	0	0	2, -1, 3		2	2
174	174	1/2	1/2	3/4	1	1	V6	A	V		V6	V		6					M	0	0	5, 2, 1		1	5
175	175	1/2	1/2	3/4	1	1	I	A	V		I	I							M	0	0	0, 4, 1		0	0
176	176	1/2	1/2	3/4	1	1	V43	A	V		V43	V		43					Mm7	0	0	2, -1, 1, 5		1	2
178	178	0	0	3/4	1	1	I6	A	V		I6	I		6					M	0	0	4, 1, 0		0	4
178	178	1/2	1/2	3/4	1	1	IV	A	V		IV	IV							M	0	0	-1, 3, 0		-1	-1
179	179	0	0	3/4	1	1	V(64)	A	V		V(64)	V			64				M	0	0	1, 0, 4		1	1
179	179	1/2	1/2	3/4	1	1	V7	A	V		V7	V		7					Mm7	0	0	1, 5, 2, -1		1	1
180	180	0	0	3/4	1	1	I\\	A	V		I	I						\\	M	0	0	0, 4, 1		0	0
180	180	1/4	1/4	3/4	1	1	I.V6	A	I		V6	V		6					M	0	0	5, 2, 1		1	5
180	180	1/2	1/2	3/4	1	1	V65/ii	A	I		V65/ii	V		65		ii			Mm7	0	0	7, 4, 1, 3		3	7
181	181	1/2	1/2	3/4	1	1	ii6	A	I		ii6	ii		6					m	0	0	-1, 3, 2		2	-1
182	182	1/2	1/2	3/4	1	1	V6	A	I		V6	V		6					M	0	0	5, 2, 1		1	5
183	183	1/2	1/2	3/4	1	1	I6	A	I		I6	I		6					M	0	0	4, 1, 0		0	4
184	184	1/2	1/2	3/4	1	1	I	A	I		I	I							M	0	0	0, 4, 1		0	0
185	185	1/2	1/2	3/4	1	1	V7	A	I		V7	V		7					Mm7	0	0	1, 5, 2, -1		1	1
186	186	1/2	1/2	3/4	1	1	I	A	I		I	I							M	0	0	0, 4, 1		0	0
187	187	1/2	1/2	3/4	1	1	V	A	I		V	V							M	0	0	1, 5, 2		1	1
188	188	1/2	1/2	3/4	1	1	I	A	I		I	I							M	0	0	0, 4, 1		0	0
189	189	1/2	1/2	3/4	1	1	V7	A	I		V7	V		7					Mm7	0	0	1, 5, 2, -1		1	1
190	190	1/2	1/2	3/4	1	1	I	A	I		I	I							M	0	0	0, 4, 1		0	0
191	191	1/2	1/2	3/4	1	1	V	A	I		V	V							M	0	0	1, 5, 2		1	1
192	192	1/2	1/2	3/4	1	1	@none	A	I		@none	@none							m	0	0				
193	193	1/2	1/2	3/4	1	1	ii6	A	I		ii6	ii		6					m	0	0	-1, 3, 2		2	-1
193	193	5/8	5/8	3/4	1	1	#viio6/ii	A	I		#viio6/ii	#vii	o	6		ii			o	0	0	4, 1, 7		7	4
194	194	0	0	3/4	1	1	ii6	A	I		ii6	ii		6					m	0	0	-1, 3, 2		2	-1
194	194	1/4	1/4	3/4	1	1	ii	A	I		ii	ii							m	0	0	2, -1, 3		2	2
194	194	3/8	3/8	3/4	1	1	ii6	A	I		ii6	ii		6					m	0	0	-1, 3, 2		2	-1
194	194	1/2	1/2	3/4	1	1	V6	A	I		V6	V		6					M	0	0	5, 2, 1		1	5
195	195	0	0	3/4	1	1	V	A	I		V	V							M	0	0	1, 5, 2		1	1
195	195	1/2	1/2	3/4	1	1	I6	A	I		I6	I		6					M	0	0	4, 1, 0		0	4
195	195	5/8	5/8	3/4	1	1	viio6	A	I		viio6	vii	o	6					o	0	0	2, -1, 5		5	2
196	196	0	0	3/4	1	1	I6	A	I		I6	I		6					M	0	0	4, 1, 0		0	4
196	196	1/8	1/8	3/4	1	1	viio6	A	I		viio6	vii	o	6					o	0	0	2, -1, 5		5	2
196	196	1/4	1/4	3/4	1	1	I	A	I		I	I							M	0	0	0, 4, 1		0	0
196	196	3/8	3/8	3/4	1	1	I6	A	I		I6	I		6					M	0	0	4, 1, 0		0	4
196	196	1/2	1/2	3/4	1	1	IV6	A	I		IV6	IV		6					M	0	0	3, 0, -1		-1	3
197	197	1/4	1/4	3/4	1	1	IV	A	I		IV	IV							M	0	0	-1, 3, 0		-1	-1
198	198	0	0	3/4	1	1	I6	A	I		I6	I		6					M	0	0	4, 1, 0		0	4
198	198	1/2	1/2	3/4	1	1	IV	A	I		IV	IV							M	0	0	-1, 3, 0		-1	-1
199	199	0	0	3/4	1	1	V(64)	A	I		V(64)	V			64				M	0	0	1, 0, 4		1	1
199	199	1/2	1/2	3/4	1	1	V7	A	I		V7	V		7					Mm7	0	0	1, 5, 2, -1		1	1
200	200	0	0	3/4	1	1	I\\	A	I		I	I						\\	M	0	0	0, 4, 1		0	0
200	200	1/8	1/8	3/4	1	1	I	A	I		I	I							M	0	0	0, 4, 1		0	0
200	200	1/2	1/2	3/4	1	1	V6/ii	A	I		V6/ii	V		6		ii			M	0	0	7, 4, 3		3	7
201	201	1/2	1/2	3/4	1	1	ii6	A	I		ii6	ii		6					m	0	0	-1, 3, 2		2	-1
202	202	1/2	1/2	3/4	1	1	V6	A	I		V6	V		6					M	0	0	5, 2, 1		1	5
203	203	1/2	1/2	3/4	1	1	I	A	I		I	I							M	0	0	0, 4, 1		0	0
204	204	0	0	3/4	1	1	I6	A	I		I6	I		6					M	0	0	4, 1, 0		0	4
204	204	1/2	1/2	3/4	1	1	IV6	A	I		IV6	IV		6					M	0	0	3, 0, -1		-1	3
205	205	1/2	1/2	3/4	1	1	IV	A	I		IV	IV							M	0	0	-1, 3, 0		-1	-1
206	206	0	0	3/4	1	1	I6	A	I		I6	I		6					M	0	0	4, 1, 0		0	4
206	206	1/2	1/2	3/4	1	1	IV	A	I		IV	IV							M	0	0	-1, 3, 0		-1	-1
207	207	0	0	3/4	1	1	V(64)	A	I		V(64)	V			64				M	0	0	1, 0, 4		1	1
207	207	1/2	1/2	3/4	1	1	V7	A	I		V7	V		7					Mm7	0	0	1, 5, 2, -1		1	1
208	208	0	0	3/4	1	1	I\\	A	I		I	I						\\	M	0	0	0, 4, 1		0	0
208	208	1/8	1/8	3/4	1	1	I	A	I		I	I							M	0	0	0, 4, 1		0	0
208	208	1/2	1/2	3/4	1	1	IV6	A	I		IV6	IV		6					M	0	0	3, 0, -1		-1	3
209	209	1/4	1/4	3/4	1	1	IV	A	I		IV	IV							M	0	0	-1, 3, 0		-1	-1
210	210	0	0	3/4	1	1	I6	A	I		I6	I		6					M	0	0	4, 1, 0		0	4
210	210	1/2	1/2	3/4	1	1	IV	A	I		IV	IV							M	0	0	-1, 3, 0		-1	-1
211	211	0	0	3/4	1	1	V(64)	A	I		V(64)	V			64				M	0	0	1, 0, 4		1	1
211	211	1/2	1/2	3/4	1	1	V7	A	I		V7	V		7					Mm7	0	0	1, 5, 2, -1		1	1
212	212	0	0	3/4	1	1	I\\	A	I		I	I						\\	M	0	0	0, 4, 1		0	0
212	212	1/4	1/4	3/4	1	1	I6	A	I		I6	I		6					M	0	0	4, 1, 0		0	4
214	214	0	0	3/4	1	1	@none	A	I		@none	@none							m	0	0				
216	216	0	0	3/4	1	1	iii.V	A	iii		V	V							M	0	1	1, 5, 2		1	1
218	218	0	0	3/4	1	1	i	A	iii		i	i							m	0	1	0, -3, 1		0	0
219	219	0	0	3/4	1	1	iv	A	iii		iv	iv							m	0	1	-1, -4, 0		-1	-1
219	219	1/2	1/2	3/4	1	1	i64	A	iii		i64	i		64					m	0	1	1, 0, -3		0	1
220	220	0	0	3/4	1	1	i	A	iii		i	i							m	0	1	0, -3, 1		0	0
222	222	0	0	3/4	1	1	@none	A	iii		@none	@none							m	0	1				
223	223	0	0	3/4	1	1	iv	A	iii		iv	iv							m	0	1	-1, -4, 0		-1	-1
224	224	0	0	3/4	1	1	V	A	iii		V	V							M	0	1	1, 5, 2		1	1
226	226	0	0	2/2	1	1	i	A	iii		i	i							m	0	1	0, -3, 1		0	0
227	227	0	0	2/2	1	1	iv	A	iii		iv	iv							m	0	1	-1, -4, 0		-1	-1
227	227	1/2	1/2	2/2	1	1	V	A	iii		V	V							M	0	1	1, 5, 2		1	1
228	228	0	0	2/2	1	1	i	A	iii		i	i							m	0	1	0, -3, 1		0	0
228	228	1/2	1/2	2/2	1	1	I.I[I	A	I	I	I	I							M	0	0	0, 4, 1		0	0
232	232	0	0	3/4	1	1	IV	A	I		IV	IV							M	0	0	-1, 3, 0		-1	-1
232	232	1/4	1/4	3/4	1	1	I6	A	I		I6	I		6					M	0	0	4, 1, 0		0	4
232	232	1/2	1/2	3/4	1	1	ii	A	I		ii	ii							m	0	0	2, -1, 3		2	2
233	233	0	0	3/4	1	1	I	A	I		I	I							M	0	0	0, 4, 1		0	0
233	233	1/4	1/4	3/4	1	1	V	A	I		V	V							M	0	0	1, 5, 2		1	1
233	233	1/2	1/2	3/4	1	1	I	A	I		I	I							M	0	0	0, 4, 1		0	0
234	234	0	0	3/4	1	1	ii	A	I		ii	ii							m	0	0	2, -1, 3		2	2
234	234	1/4	1/4	3/4	1	1	I	A	I		I	I							M	0	0	0, 4, 1		0	0
234	234	1/2	1/2	3/4	1	1	ii	A	I		ii	ii							m	0	0	2, -1, 3		2	2
235	235	1/4	1/4	3/4	1	1	I6	A	I		I6	I		6					M	0	0	4, 1, 0		0	4
236	236	0	0	3/4	1	1	IV	A	I		IV	IV							M	0	0	-1, 3, 0		-1	-1
236	236	1/4	1/4	3/4	1	1	I6	A	I		I6	I		6					M	0	0	4, 1, 0		0	4
236	236	1/2	1/2	3/4	1	1	ii	A	I		ii	ii							m	0	0	2, -1, 3		2	2
237	237	0	0	3/4	1	1	I6	A	I		I6	I		6					M	0	0	4, 1, 0		0	4
238	238	0	0	3/4	1	1	ii	A	I		ii	ii							m	0	0	2, -1, 3		2	2
238	238	1/4	1/4	3/4	1	1	I	A	I		I	I							M	0	0	0, 4, 1		0	0
238	238	1/2	1/2	3/4	1	1	IV	A	I		IV	IV							M	0	0	-1, 3, 0		-1	-1
239	239	0	0	3/4	1	1	I64	A	I		I64	I		64					M	0	0	1, 0, 4		0	1
240	240	0	0	3/4	1	1	ii	A	I		ii	ii							m	0	0	2, -1, 3		2	2
240	240	1/4	1/4	3/4	1	1	I	A	I		I	I							M	0	0	0, 4, 1		0	0
240	240	1/2	1/2	3/4	1	1	IV	A	I		IV	IV							M	0	0	-1, 3, 0		-1	-1
241	241	0	0	3/4	1	1	I6	A	I		I6	I		6					M	0	0	4, 1, 0		0	4
241	241	1/2	1/2	3/4	1	1	I	A	I		I	I							M	0	0	0, 4, 1		0	0
242	242	0	0	3/4	1	1	ii	A	I		ii	ii							m	0	0	2, -1, 3		2	2
242	242	1/4	1/4	3/4	1	1	I	A	I		I	I							M	0	0	0, 4, 1		0	0
242	242	1/2	1/2	3/4	1	1	IV	A	I		IV	IV							M	0	0	-1, 3, 0		-1	-1
243	243	0	0	3/4	1	1	I64	A	I		I64	I		64					M	0	0	1, 0, 4		0	1
243	243	1/2	1/2	3/4	1	1	I6	A	I		I6	I		6					M	0	0	4, 1, 0		0	4
245	245	0	0	3/4	1	1	I\\	A	I		I	I						\\	M	0	0	0, 4, 1		0	0
